dosage_form,extraction_steps,api_stability,target_concentration,hist_rsd_precision,hist_r2_linearity,hist_recovery_accuracy,system_suitability_tailing,system_suitability_resolution,elution_type,run_time_minutes,full_validation_required
coated_tablet,3,7.1,6.244,0.549,0.99986,101.11,0.87,1.6,isocratic,23.6,0
coated_tablet,2,6.6,1.052,0.443,0.99999,101.03,0.94,3.14,gradient,14.4,0
coated_tablet,2,3.7,1.243,0.818,0.99999,100.87,0.85,2.3,isocratic,39.3,0
coated_tablet,2,4.2,5.098,0.838,0.99999,100.53,1.04,2.64,gradient,8.9,0
coated_tablet,2,3.0,1.57,0.588,1.0,99.91,1.1,2.07,isocratic,13.0,0
cream,4,2.9,0.73,1.296,0.991275,98.89,1.42,2.31,isocratic,21.7,1
api_powder,1,2.2,0.99,0.426,1.0,99.47,0.8,2.55,isocratic,8.6,0
cream,0,9.0,0.406,0.653,0.99997,99.89,0.86,2.06,isocratic,21.1,0
coated_tablet,2,3.4,3.736,0.495,0.99999,97.77,0.82,1.57,isocratic,19.3,1
api_powder,1,8.6,2.597,0.769,0.999973,100.31,1.05,3.14,gradient,32.6,0
coated_tablet,2,4.2,1.123,1.208,0.999846,100.46,1.25,1.69,isocratic,6.5,0
coated_tablet,1,2.4,1.78,0.552,1.0,100.06,0.93,2.81,isocratic,6.3,0
suspension,2,9.6,1.372,0.319,0.999975,100.53,1.31,2.32,isocratic,24.9,0
coated_tablet,2,7.6,0.406,0.346,0.999461,99.72,1.59,2.72,isocratic,24.4,0
suspension,3,6.7,1.1,0.315,0.999971,100.25,1.34,1.79,gradient,12.3,0
cream,1,3.6,0.571,0.822,0.999905,99.37,0.8,2.01,isocratic,16.2,0
coated_tablet,4,3.1,2.47,0.48,0.999986,101.15,1.2,2.5,gradient,10.4,0
suspension,0,4.9,0.177,0.613,0.998743,100.5,1.2,2.19,gradient,34.3,0
coated_tablet,1,3.9,0.978,0.716,0.99999,100.42,1.48,1.72,isocratic,4.2,0
suspension,1,4.3,1.325,1.144,0.99999,100.08,0.96,1.86,gradient,20.1,1
coated_tablet,0,6.1,3.512,0.223,0.99981,99.55,0.91,1.86,gradient,8.9,0
coated_tablet,2,6.6,0.601,0.785,0.99999,100.21,1.52,2.2,gradient,6.3,0
coated_tablet,0,7.4,0.292,2.035,0.999829,100.87,0.8,2.14,gradient,11.0,1
coated_tablet,0,3.8,0.92,0.551,1.0,100.44,0.8,1.9,isocratic,7.8,0
api_powder,1,8.9,0.499,1.228,0.999986,100.19,1.19,3.39,isocratic,4.6,0
api_powder,2,3.0,1.87,0.596,0.999618,99.48,1.49,2.08,isocratic,11.3,0
cream,4,2.8,0.817,0.366,0.999816,100.97,1.09,1.45,gradient,11.9,1
coated_tablet,1,4.7,0.87,0.402,1.0,99.91,1.2,1.97,isocratic,8.7,0
coated_tablet,2,2.2,1.863,1.325,0.99999,100.21,1.21,2.65,gradient,9.8,0
api_powder,0,4.4,1.96,0.631,1.0,99.7,0.92,2.54,isocratic,5.6,0
api_powder,2,2.0,1.218,0.675,0.999988,99.55,2.54,2.15,gradient,27.6,0
coated_tablet,0,5.0,1.8,0.394,1.0,99.86,1.24,2.48,isocratic,10.0,0
coated_tablet,2,3.2,0.86,0.507,0.99999,100.37,0.8,2.49,gradient,18.2,0
cream,1,1.2,1.404,0.671,0.997629,98.41,1.04,1.46,gradient,43.4,1
coated_tablet,1,2.5,1.515,0.718,0.999314,100.39,1.07,2.72,isocratic,9.2,0
coated_tablet,3,2.2,0.194,0.688,0.999716,99.78,0.82,2.33,isocratic,10.2,0
api_powder,1,2.7,0.83,1.952,0.99999,99.17,0.82,2.76,gradient,6.9,0
suspension,1,8.6,0.189,1.946,0.999921,99.74,1.15,1.87,gradient,21.7,1
coated_tablet,2,5.2,1.173,0.219,0.997373,99.92,1.24,2.41,isocratic,11.8,0
cream,1,1.5,2.468,0.892,0.998793,98.82,0.83,2.83,gradient,5.5,0
suspension,0,1.4,1.016,0.441,0.999959,100.29,1.04,1.43,gradient,8.6,1
cream,1,8.5,0.19,0.616,0.999941,101.74,1.12,2.07,gradient,11.6,1
api_powder,0,1.2,0.76,0.439,1.0,100.31,1.18,2.64,isocratic,10.2,0
api_powder,2,4.5,0.67,0.949,0.997147,99.38,1.2,3.14,isocratic,6.3,0
cream,3,3.9,1.615,0.684,0.999938,99.86,1.12,2.09,isocratic,6.0,0
coated_tablet,0,2.0,1.091,0.777,0.999512,97.98,1.04,1.22,gradient,7.6,1
suspension,1,6.9,0.44,0.323,0.998695,100.2,1.08,2.09,gradient,9.3,0
coated_tablet,2,4.1,0.65,0.272,0.998815,99.95,1.29,1.98,isocratic,12.4,0
cream,2,8.0,1.038,0.619,0.999895,99.3,1.57,2.52,isocratic,17.2,0
suspension,0,8.2,0.736,0.339,0.99999,100.57,1.04,2.74,gradient,20.4,0
cream,2,6.3,2.504,0.252,0.99991,99.23,0.99,1.92,isocratic,32.3,0
coated_tablet,4,1.6,0.522,0.398,0.99999,99.48,0.8,2.7,isocratic,7.3,0
suspension,1,7.8,0.751,0.616,0.999776,101.05,1.1,1.9,gradient,22.2,1
coated_tablet,0,1.9,1.717,1.001,0.999746,99.73,1.07,1.74,isocratic,10.1,0
coated_tablet,3,7.8,0.645,0.749,0.999771,99.13,1.21,3.24,isocratic,15.9,0
suspension,2,4.6,1.677,0.504,0.99999,99.47,1.0,2.13,isocratic,12.6,0
coated_tablet,2,2.2,1.125,0.559,0.999904,99.95,0.89,2.77,isocratic,11.9,0
coated_tablet,1,2.6,0.86,0.691,1.0,100.34,1.16,2.72,isocratic,12.7,0
suspension,2,7.5,2.867,2.657,0.99987,102.03,1.53,2.24,isocratic,29.8,1
suspension,1,3.9,0.982,0.511,0.99999,102.27,1.19,2.33,isocratic,7.9,0
suspension,1,4.1,2.238,0.994,0.999963,99.31,0.8,2.57,isocratic,31.2,0
cream,2,5.6,0.36,0.572,0.999937,99.33,1.16,1.74,gradient,15.4,0
api_powder,1,5.0,1.348,0.744,0.999916,99.87,0.98,2.53,gradient,10.5,0
suspension,2,5.3,0.624,1.018,0.99999,99.55,1.08,2.38,gradient,31.5,0
cream,4,3.3,0.8,1.133,0.995432,98.59,1.16,2.31,isocratic,14.0,1
coated_tablet,4,9.7,1.833,1.19,0.99999,98.55,0.8,1.74,isocratic,10.9,1
api_powder,2,6.4,0.836,0.876,0.999968,99.78,0.94,1.91,isocratic,15.5,0
api_powder,2,1.2,0.818,0.915,0.997617,100.6,0.92,2.3,isocratic,13.4,0
coated_tablet,1,7.0,1.207,0.348,0.999152,99.09,0.94,0.97,gradient,17.7,1
suspension,1,8.0,1.777,0.497,0.99998,100.07,0.87,1.8,isocratic,16.3,0
suspension,0,4.9,0.403,0.327,0.99999,98.54,1.21,2.69,isocratic,11.2,0
coated_tablet,2,2.8,1.41,1.057,1.0,99.81,1.32,2.76,isocratic,11.3,0
coated_tablet,1,1.8,1.52,0.619,0.99765,100.16,1.33,2.76,isocratic,15.7,0
coated_tablet,0,1.7,1.46,0.899,0.997522,99.06,1.41,2.17,isocratic,9.9,0
api_powder,2,1.6,2.248,1.391,0.99979,100.08,1.18,1.89,gradient,22.3,0
api_powder,0,9.8,0.894,1.863,0.99999,101.53,1.37,2.76,isocratic,9.7,1
coated_tablet,0,1.7,1.63,0.777,0.997473,101.31,1.03,3.12,isocratic,9.4,0
api_powder,1,2.2,1.026,0.562,0.99966,99.83,0.9,1.53,isocratic,7.4,0
cream,3,3.2,0.677,0.59,0.999253,101.39,0.8,1.72,gradient,13.7,1
cream,1,6.1,0.452,0.723,0.999761,99.93,0.91,1.76,isocratic,9.3,0
api_powder,2,7.3,0.462,0.403,0.997559,99.49,1.72,2.32,isocratic,6.3,0
api_powder,1,7.6,0.604,0.542,0.999537,101.7,1.38,3.1,gradient,17.1,1
cream,0,1.2,1.761,0.557,0.999834,100.25,1.59,2.93,gradient,7.9,0
suspension,2,8.3,2.205,0.928,0.999648,100.91,1.73,2.49,gradient,15.6,1
cream,2,6.3,1.737,0.763,0.999979,98.82,1.33,1.16,gradient,20.1,1
coated_tablet,4,2.1,0.824,0.746,0.99999,101.61,1.18,1.26,isocratic,10.1,1
coated_tablet,3,1.6,0.971,0.669,0.999928,99.87,1.42,1.77,gradient,6.1,0
cream,3,2.5,1.37,1.463,0.995998,99.85,0.94,2.69,isocratic,13.2,0
coated_tablet,3,9.6,1.477,1.035,0.999684,98.81,1.06,2.0,isocratic,7.4,0
coated_tablet,2,1.0,0.685,1.288,0.999797,99.32,0.8,2.39,isocratic,14.3,0
cream,1,1.3,0.198,0.656,0.999985,100.01,1.09,2.77,isocratic,14.0,0
coated_tablet,1,1.5,1.84,0.78,0.998372,99.91,1.57,2.9,isocratic,12.5,0
coated_tablet,1,4.6,1.31,0.698,1.0,100.06,1.6,1.87,isocratic,13.8,0
coated_tablet,1,7.1,1.255,0.536,0.999566,98.87,0.8,2.25,isocratic,8.0,0
coated_tablet,0,1.3,1.52,0.424,1.0,100.01,1.0,2.4,isocratic,6.0,0
suspension,2,9.2,1.572,0.574,0.999635,98.71,0.83,1.91,isocratic,19.3,0
coated_tablet,4,1.2,6.019,0.522,0.999954,100.91,0.8,2.49,isocratic,11.9,0
api_powder,2,9.2,0.919,1.444,0.99998,98.94,1.32,2.32,isocratic,5.6,0
cream,2,3.0,0.58,1.298,0.991442,98.44,1.08,2.81,isocratic,20.1,1
coated_tablet,0,2.2,1.09,0.549,0.99961,100.36,0.94,2.5,isocratic,9.4,0
suspension,3,3.4,1.081,0.437,0.999502,99.79,1.29,1.74,gradient,8.4,0
cream,1,3.4,0.924,1.206,0.99999,102.04,1.17,1.74,isocratic,29.7,1
api_powder,1,4.8,0.376,0.666,0.998949,100.65,1.25,2.64,isocratic,13.0,0
coated_tablet,3,2.4,3.181,0.848,0.999964,99.32,1.31,1.64,gradient,19.7,0
coated_tablet,1,4.4,0.61,0.511,0.996974,99.35,1.26,1.96,isocratic,9.3,0
coated_tablet,2,4.4,1.8,0.467,0.999939,100.3,1.59,2.61,isocratic,11.5,0
coated_tablet,1,7.0,0.365,0.885,0.99999,100.67,1.09,2.7,isocratic,8.5,0
suspension,3,1.9,0.475,0.679,0.999842,98.92,0.84,2.02,isocratic,17.2,0
suspension,3,1.5,1.696,0.223,0.999646,100.92,0.86,2.26,isocratic,15.1,0
suspension,0,5.3,0.574,0.419,0.999976,101.37,1.07,2.82,gradient,16.4,0
coated_tablet,2,1.2,1.629,0.309,0.999933,100.62,1.0,2.27,gradient,14.7,0
suspension,1,7.8,0.911,0.988,0.99999,101.02,1.65,2.29,isocratic,15.5,1
coated_tablet,1,9.2,0.992,1.365,0.99999,101.07,1.77,2.44,gradient,15.2,0
coated_tablet,2,3.3,1.45,0.802,0.998606,100.0,1.02,2.64,isocratic,8.9,0
api_powder,4,2.5,0.298,1.079,0.998573,101.23,0.86,1.28,gradient,9.5,1
suspension,1,1.1,0.587,0.579,0.99999,102.0,0.85,1.86,gradient,13.0,0
coated_tablet,1,7.9,6.192,0.62,0.999637,99.93,0.97,1.71,isocratic,9.3,0
api_powder,2,4.4,1.019,0.447,0.997405,99.79,1.56,1.66,isocratic,7.9,0
coated_tablet,0,3.7,0.68,0.205,1.0,100.31,1.22,2.18,isocratic,12.0,0
api_powder,1,4.6,1.325,0.446,0.999648,98.78,1.37,2.03,gradient,5.7,0
coated_tablet,2,8.2,3.267,0.242,0.999876,99.31,0.86,1.66,isocratic,28.3,0
coated_tablet,0,9.4,0.651,1.014,0.99999,99.54,1.57,3.04,isocratic,16.3,0
coated_tablet,3,9.4,0.303,0.485,0.998717,98.84,0.95,3.16,gradient,14.8,0
api_powder,1,4.7,1.24,0.793,1.0,99.0,1.21,2.91,isocratic,5.0,0
api_powder,1,2.2,1.173,0.386,0.999711,102.0,0.8,1.71,isocratic,9.5,0
api_powder,3,8.8,0.935,2.885,0.999918,100.75,1.01,2.28,isocratic,19.2,1
cream,2,8.1,4.477,0.114,0.999986,100.06,0.8,2.09,isocratic,5.0,1
suspension,3,5.5,3.126,1.171,0.99862,100.98,0.97,2.71,gradient,8.5,0
coated_tablet,4,9.4,1.866,0.477,0.999978,97.14,1.06,2.18,isocratic,5.2,1
suspension,1,2.4,1.13,0.516,0.998065,99.33,1.44,2.31,isocratic,6.7,0
suspension,3,7.9,2.73,0.469,0.999136,100.27,1.16,2.7,gradient,13.1,1
suspension,2,6.8,4.141,0.106,0.99999,99.91,1.6,2.77,isocratic,7.3,0
coated_tablet,2,5.2,2.406,0.249,0.999615,101.11,1.23,2.2,isocratic,14.3,0
coated_tablet,2,2.2,0.51,0.263,0.99999,98.37,0.81,1.98,gradient,12.2,0
cream,2,3.4,0.985,0.422,0.998131,99.68,0.89,1.46,isocratic,10.6,1
coated_tablet,3,5.7,0.383,0.747,0.999942,99.65,0.96,2.91,gradient,8.8,0
suspension,2,9.0,0.994,0.49,0.999838,99.45,1.31,3.05,isocratic,12.9,0
api_powder,4,6.3,0.967,0.364,0.998979,99.24,0.8,2.2,isocratic,14.6,0
coated_tablet,3,1.3,1.957,0.289,0.999988,99.78,0.8,2.25,isocratic,12.5,0
coated_tablet,0,1.7,1.2,0.802,0.999498,100.16,1.07,2.62,isocratic,9.2,0
cream,0,6.3,0.754,0.731,0.99999,100.68,1.29,1.9,isocratic,16.5,0
api_powder,3,1.9,0.692,0.564,0.99999,102.24,0.8,1.67,gradient,9.3,1
suspension,1,9.9,1.221,0.929,0.999989,101.02,1.04,2.52,isocratic,17.9,0
cream,1,2.0,1.55,1.091,0.99999,99.72,0.8,2.3,isocratic,10.2,0
coated_tablet,2,7.0,0.22,0.267,0.99944,100.02,1.39,2.84,gradient,9.9,0
cream,2,8.4,1.008,1.048,0.999958,99.73,1.09,2.61,gradient,8.4,1
coated_tablet,2,1.3,0.503,0.398,0.999889,100.56,0.88,2.35,isocratic,12.0,0
suspension,2,2.3,0.591,0.47,0.999669,99.47,1.01,2.06,isocratic,14.6,0
coated_tablet,0,4.1,4.407,0.521,0.99977,100.83,1.11,2.1,isocratic,7.3,0
suspension,1,2.7,2.905,0.626,0.998069,98.17,0.82,2.89,gradient,16.7,1
coated_tablet,2,8.3,1.508,0.413,0.99999,100.28,1.33,2.17,isocratic,11.3,0
cream,1,7.3,2.158,1.049,0.999751,99.47,1.36,2.53,isocratic,34.6,0
suspension,3,6.4,2.497,0.508,0.999709,99.93,0.93,1.97,isocratic,6.9,0
suspension,2,2.0,0.345,0.395,0.998637,100.79,1.01,2.43,isocratic,14.4,0
coated_tablet,1,2.6,1.235,0.422,0.99999,101.18,1.38,2.63,gradient,11.1,0
cream,2,2.1,0.94,1.338,0.992745,99.33,1.28,2.38,isocratic,16.4,0
coated_tablet,1,6.5,1.568,0.178,0.999988,99.66,0.93,2.88,isocratic,8.9,0
suspension,2,4.9,2.294,0.908,0.99999,99.06,0.89,2.33,isocratic,7.3,0
coated_tablet,4,5.8,3.235,0.466,0.999086,100.55,1.3,2.73,gradient,22.2,0
coated_tablet,0,1.6,1.66,0.274,0.999622,100.69,0.83,2.24,isocratic,6.5,0
coated_tablet,3,1.4,9.925,0.482,0.998743,98.07,0.8,2.42,isocratic,30.5,0
api_powder,4,8.2,1.034,0.824,0.99999,101.01,0.95,1.87,isocratic,22.1,0
coated_tablet,0,1.3,1.118,0.582,0.999943,99.91,0.94,3.63,gradient,9.1,0
cream,2,5.2,0.849,0.91,0.999209,97.92,1.51,1.28,isocratic,9.2,1
cream,4,1.5,0.59,1.583,0.994532,99.06,1.05,2.34,isocratic,14.2,1
api_powder,1,6.1,0.296,0.386,0.999229,100.46,0.94,2.2,gradient,8.0,0
coated_tablet,2,2.4,3.583,1.227,0.999538,101.13,1.12,2.32,isocratic,12.6,0
cream,1,4.1,0.928,2.611,0.99999,100.7,1.16,2.04,isocratic,3.9,1
coated_tablet,2,9.1,31.866,1.492,0.999964,99.23,1.29,2.33,isocratic,18.0,0
coated_tablet,0,8.4,0.259,0.859,0.99999,98.84,1.54,2.06,isocratic,8.0,0
coated_tablet,2,5.8,2.872,0.535,0.99999,99.37,1.52,2.51,isocratic,15.8,0
coated_tablet,1,9.4,2.938,0.789,0.999611,101.46,0.92,2.32,gradient,13.7,0
api_powder,3,7.0,1.26,0.387,0.999884,100.73,1.26,2.05,isocratic,27.1,0
cream,1,3.2,4.674,0.51,0.999061,99.66,1.17,2.09,gradient,6.1,0
cream,3,4.3,1.33,1.854,0.991215,98.91,1.23,2.66,isocratic,20.9,1
api_powder,1,1.5,0.494,0.307,0.99999,99.62,1.35,2.31,gradient,11.3,0
coated_tablet,1,8.1,0.546,0.346,0.999693,100.67,1.6,2.4,gradient,19.5,0
suspension,1,10.0,1.809,0.796,0.999981,99.18,0.97,1.79,isocratic,11.5,0
coated_tablet,1,3.6,1.93,0.59,1.0,100.55,1.2,2.9,isocratic,11.5,0
cream,2,8.7,2.358,0.236,0.99999,100.11,1.08,2.01,gradient,7.3,1
api_powder,0,7.5,1.261,1.761,0.999462,100.98,1.59,1.63,isocratic,13.0,1
api_powder,0,5.3,0.694,0.548,0.99938,101.63,1.12,2.51,gradient,7.8,0
coated_tablet,2,2.7,0.92,0.369,0.999924,100.19,1.01,2.29,gradient,13.5,0
coated_tablet,2,3.3,1.6,0.796,0.996036,100.46,1.17,2.44,isocratic,14.8,0
cream,1,7.1,0.408,1.762,0.998122,99.66,1.63,3.27,isocratic,11.2,1
api_powder,0,1.6,2.292,0.691,0.998837,98.57,1.83,2.14,gradient,8.8,0
cream,4,7.2,1.242,1.02,0.999977,98.52,1.05,2.14,gradient,21.7,1
api_powder,1,2.7,0.323,0.144,0.999297,99.99,0.98,2.58,isocratic,10.2,0
api_powder,1,1.1,0.92,0.529,0.999343,99.71,1.2,2.8,isocratic,6.3,0
suspension,1,1.9,0.773,1.079,0.996623,99.98,1.19,2.03,isocratic,8.6,0
api_powder,1,3.7,1.76,0.413,0.999938,99.16,1.08,2.29,isocratic,11.4,0
coated_tablet,0,1.1,0.802,0.327,0.99999,101.6,0.91,2.14,isocratic,8.6,0
api_powder,2,3.2,0.532,0.776,0.999986,99.72,1.02,1.68,isocratic,6.3,0
api_powder,0,6.3,2.409,0.462,0.999732,98.99,1.16,1.37,gradient,9.3,0
cream,1,8.3,1.533,0.548,0.99999,100.29,0.99,2.92,gradient,14.8,0
coated_tablet,2,4.3,1.42,0.609,0.99999,100.0,0.8,3.18,isocratic,16.8,0
cream,2,8.3,0.604,0.346,0.99999,99.02,0.8,2.62,gradient,15.4,0
coated_tablet,0,1.9,1.688,0.426,0.999895,99.64,0.8,3.07,isocratic,18.2,0
coated_tablet,2,9.8,1.365,1.844,0.99999,99.83,0.98,0.94,gradient,34.1,1
coated_tablet,2,2.8,2.649,2.803,0.998243,100.24,0.8,3.42,gradient,7.8,1
coated_tablet,4,7.0,1.341,0.301,0.99998,99.11,0.8,2.19,gradient,12.2,0
suspension,2,9.9,2.962,0.326,0.999795,98.54,0.92,2.53,gradient,17.8,0
api_powder,1,4.8,0.155,1.042,0.999973,99.9,1.0,1.96,isocratic,25.2,0
suspension,3,6.1,1.921,0.392,0.99999,97.54,0.82,2.3,gradient,24.7,1
suspension,3,7.1,1.212,0.741,0.999754,100.76,0.8,2.37,gradient,149.0,0
cream,4,7.7,1.15,0.408,0.999165,98.88,1.0,2.13,gradient,11.5,1
api_powder,3,9.4,1.125,1.37,0.999747,100.3,1.84,2.61,isocratic,11.9,0
suspension,1,9.8,3.883,0.637,0.999342,100.06,1.46,2.91,gradient,14.5,0
coated_tablet,0,1.0,3.317,0.336,0.999954,99.38,1.85,2.5,gradient,5.7,0
cream,2,9.9,0.945,0.308,0.99999,100.32,0.83,1.74,gradient,12.5,1
cream,1,8.3,2.024,0.594,0.999891,100.42,1.28,2.21,gradient,11.6,0
coated_tablet,1,1.8,0.526,0.435,0.999725,97.59,1.04,3.12,gradient,11.2,1
suspension,1,1.7,2.181,1.757,0.999973,99.9,0.81,2.98,isocratic,6.4,0
api_powder,1,6.8,3.045,0.454,0.999567,98.66,0.8,2.35,isocratic,11.2,0
coated_tablet,1,2.2,2.667,0.439,0.99999,100.69,0.8,2.33,isocratic,14.2,0
coated_tablet,0,5.5,0.966,0.718,0.999416,101.35,1.35,2.58,isocratic,11.6,0
cream,1,3.7,0.634,0.444,0.99999,99.49,1.35,3.15,isocratic,7.8,0
coated_tablet,0,1.6,1.22,0.766,1.0,99.5,1.32,2.37,isocratic,9.8,0
api_powder,1,8.4,0.589,0.279,0.999823,100.07,0.98,2.59,gradient,17.4,0
coated_tablet,2,2.6,1.16,0.513,0.99999,100.67,1.45,2.93,isocratic,9.3,0
suspension,0,1.8,0.473,3.433,0.999912,100.12,0.8,2.16,isocratic,14.4,0
coated_tablet,0,4.4,0.97,0.692,0.999046,101.11,0.8,2.12,isocratic,10.0,0
cream,3,3.3,2.411,1.594,0.999946,99.61,1.14,2.62,gradient,12.2,1
coated_tablet,1,7.9,0.578,0.712,0.99999,99.98,0.9,2.03,isocratic,16.2,0
coated_tablet,2,9.2,1.44,0.237,0.999952,100.83,1.6,2.14,gradient,12.6,1
api_powder,3,7.8,3.384,0.332,0.99999,99.5,0.82,1.94,gradient,17.7,1
coated_tablet,2,8.9,0.744,0.603,0.99999,99.48,2.32,2.03,isocratic,23.2,1
coated_tablet,1,6.5,1.886,0.947,0.999505,99.88,0.8,2.68,isocratic,14.1,0
api_powder,2,1.0,1.33,0.514,1.0,99.3,1.01,2.36,isocratic,5.7,0
coated_tablet,1,5.0,1.429,0.221,0.999671,100.87,1.47,2.74,isocratic,9.7,0
api_powder,2,2.4,0.74,0.494,0.999477,100.04,1.44,2.79,isocratic,12.9,0
coated_tablet,1,2.4,1.532,0.603,0.99999,98.7,0.87,1.93,isocratic,3.0,0
coated_tablet,4,4.6,1.382,0.349,0.999981,98.86,0.89,2.97,gradient,8.9,0
api_powder,1,5.7,0.289,0.443,0.99999,98.92,1.3,2.2,gradient,5.3,0
api_powder,2,2.4,0.74,0.626,0.998882,99.71,1.34,2.49,isocratic,11.6,0
suspension,1,3.1,2.121,0.912,0.999984,99.24,1.37,1.97,isocratic,17.5,0
cream,2,2.0,1.19,0.51,0.99605,100.66,1.01,1.95,isocratic,11.1,0
api_powder,1,2.6,0.87,0.618,0.997964,99.82,0.8,2.07,isocratic,10.1,0
api_powder,1,6.5,0.638,0.386,0.99999,101.71,0.8,1.45,gradient,12.9,1
coated_tablet,1,7.2,1.265,1.114,0.99999,98.87,1.23,2.72,isocratic,15.5,0
cream,1,1.9,1.137,0.714,0.999774,99.35,1.17,2.4,gradient,16.2,0
api_powder,1,4.6,1.49,0.497,1.0,100.3,1.13,2.63,isocratic,9.4,0
api_powder,2,8.1,0.28,1.024,0.99999,99.29,1.74,3.34,gradient,17.8,1
coated_tablet,4,2.8,2.764,1.062,0.999933,100.52,0.95,2.12,gradient,9.5,0
coated_tablet,1,1.3,0.699,0.206,0.99999,100.21,0.97,1.84,isocratic,9.8,0
suspension,3,4.9,2.113,0.441,0.999554,100.37,0.8,1.56,isocratic,8.4,0
coated_tablet,1,6.6,0.869,0.701,0.99999,101.76,0.99,1.9,isocratic,13.0,1
suspension,3,5.0,1.922,0.566,0.99887,102.26,1.2,2.67,isocratic,4.1,1
api_powder,0,8.5,0.761,0.723,0.99993,100.59,0.97,2.06,gradient,9.5,0
api_powder,3,3.7,1.31,0.186,0.999989,97.08,1.25,1.69,isocratic,15.1,1
cream,3,5.7,4.495,0.552,0.99999,97.62,0.98,2.63,isocratic,19.9,1
api_powder,0,7.5,0.462,0.843,0.999418,98.9,1.08,2.31,isocratic,15.3,0
suspension,1,1.9,2.205,1.421,0.999973,100.95,1.24,1.99,isocratic,16.2,0
api_powder,1,6.1,2.591,0.145,0.999509,100.63,1.31,2.22,gradient,8.1,0
suspension,2,3.5,1.519,0.371,0.999944,98.86,1.33,3.2,gradient,13.2,0
api_powder,0,3.5,0.822,0.798,0.99999,100.69,1.41,3.3,isocratic,18.2,0
coated_tablet,1,5.5,0.317,1.074,0.999859,99.99,1.29,1.49,isocratic,11.7,0
api_powder,0,5.2,1.182,0.312,0.999599,100.28,1.69,1.96,isocratic,5.2,0
api_powder,0,2.6,0.7,0.631,1.0,99.65,1.04,2.4,isocratic,13.4,0
cream,4,1.6,1.93,1.468,0.994866,99.44,1.13,2.0,isocratic,14.4,0
api_powder,2,2.3,3.727,1.046,0.999788,99.02,0.8,2.07,isocratic,11.0,0
suspension,1,3.5,1.061,0.56,0.999472,99.23,1.07,1.66,isocratic,9.1,0
cream,2,9.1,1.405,0.581,0.999668,100.39,1.1,1.95,isocratic,10.0,0
coated_tablet,3,1.8,0.658,0.795,0.999676,99.53,1.18,2.67,gradient,13.5,0
suspension,1,7.7,0.11,0.51,0.99968,100.36,0.91,3.49,isocratic,27.7,0
cream,3,3.2,0.58,0.963,0.99999,98.21,1.15,2.72,isocratic,10.6,0
suspension,2,8.5,0.454,1.086,0.999974,99.13,1.08,2.64,isocratic,17.7,0
cream,2,2.0,1.013,0.116,0.99999,99.93,1.35,2.75,gradient,13.4,0
api_powder,4,9.7,0.405,0.76,0.999424,98.1,1.79,2.15,gradient,20.3,1
coated_tablet,2,4.9,0.62,0.832,1.0,100.16,0.99,2.67,isocratic,11.3,0
coated_tablet,0,3.5,1.42,0.855,0.998988,100.71,1.04,2.83,isocratic,9.5,0
cream,1,6.7,0.882,1.301,0.99999,98.73,0.9,2.45,gradient,22.7,1
suspension,1,2.4,1.0,0.773,0.999739,100.83,1.41,3.02,isocratic,22.1,0
coated_tablet,1,1.8,0.96,0.748,0.997919,99.55,1.16,2.29,isocratic,10.7,0
suspension,2,6.4,4.595,1.021,0.99999,99.9,0.85,2.92,isocratic,10.9,0
coated_tablet,2,3.6,0.377,0.259,0.999829,100.8,1.42,1.95,gradient,16.6,0
cream,0,4.3,1.146,0.186,0.999309,101.5,1.31,2.84,isocratic,19.4,0
coated_tablet,1,4.4,2.699,0.381,0.99999,98.58,0.93,2.27,isocratic,9.9,0
api_powder,1,1.5,0.585,4.0,0.99999,98.74,0.83,1.77,isocratic,15.5,1
cream,2,9.6,0.701,0.608,0.99999,97.95,1.01,1.57,isocratic,9.4,1
suspension,2,6.5,1.967,1.031,0.999675,100.62,1.14,2.62,isocratic,13.7,0
coated_tablet,1,7.0,0.53,0.791,0.999056,100.79,0.8,2.43,gradient,11.1,0
coated_tablet,2,4.3,1.18,0.775,1.0,99.1,1.09,2.38,isocratic,13.5,0
suspension,2,7.3,2.663,1.319,0.999972,100.94,1.2,2.22,gradient,12.0,0
cream,1,1.0,0.912,0.986,0.999791,98.56,0.8,2.49,isocratic,10.4,0
coated_tablet,1,2.5,0.645,0.977,0.999891,100.59,1.15,2.13,isocratic,13.0,0
api_powder,2,2.2,1.706,0.603,0.99975,99.48,1.01,2.75,isocratic,21.9,0
coated_tablet,2,6.2,1.049,0.832,0.998812,100.48,0.8,1.57,gradient,6.9,0
cream,1,3.0,10.86,0.326,0.997341,99.47,1.1,1.89,gradient,5.7,0
coated_tablet,1,2.1,1.25,0.869,1.0,99.86,1.13,1.77,isocratic,13.4,0
coated_tablet,0,2.4,1.22,0.515,0.996783,100.4,1.16,2.31,isocratic,7.0,0
coated_tablet,1,7.7,0.591,0.452,0.997611,100.89,0.86,2.81,isocratic,6.7,0
suspension,2,5.3,0.352,0.558,0.99999,102.64,0.87,2.42,isocratic,8.6,1
api_powder,3,8.7,0.313,0.425,0.999906,98.94,1.42,2.01,gradient,20.9,0
suspension,2,8.0,0.207,0.707,0.99979,99.67,1.65,1.26,isocratic,12.4,1
api_powder,0,1.2,0.73,0.421,1.0,100.38,1.38,2.36,isocratic,9.8,0
api_powder,2,5.8,0.237,0.263,0.99999,99.43,0.99,2.61,gradient,12.6,0
coated_tablet,4,6.1,5.237,0.356,0.99999,100.3,0.8,2.87,isocratic,14.2,0
coated_tablet,2,4.0,0.121,1.338,0.999945,99.87,1.22,2.26,gradient,11.6,0
cream,2,2.8,0.259,0.863,0.999801,99.22,1.7,2.34,isocratic,23.7,0
api_powder,2,1.3,0.5,0.275,0.998868,99.98,1.27,2.44,isocratic,14.6,0
coated_tablet,1,3.1,1.7,0.673,0.998867,100.96,1.39,2.69,isocratic,15.2,0
coated_tablet,1,6.3,0.373,0.126,0.99998,99.61,1.04,2.26,isocratic,15.9,0
suspension,2,7.7,2.602,0.468,0.999984,100.43,1.53,2.16,isocratic,3.5,1
api_powder,1,1.1,1.251,0.37,0.999728,100.02,1.51,2.54,isocratic,13.5,0
coated_tablet,4,6.5,0.771,0.28,0.999721,99.71,1.23,2.25,isocratic,8.1,0
coated_tablet,3,8.8,2.175,0.689,0.99999,100.19,0.85,1.44,isocratic,10.9,1
cream,4,5.5,0.795,0.612,0.999841,99.82,1.63,2.44,isocratic,4.9,1
cream,3,2.7,1.34,0.838,0.994539,100.39,1.28,3.09,isocratic,15.5,0
coated_tablet,2,8.2,0.107,0.931,0.999751,99.96,2.07,2.34,gradient,14.2,1
cream,0,8.8,1.477,0.566,0.999755,99.37,1.0,2.41,gradient,16.3,0
coated_tablet,4,1.9,0.3,0.406,0.999671,98.92,1.21,2.22,isocratic,9.0,0
coated_tablet,2,8.1,2.032,0.579,0.999364,100.42,1.11,1.75,isocratic,11.6,0
cream,2,1.3,4.223,0.215,0.999509,101.14,1.38,1.88,gradient,15.9,1
api_powder,3,5.2,1.863,0.743,0.999973,100.09,1.25,1.81,isocratic,16.8,0
suspension,1,7.5,1.418,0.977,0.99999,98.86,0.86,2.27,isocratic,13.8,0
suspension,2,8.5,0.856,0.309,0.999686,102.75,1.26,1.73,isocratic,5.0,1
cream,3,5.4,0.332,1.463,0.99992,99.79,0.8,2.71,isocratic,10.7,0
api_powder,4,6.2,0.504,0.817,0.999691,100.19,0.8,1.97,gradient,9.3,0
api_powder,2,3.3,1.515,2.077,0.999953,100.05,0.96,1.83,isocratic,5.3,1
coated_tablet,2,5.6,3.69,0.44,0.999893,100.25,1.64,1.94,isocratic,8.6,0
api_powder,2,3.7,0.616,1.73,0.99999,99.22,0.96,2.04,isocratic,17.8,0
api_powder,1,5.5,1.673,0.524,0.999876,99.66,0.88,2.55,gradient,13.4,0
coated_tablet,3,3.4,1.032,0.507,0.999933,102.16,0.81,1.68,isocratic,21.4,1
api_powder,0,1.1,0.74,0.606,0.999592,100.15,1.34,2.86,isocratic,9.7,0
api_powder,1,8.9,3.394,1.968,0.99999,99.87,0.96,1.64,isocratic,20.9,1
suspension,0,4.5,0.389,0.194,0.999975,99.06,0.8,2.33,gradient,10.8,0
api_powder,2,3.6,1.85,0.202,0.997388,99.96,1.12,2.53,isocratic,13.1,0
api_powder,1,4.4,1.418,1.069,0.998584,100.17,0.85,2.48,isocratic,7.3,0
api_powder,1,8.3,0.595,0.706,0.999957,100.17,1.4,2.5,gradient,6.4,0
coated_tablet,1,2.3,2.363,0.346,0.999989,100.32,0.9,2.46,gradient,15.1,0
api_powder,2,4.8,0.69,0.372,0.998018,99.41,1.25,2.41,isocratic,9.5,0
cream,2,10.0,2.057,0.347,0.999668,99.99,0.9,1.99,isocratic,5.0,0
cream,1,1.9,0.46,0.426,0.999913,101.33,1.02,2.67,isocratic,12.7,0
coated_tablet,0,2.3,1.82,0.37,0.99556,100.57,1.13,2.31,isocratic,8.3,0
api_powder,1,6.5,1.363,0.627,0.999617,98.5,1.02,2.78,gradient,23.5,0
coated_tablet,4,6.7,1.099,0.43,0.99999,100.96,0.8,2.1,gradient,15.4,0
coated_tablet,1,4.1,1.12,0.478,0.998442,100.44,1.11,1.93,isocratic,13.0,0
cream,2,2.6,0.511,0.711,0.99999,100.42,1.17,2.56,gradient,14.6,0
suspension,2,7.8,1.769,1.116,0.99999,100.68,0.88,2.4,gradient,6.3,0
coated_tablet,0,5.3,0.56,0.905,0.99999,100.22,1.55,3.0,gradient,15.3,0
cream,1,4.2,1.539,1.032,0.99862,100.36,0.87,2.25,isocratic,15.7,0
api_powder,3,2.8,0.67,0.439,0.995537,99.92,0.85,2.88,isocratic,20.2,0
coated_tablet,1,2.7,2.367,0.847,0.999884,101.15,0.82,2.63,isocratic,19.4,0
cream,1,8.4,0.952,0.568,0.999827,100.76,0.91,2.25,gradient,12.6,0
suspension,4,9.5,1.025,0.543,0.99679,100.74,1.04,2.37,isocratic,7.3,1
api_powder,0,4.6,0.709,0.299,0.99962,100.04,0.96,2.38,gradient,25.6,0
cream,0,8.8,0.32,1.297,0.999379,101.46,1.22,1.51,isocratic,25.1,1
coated_tablet,3,4.7,3.889,0.698,0.99999,98.69,1.6,3.25,isocratic,10.2,0
coated_tablet,1,1.4,2.391,0.909,0.999177,99.2,1.13,1.89,gradient,16.1,0
api_powder,1,9.8,1.205,0.698,0.999985,102.44,0.96,2.09,isocratic,10.3,0
cream,3,3.8,0.619,0.545,0.999883,99.51,1.02,1.84,isocratic,13.6,0
api_powder,2,2.2,0.661,0.184,0.998493,100.37,0.85,2.31,isocratic,12.8,0
coated_tablet,1,4.3,1.62,0.535,1.0,100.41,0.8,2.92,isocratic,8.4,0
cream,0,8.2,0.204,0.846,0.999632,101.25,0.8,1.57,isocratic,6.2,1
coated_tablet,1,4.6,1.99,0.263,0.999913,99.91,1.25,2.82,isocratic,11.8,0
coated_tablet,2,3.2,1.092,0.985,0.999981,100.52,1.28,2.12,gradient,12.2,0
api_powder,2,2.7,0.51,0.425,0.998447,99.24,1.4,2.93,isocratic,11.6,0
cream,1,9.9,0.591,0.169,0.99999,98.45,1.78,2.5,isocratic,5.8,1
suspension,4,2.8,0.973,0.604,0.999988,101.35,1.37,2.31,isocratic,13.1,0
coated_tablet,0,2.9,0.54,0.529,1.0,99.54,0.97,2.68,isocratic,9.8,0
cream,3,4.0,1.98,1.136,0.994034,99.15,1.03,2.6,isocratic,13.5,1
suspension,0,9.7,0.71,0.55,0.99935,100.99,1.0,2.46,gradient,10.3,0
coated_tablet,3,7.1,0.611,0.423,0.999846,98.81,1.05,2.42,gradient,12.1,1
coated_tablet,2,2.1,0.99,0.05,1.0,100.13,1.09,2.11,isocratic,5.6,0
coated_tablet,1,5.9,2.276,0.272,0.999944,99.33,0.94,2.07,gradient,8.1,0
api_powder,0,4.3,1.7,0.121,0.999175,99.27,1.04,2.15,isocratic,9.7,0
coated_tablet,0,3.2,1.3,0.816,0.998831,100.11,1.12,1.95,isocratic,9.7,0
coated_tablet,2,4.7,1.48,0.909,1.0,99.65,1.1,2.41,isocratic,10.4,0
coated_tablet,1,4.0,1.581,0.548,0.999982,100.39,1.5,2.77,gradient,12.3,0
api_powder,3,4.7,0.59,1.361,0.999449,99.88,0.8,1.75,isocratic,11.9,0
cream,3,3.5,0.43,0.373,0.99635,99.07,0.82,2.43,gradient,5.1,0
api_powder,1,5.0,0.395,0.447,0.996832,101.6,1.17,2.56,isocratic,5.1,0
cream,3,9.8,1.234,1.321,0.99999,98.97,1.5,2.84,isocratic,9.3,1
cream,1,1.5,1.518,0.492,0.99999,101.33,1.43,2.75,isocratic,24.5,0
suspension,1,6.5,0.659,2.705,0.999321,100.52,1.13,1.7,isocratic,5.2,1
api_powder,2,9.2,2.642,1.166,0.998328,100.08,0.8,2.62,isocratic,20.3,0
coated_tablet,0,1.8,1.36,0.05,1.0,100.02,1.37,2.61,isocratic,11.4,0
coated_tablet,1,3.1,0.831,1.142,0.998972,100.48,2.41,2.31,isocratic,7.4,0
cream,1,4.9,2.131,0.928,0.99999,100.29,1.02,1.0,gradient,15.6,1
api_powder,1,3.8,0.567,0.987,0.99999,99.08,1.37,2.88,gradient,10.3,0
suspension,2,8.4,0.685,1.314,0.99999,97.84,1.06,1.76,gradient,10.0,1
suspension,3,3.3,0.787,0.249,0.99999,101.48,1.12,2.35,gradient,22.1,1
suspension,1,4.5,0.293,0.552,0.99999,98.47,1.72,2.17,gradient,11.0,1
suspension,2,1.4,1.511,1.174,0.99929,100.24,0.95,1.48,gradient,8.7,1
api_powder,2,8.1,0.332,0.664,0.99999,100.75,1.21,1.95,gradient,11.3,0
suspension,3,9.6,0.7,0.536,0.9998,100.1,1.34,1.89,isocratic,27.6,1
coated_tablet,0,3.2,0.99,0.869,0.996026,100.42,1.29,2.09,isocratic,10.0,0
cream,2,8.4,1.159,0.325,0.999913,99.31,1.06,2.06,isocratic,8.2,0
api_powder,2,8.8,1.002,0.4,0.999948,100.44,1.66,1.0,gradient,16.0,1
cream,2,7.5,0.541,0.746,0.998524,99.19,0.8,1.93,isocratic,12.7,1
suspension,3,8.1,2.728,0.363,0.999931,101.21,0.87,2.63,isocratic,7.2,0
coated_tablet,2,5.4,0.395,0.999,0.99918,100.04,0.91,2.4,isocratic,15.1,0
coated_tablet,2,1.2,0.85,0.71,0.998756,100.03,1.2,2.25,isocratic,11.4,0
cream,2,7.9,0.39,0.697,0.999926,100.41,0.86,2.5,gradient,13.1,1
suspension,2,2.8,0.849,0.275,0.998574,100.36,0.97,1.86,gradient,18.1,1
coated_tablet,1,5.1,2.215,0.862,0.999973,98.21,1.26,0.61,isocratic,6.4,1
suspension,2,7.8,0.677,1.328,0.999411,101.33,1.07,1.81,isocratic,12.2,1
coated_tablet,3,7.8,1.276,0.779,0.999948,99.52,0.8,2.6,isocratic,13.5,0
coated_tablet,3,7.6,1.364,0.648,0.99999,101.2,1.51,2.31,gradient,10.2,1
cream,3,7.5,0.275,0.56,0.999338,100.83,0.8,2.69,gradient,19.1,0
api_powder,1,2.6,2.41,0.24,0.999754,100.47,1.7,1.72,isocratic,17.0,0
coated_tablet,4,1.1,0.364,0.543,0.999986,99.21,1.26,1.83,isocratic,10.3,0
api_powder,2,4.4,0.925,0.194,0.999465,99.47,1.02,1.96,isocratic,5.3,0
coated_tablet,2,3.4,1.16,0.545,0.999353,101.2,0.86,2.9,isocratic,10.6,0
coated_tablet,3,6.9,0.396,0.54,0.999322,100.37,0.95,1.78,gradient,23.9,0
api_powder,1,3.2,1.869,2.174,0.999961,98.67,1.24,2.34,isocratic,23.7,1
suspension,1,9.2,2.753,0.253,0.99998,99.35,1.27,1.0,isocratic,9.2,1
coated_tablet,2,3.2,1.83,0.137,0.997007,99.32,1.25,3.33,isocratic,14.1,0
api_powder,1,3.7,0.563,0.392,0.99999,100.03,1.03,2.26,gradient,15.1,0
suspension,1,9.0,0.448,0.371,0.999908,100.02,0.8,2.01,isocratic,8.3,0
cream,3,8.4,1.607,0.572,0.99999,100.0,1.18,2.76,gradient,15.0,1
cream,3,9.3,0.675,0.308,0.99999,100.09,0.91,2.03,gradient,18.6,1
suspension,4,6.0,4.878,0.333,0.99999,98.26,0.8,1.82,gradient,11.9,1
api_powder,0,1.3,1.27,0.234,0.999519,99.25,0.8,2.55,isocratic,11.5,0
api_powder,0,8.7,0.339,1.501,0.999988,99.83,1.64,2.58,isocratic,4.8,0
api_powder,1,3.6,1.4,0.639,1.0,99.03,1.2,2.79,isocratic,11.1,0
suspension,1,7.4,1.049,0.43,0.999863,100.95,1.22,2.2,gradient,23.1,0
suspension,3,7.8,0.331,0.366,0.99999,101.13,0.97,1.75,isocratic,8.2,0
cream,0,8.7,0.388,0.854,0.99999,100.32,0.8,2.6,isocratic,13.6,0
coated_tablet,0,7.6,2.308,0.605,0.99999,99.43,1.0,3.22,gradient,8.1,0
api_powder,1,5.2,2.178,1.076,0.999841,99.86,1.17,2.69,isocratic,10.5,0
cream,2,5.7,0.628,0.534,0.999364,97.58,1.62,2.26,isocratic,9.1,1
coated_tablet,3,2.2,1.311,0.298,0.99999,101.02,0.8,2.63,gradient,11.8,0
coated_tablet,4,8.5,1.315,0.856,0.999607,100.24,0.99,3.15,isocratic,10.0,0
cream,2,7.5,0.713,1.367,0.999521,99.06,0.88,1.53,isocratic,6.8,0
cream,4,1.6,1.12,1.585,0.992952,99.4,1.55,2.28,isocratic,20.4,1
suspension,2,6.8,0.575,0.264,0.99999,100.58,0.83,2.16,isocratic,8.0,0
coated_tablet,0,6.7,1.207,0.41,0.997904,99.83,0.98,3.17,gradient,5.7,0
api_powder,2,2.0,1.45,0.585,0.994785,100.74,1.12,2.73,isocratic,5.9,0
cream,2,1.6,1.6,1.419,0.995167,99.96,1.27,2.57,isocratic,18.7,0
coated_tablet,3,3.4,0.91,0.746,0.99999,100.52,1.27,2.4,isocratic,11.8,0
coated_tablet,2,3.6,0.684,0.773,0.999933,101.2,0.86,2.45,gradient,11.7,0
coated_tablet,2,9.4,0.509,0.901,0.99999,100.52,0.92,2.37,isocratic,4.6,0
suspension,1,5.2,3.194,0.463,0.998466,98.72,1.15,1.43,isocratic,5.0,1
api_powder,1,1.0,1.089,1.172,0.99994,99.66,1.09,2.88,isocratic,8.0,0
suspension,2,4.8,1.422,0.429,0.999832,101.64,0.84,2.67,isocratic,18.8,0
coated_tablet,1,6.1,1.123,0.777,0.999894,99.88,1.21,2.08,gradient,17.7,0
coated_tablet,2,2.5,0.78,0.223,0.998726,99.32,0.87,2.43,isocratic,7.8,0
api_powder,3,6.1,0.173,0.182,0.999817,99.83,1.12,1.55,isocratic,7.1,0
suspension,0,5.3,0.392,0.464,0.99999,99.37,0.8,1.98,gradient,7.8,0
coated_tablet,1,2.3,1.15,0.35,0.997592,99.96,1.38,1.59,isocratic,5.5,0
coated_tablet,4,8.8,5.322,0.507,0.999896,100.08,0.8,3.04,isocratic,4.7,0
api_powder,1,5.0,0.478,0.632,0.999705,99.67,0.8,2.89,gradient,12.7,0
suspension,4,6.7,1.603,0.522,0.999912,100.28,0.98,2.92,isocratic,6.4,0
cream,2,8.4,4.106,0.36,0.999972,97.32,0.9,2.2,gradient,14.7,1
coated_tablet,1,6.3,0.956,0.306,0.999974,100.05,0.83,2.94,gradient,25.5,0
cream,1,9.7,1.038,0.417,0.999118,98.8,1.31,2.25,gradient,6.5,0
coated_tablet,1,4.2,1.07,0.37,0.998065,99.87,1.19,2.19,isocratic,7.6,0
coated_tablet,0,4.6,1.8,0.241,0.998984,100.72,1.52,2.37,isocratic,15.7,0
coated_tablet,3,7.2,3.172,0.345,0.99999,99.81,0.93,1.53,isocratic,11.7,1
coated_tablet,1,5.3,0.355,1.5,0.998114,98.36,1.03,1.36,isocratic,7.9,1
coated_tablet,1,8.0,2.677,0.896,0.998098,99.75,1.24,1.96,gradient,11.5,1
coated_tablet,2,7.0,1.153,0.611,0.999863,101.27,0.97,2.33,isocratic,15.4,0
api_powder,2,9.2,4.439,1.162,0.99951,99.1,0.99,2.81,isocratic,8.0,0
cream,2,9.2,3.211,0.721,0.99999,101.12,1.37,2.06,gradient,14.9,1
coated_tablet,1,5.7,1.029,0.962,0.999544,99.4,1.15,1.84,isocratic,10.6,0
coated_tablet,1,1.1,0.585,1.001,0.99999,99.45,1.65,1.72,isocratic,8.9,0
api_powder,2,1.3,0.869,0.643,0.99999,100.56,0.83,2.29,gradient,17.0,0
cream,1,7.2,1.705,0.599,0.99999,101.09,0.8,2.86,gradient,17.4,1
suspension,3,2.7,0.344,0.77,0.999393,100.1,1.29,2.81,isocratic,16.5,0
api_powder,1,1.2,0.72,0.573,0.999825,99.76,1.12,2.68,isocratic,6.4,0
api_powder,2,3.4,1.057,0.396,0.999907,99.45,0.84,2.29,isocratic,16.8,0
cream,1,5.8,3.59,1.512,0.999437,100.12,1.03,1.68,gradient,11.7,1
coated_tablet,1,1.7,0.581,0.286,0.99999,100.9,1.09,2.35,gradient,32.6,0
suspension,1,9.2,0.656,0.661,0.999929,100.3,1.02,2.75,gradient,19.3,0
suspension,3,4.2,0.612,0.249,0.999974,100.06,1.1,1.89,gradient,8.0,0
api_powder,3,8.0,5.13,1.274,0.99999,101.31,0.8,2.19,isocratic,17.4,0
api_powder,3,9.6,2.224,0.27,0.999924,100.49,0.83,1.29,isocratic,6.3,1
api_powder,2,9.1,0.548,0.575,0.999944,100.93,1.06,1.91,isocratic,19.7,0
suspension,3,2.8,0.716,0.298,0.999983,100.96,0.88,1.41,gradient,20.1,1
coated_tablet,3,6.4,0.435,0.544,0.999931,100.37,1.18,1.52,gradient,11.5,0
api_powder,1,3.3,0.98,0.769,0.998699,99.28,1.06,1.45,isocratic,9.6,0
coated_tablet,1,7.5,3.162,0.705,0.999133,99.18,0.8,2.5,isocratic,14.0,0
cream,1,7.5,0.609,0.398,0.999962,98.65,1.04,2.47,gradient,9.9,0
coated_tablet,2,3.1,3.909,0.759,0.998807,101.39,0.87,2.29,gradient,16.4,0
suspension,2,6.9,0.772,0.37,0.999949,100.89,0.81,2.47,isocratic,12.3,0
cream,0,5.6,0.534,0.531,0.999859,99.62,1.04,1.85,gradient,13.7,0
coated_tablet,2,3.7,0.59,0.436,0.997166,100.35,1.18,3.54,isocratic,14.4,0
coated_tablet,0,1.6,1.53,0.517,1.0,99.97,1.06,2.82,isocratic,9.3,0
coated_tablet,1,3.3,5.527,0.651,0.998826,101.59,1.01,2.19,gradient,31.8,1
suspension,3,5.2,1.083,0.266,0.99989,99.75,1.12,2.56,isocratic,11.3,0
suspension,3,1.1,0.488,0.418,0.99999,99.06,1.35,2.6,isocratic,13.6,0
suspension,3,3.1,1.155,0.456,0.99999,101.16,1.43,2.58,isocratic,6.2,0
suspension,1,9.2,1.585,1.103,0.99999,100.3,0.8,2.74,gradient,9.7,1
coated_tablet,2,9.7,0.551,0.66,0.99997,99.04,0.8,2.78,gradient,4.9,0
coated_tablet,0,4.7,1.67,0.417,0.994487,100.3,1.06,2.68,isocratic,12.1,0
coated_tablet,0,1.5,0.8,0.148,0.999367,99.78,1.19,2.19,isocratic,24.5,0
coated_tablet,1,3.8,0.53,0.298,0.99964,99.74,1.19,1.88,isocratic,11.6,0
coated_tablet,2,1.6,1.19,0.818,0.999444,100.33,1.04,2.08,isocratic,9.3,0
api_powder,2,3.3,1.88,0.366,0.997123,100.33,1.29,2.89,isocratic,10.1,0
cream,1,4.5,0.418,0.752,0.99999,103.2,1.03,3.08,gradient,8.4,1
cream,2,9.5,0.866,0.603,0.998777,100.93,1.1,2.85,isocratic,7.2,0
coated_tablet,1,3.3,1.761,0.619,0.99999,99.74,1.12,1.97,isocratic,12.1,0
cream,2,1.4,1.68,1.019,0.992203,98.31,0.93,2.91,isocratic,21.7,1
coated_tablet,2,2.9,2.956,0.892,0.999842,100.29,0.85,2.13,gradient,12.8,0
api_powder,1,1.8,1.88,0.981,0.999691,99.21,1.19,1.96,isocratic,6.4,0
cream,3,3.7,1.5,1.461,0.992119,99.75,0.88,2.93,isocratic,13.8,1
coated_tablet,3,2.9,1.945,1.86,0.998546,101.34,1.11,2.87,isocratic,18.2,0
api_powder,1,4.4,1.115,1.242,0.999584,99.68,1.33,1.94,gradient,11.6,0
api_powder,2,5.2,1.467,0.811,0.99929,99.98,0.8,1.55,isocratic,11.2,0
cream,2,1.2,1.672,0.342,0.99999,100.7,1.6,1.25,gradient,11.5,1
coated_tablet,0,3.4,0.81,0.383,0.99821,98.68,0.87,1.78,isocratic,3.3,0
suspension,1,2.4,0.697,0.633,0.99999,99.9,1.24,2.31,isocratic,7.3,0
coated_tablet,2,4.9,1.9,0.682,0.999224,100.69,1.02,1.78,isocratic,21.0,0
api_powder,1,4.4,0.73,0.254,0.997724,99.62,1.31,3.19,isocratic,5.9,0
coated_tablet,3,1.1,0.17,0.822,0.999813,99.04,1.48,2.21,isocratic,15.5,0
coated_tablet,1,2.6,1.07,0.288,0.999766,100.32,1.1,2.32,isocratic,9.5,0
cream,3,4.3,1.762,0.66,0.999842,99.71,1.19,2.65,gradient,36.1,1
coated_tablet,2,1.2,0.523,0.283,0.99999,100.12,1.14,2.4,isocratic,9.4,0
suspension,1,7.1,0.634,0.692,0.999854,98.03,1.35,3.34,isocratic,8.8,0
api_powder,1,1.3,0.848,0.402,0.999956,99.22,1.3,2.85,isocratic,9.8,0
coated_tablet,3,9.0,2.163,0.686,0.99989,99.66,1.03,1.25,gradient,7.1,1
suspension,1,5.6,0.248,0.353,0.998958,99.28,1.36,1.82,gradient,11.0,1
api_powder,0,2.5,1.31,0.683,1.0,100.08,1.21,3.31,isocratic,9.7,0
coated_tablet,1,5.6,0.41,0.24,0.999746,98.37,1.1,2.37,isocratic,7.8,0
api_powder,0,9.9,1.838,0.83,0.99999,100.6,0.9,2.93,isocratic,12.4,0
api_powder,2,2.9,0.8,0.556,1.0,99.81,1.22,2.67,isocratic,4.2,0
coated_tablet,2,1.8,1.84,0.573,0.999158,99.82,0.96,3.06,isocratic,3.0,0
api_powder,2,4.3,1.797,0.367,0.99999,100.46,1.73,2.73,isocratic,8.5,0
api_powder,2,7.4,1.237,0.903,0.999719,100.76,1.47,1.8,gradient,10.0,0
suspension,1,6.5,1.058,0.906,0.999989,99.1,1.05,3.05,gradient,9.0,0
suspension,4,4.1,0.753,0.616,0.999497,98.78,0.81,2.56,gradient,8.9,0
suspension,3,1.8,0.859,0.566,0.999789,99.66,1.12,2.55,gradient,14.2,0
suspension,3,8.0,0.171,1.247,0.997272,101.36,0.88,2.68,isocratic,11.9,1
api_powder,0,2.7,0.99,0.7,1.0,99.8,1.21,2.7,isocratic,10.4,0
cream,1,4.8,0.599,0.393,0.999265,98.96,0.95,2.35,isocratic,15.6,0
api_powder,2,9.2,0.7,0.261,0.999862,100.17,1.3,2.76,gradient,11.5,0
api_powder,2,2.9,1.332,0.281,0.999792,100.68,0.83,2.23,isocratic,7.1,0
coated_tablet,0,7.3,0.387,0.658,0.99891,101.01,0.8,2.63,gradient,22.9,0
coated_tablet,1,3.1,1.032,0.522,0.999755,101.19,1.08,1.72,gradient,11.8,0
cream,2,9.9,1.741,1.929,0.999529,100.25,1.19,2.39,isocratic,17.8,1
cream,2,5.2,0.35,1.908,0.999953,100.64,1.7,1.98,gradient,7.4,1
coated_tablet,2,2.6,1.09,0.656,0.997842,99.51,1.11,2.83,isocratic,6.0,0
api_powder,2,2.6,2.075,1.018,0.999218,101.21,0.94,1.88,isocratic,8.5,0
coated_tablet,1,4.6,1.986,0.526,0.999955,101.78,1.02,3.14,isocratic,18.2,0
api_powder,2,4.4,0.66,0.87,0.9999,98.47,1.08,2.76,isocratic,9.3,0
cream,2,4.5,0.431,1.376,0.99999,98.24,1.05,1.67,gradient,6.3,1
suspension,2,3.9,0.403,0.871,0.99999,98.75,1.24,3.28,isocratic,4.1,0
coated_tablet,3,6.5,1.051,0.764,0.99999,99.22,1.16,1.75,isocratic,13.4,0
cream,2,3.1,1.084,0.559,0.999455,100.19,0.8,1.39,isocratic,3.3,1
coated_tablet,2,4.9,0.34,0.423,0.999363,100.13,1.3,2.77,isocratic,11.4,0
cream,4,9.0,1.519,0.499,0.99999,98.25,1.12,3.18,gradient,8.8,1
cream,2,3.6,0.313,0.69,0.99999,99.72,1.57,1.69,isocratic,11.6,0
coated_tablet,1,9.7,1.371,0.375,0.999905,99.92,0.98,2.36,gradient,10.1,0
cream,3,4.9,0.796,0.583,0.999948,99.95,1.68,2.91,gradient,13.4,1
cream,1,3.0,4.502,0.761,0.99999,99.84,1.18,2.04,gradient,7.8,0
suspension,1,4.3,3.083,0.442,0.999814,99.01,1.18,2.57,isocratic,13.5,0
coated_tablet,2,6.1,0.587,1.741,0.999956,98.96,1.03,1.65,gradient,13.4,1
coated_tablet,2,4.3,0.97,0.448,1.0,100.54,1.21,2.15,isocratic,9.7,0
coated_tablet,2,7.6,0.959,1.553,0.99999,99.37,1.39,2.15,isocratic,3.9,0
suspension,1,1.9,2.17,1.09,0.998293,100.0,1.31,2.24,isocratic,21.2,0
suspension,3,2.8,0.48,0.535,0.99999,99.29,1.88,2.88,gradient,27.6,0
cream,2,4.7,1.63,1.145,0.994334,99.09,1.32,1.87,isocratic,13.4,1
cream,2,9.1,1.633,0.386,0.999535,100.0,1.4,2.38,isocratic,15.4,1
api_powder,2,8.8,0.795,0.391,0.99998,99.47,1.3,2.5,gradient,22.3,0
cream,3,8.7,0.604,0.708,0.998831,99.86,1.15,1.77,gradient,12.4,1
suspension,2,3.0,0.711,0.654,0.999947,100.47,0.93,3.61,gradient,18.7,0
api_powder,2,5.5,3.086,0.447,0.999105,98.1,1.08,1.58,isocratic,13.7,0
coated_tablet,2,6.2,1.117,0.217,0.99971,99.32,0.8,1.96,isocratic,10.5,0
coated_tablet,2,4.2,0.345,0.316,0.99999,98.28,1.13,2.06,isocratic,22.4,0
coated_tablet,1,8.3,1.36,0.264,0.998886,99.5,0.86,2.34,gradient,16.4,0
cream,2,7.1,1.885,0.647,0.999424,98.84,1.46,2.44,gradient,8.9,1
coated_tablet,1,5.0,0.364,1.539,0.99999,98.56,1.53,2.51,gradient,9.3,0
cream,0,1.7,0.401,0.429,0.999881,101.03,1.04,2.98,gradient,15.0,0
coated_tablet,0,6.1,0.801,0.515,0.999981,100.46,0.88,2.23,isocratic,7.7,0
suspension,4,6.8,0.19,0.658,0.999554,99.71,0.95,1.39,isocratic,9.4,1
cream,2,8.0,3.083,0.469,0.99999,100.39,1.39,2.39,isocratic,8.6,0
api_powder,3,9.2,1.042,0.274,0.999487,102.59,1.75,1.76,gradient,9.2,1
cream,2,8.5,0.697,1.038,0.999853,101.39,0.85,2.53,isocratic,5.9,1
suspension,2,2.7,0.741,1.592,0.999199,101.41,1.55,2.6,gradient,4.9,0
api_powder,0,5.6,1.372,1.069,0.99999,100.81,1.0,1.74,gradient,12.6,0
coated_tablet,4,3.2,4.62,1.23,0.999842,101.45,1.16,2.85,isocratic,5.6,0
cream,1,2.4,0.969,0.469,0.998923,99.98,1.0,3.28,isocratic,8.9,0
cream,3,4.6,1.51,0.992,0.988774,100.06,1.66,2.34,isocratic,9.2,1
suspension,1,9.2,0.583,0.509,0.999666,99.09,1.1,2.31,isocratic,8.8,0
cream,1,7.2,0.603,0.385,0.999821,98.55,1.47,2.31,gradient,11.0,1
coated_tablet,2,3.2,2.263,0.366,0.997796,100.49,1.49,2.15,isocratic,11.4,0
coated_tablet,2,6.6,1.341,0.425,0.999879,101.8,0.98,1.87,isocratic,12.6,0
suspension,2,9.3,0.228,0.991,0.999644,100.31,0.94,2.44,gradient,7.0,0
api_powder,1,6.7,1.091,0.493,0.999988,100.57,1.17,2.68,gradient,15.3,0
coated_tablet,2,9.1,0.644,0.521,0.99999,99.44,1.15,2.13,isocratic,16.6,0
suspension,1,6.2,2.303,1.017,0.999023,100.21,1.44,2.09,isocratic,10.5,0
coated_tablet,1,9.0,2.795,0.499,0.999953,100.28,0.98,2.24,isocratic,19.8,0
api_powder,2,7.3,0.354,0.281,0.999629,99.54,0.97,2.09,isocratic,25.5,0
api_powder,2,1.9,0.764,0.787,0.99999,101.9,1.04,2.57,isocratic,47.3,0
suspension,0,4.2,0.37,0.788,0.99999,99.54,0.87,2.02,isocratic,6.2,0
coated_tablet,3,4.8,3.118,0.368,0.999344,99.16,0.85,2.95,isocratic,14.8,0
coated_tablet,1,8.5,2.173,0.375,0.99999,99.25,0.82,2.45,isocratic,19.7,0
suspension,1,9.1,1.573,0.55,0.999613,98.83,1.13,2.17,gradient,8.9,0
coated_tablet,2,4.6,1.435,0.456,0.99999,100.82,1.28,2.37,isocratic,8.9,0
api_powder,2,1.9,2.513,1.274,0.996551,99.95,1.44,1.7,isocratic,22.5,0
coated_tablet,4,4.8,0.219,0.524,0.998795,99.37,1.58,2.57,gradient,3.7,0
suspension,0,7.2,1.207,0.384,0.999755,100.35,1.67,2.28,gradient,9.9,0
suspension,1,7.9,1.593,0.819,0.999193,98.88,0.95,2.07,gradient,18.3,0
api_powder,1,4.9,0.882,0.462,0.999615,101.28,1.14,2.59,gradient,9.2,0
cream,4,1.3,0.912,0.177,0.999259,99.52,1.48,2.1,gradient,14.5,0
cream,2,9.1,0.692,0.68,0.999834,99.74,1.0,1.39,gradient,11.2,1
coated_tablet,1,2.9,1.022,0.347,0.998911,98.97,0.96,2.04,isocratic,9.6,0
suspension,2,8.8,1.169,0.593,0.997146,100.5,1.36,2.37,isocratic,11.4,1
suspension,3,6.4,0.437,0.505,0.999983,100.94,1.01,2.76,isocratic,9.5,0
api_powder,1,3.0,0.371,1.82,0.99705,101.86,0.89,2.99,isocratic,18.1,0
suspension,2,2.2,0.384,0.278,0.99999,99.37,0.8,2.22,isocratic,16.4,0
coated_tablet,2,7.4,0.562,0.244,0.99999,99.91,0.98,3.03,isocratic,7.8,0
coated_tablet,1,1.4,0.752,1.379,0.999938,100.68,0.9,2.03,gradient,10.3,0
suspension,2,4.3,0.522,0.622,0.999722,99.17,1.84,1.93,gradient,11.8,1
coated_tablet,0,4.3,2.0,0.209,0.998533,100.09,1.04,2.81,isocratic,9.4,0
cream,3,8.5,0.41,0.446,0.999635,98.91,1.63,3.74,gradient,22.7,1
suspension,2,1.1,0.986,0.36,0.999449,101.13,0.94,2.57,isocratic,46.9,0
coated_tablet,1,1.9,0.408,0.432,0.99995,100.91,1.11,1.97,isocratic,15.1,0
cream,3,2.3,1.66,1.239,0.994859,99.32,1.31,2.54,isocratic,17.4,0
coated_tablet,0,3.7,0.821,1.226,0.99999,97.79,1.23,3.13,isocratic,3.2,0
coated_tablet,1,3.4,0.157,0.594,0.999978,99.99,0.8,2.11,isocratic,10.8,0
coated_tablet,1,3.6,1.47,0.794,1.0,100.2,1.17,2.19,isocratic,7.4,0
coated_tablet,2,8.4,0.141,0.332,0.999871,99.47,1.02,1.53,isocratic,10.2,0
api_powder,1,8.9,0.41,0.627,0.99999,99.62,1.05,2.15,isocratic,5.1,0
cream,1,3.6,1.315,0.294,0.99999,99.96,1.65,2.42,isocratic,6.5,0
api_powder,1,4.0,1.24,0.05,0.999305,99.44,1.1,2.33,isocratic,12.4,0
api_powder,2,2.1,1.49,0.904,0.999761,100.29,1.05,2.03,isocratic,7.1,0
suspension,2,2.5,0.915,0.379,0.99999,101.49,1.34,1.47,isocratic,7.0,0
cream,2,7.1,1.76,0.865,0.999091,99.09,1.11,2.22,isocratic,13.4,0
cream,2,2.0,1.918,0.52,0.996771,101.97,0.85,2.53,isocratic,8.6,0
coated_tablet,0,1.3,1.53,0.208,1.0,100.46,1.21,2.95,isocratic,10.6,0
cream,1,1.3,0.492,0.419,0.999988,99.22,0.85,2.72,isocratic,4.7,0
suspension,4,4.8,1.246,0.304,0.99999,101.29,1.01,1.78,isocratic,6.6,0
coated_tablet,1,3.2,2.054,0.178,0.997842,101.52,1.16,2.62,isocratic,11.6,0
coated_tablet,1,4.8,0.735,0.918,0.999691,100.4,1.61,2.64,isocratic,16.5,0
coated_tablet,1,2.5,0.267,1.034,0.999463,99.44,1.27,1.98,isocratic,12.1,0
suspension,1,2.3,0.903,0.85,0.99992,100.8,1.04,2.87,gradient,7.9,0
api_powder,0,4.0,1.89,0.705,0.996287,99.64,1.18,2.81,isocratic,12.7,0
cream,1,3.3,2.248,0.165,0.99999,101.56,1.25,3.02,gradient,6.2,1
cream,2,2.8,1.36,1.035,0.99359,99.68,0.8,2.48,isocratic,13.7,0
coated_tablet,2,4.9,1.76,0.63,0.999605,100.69,1.21,3.0,isocratic,9.7,0
cream,2,5.8,1.345,0.973,0.998889,100.37,1.65,1.79,gradient,10.3,1
cream,3,3.8,0.462,0.843,0.999711,99.55,1.37,1.29,gradient,20.8,1
coated_tablet,3,5.1,1.827,0.915,0.999906,100.13,1.15,2.19,isocratic,9.6,0
suspension,2,6.9,1.464,1.455,0.999915,99.79,0.94,1.64,isocratic,9.7,0
coated_tablet,2,7.1,1.107,1.698,0.999503,100.16,1.09,2.72,isocratic,15.7,0
cream,4,4.3,0.287,1.055,0.999447,101.15,1.62,3.14,isocratic,17.7,1
coated_tablet,1,7.0,8.812,0.613,0.999787,99.03,0.87,2.11,isocratic,10.4,0
suspension,2,1.5,2.167,0.691,0.999985,101.44,0.84,2.42,gradient,16.2,0
suspension,2,8.0,0.909,0.616,0.999879,100.28,1.16,2.55,gradient,7.8,0
coated_tablet,1,9.2,1.017,0.376,0.999875,99.04,1.11,1.92,isocratic,8.7,0
cream,4,3.1,1.256,1.298,0.999514,99.54,0.94,3.07,isocratic,6.5,0
coated_tablet,0,7.1,1.04,1.762,0.998308,100.02,0.8,2.48,isocratic,47.0,0
cream,4,3.1,0.237,1.771,0.999231,100.66,1.52,2.23,gradient,12.3,1
suspension,2,9.7,0.204,0.409,0.999914,100.12,1.14,2.12,isocratic,10.4,0
api_powder,1,9.0,0.758,0.431,0.99999,99.82,1.23,1.86,isocratic,13.6,0
cream,2,1.3,1.311,0.959,0.999901,98.45,1.6,2.01,gradient,11.9,1
suspension,1,3.5,0.405,0.343,0.99999,99.31,1.08,1.98,gradient,8.3,0
coated_tablet,4,6.3,0.475,1.122,0.999915,100.58,1.22,3.47,isocratic,9.3,0
api_powder,0,3.4,0.217,0.305,0.999233,99.56,1.09,3.06,isocratic,9.1,0
cream,1,8.8,0.941,0.595,0.999883,99.18,1.21,2.83,isocratic,9.0,0
api_powder,1,1.4,0.796,1.729,0.99999,100.56,1.23,2.09,gradient,13.4,0
api_powder,0,4.1,1.84,0.599,1.0,99.51,0.88,3.15,isocratic,17.5,0
coated_tablet,2,5.5,1.642,1.325,0.999678,100.01,1.46,2.02,isocratic,17.8,0
coated_tablet,2,3.3,0.265,0.316,0.999711,99.61,2.43,2.0,isocratic,25.7,0
coated_tablet,2,1.1,1.3,0.772,0.994869,100.72,1.01,2.99,isocratic,8.6,0
suspension,4,2.6,0.706,0.622,0.996656,100.1,1.16,2.05,isocratic,8.2,0
cream,1,3.2,0.839,0.592,0.99999,100.18,1.11,2.57,gradient,13.4,0
cream,3,1.2,0.829,0.931,0.99999,99.08,0.97,1.44,isocratic,24.4,1
coated_tablet,0,2.7,1.42,0.695,0.999735,99.85,0.83,1.67,isocratic,6.6,0
coated_tablet,1,3.1,0.465,0.366,0.99999,100.83,1.02,2.23,isocratic,11.6,0
suspension,1,8.7,0.518,0.461,0.99999,99.77,0.92,1.74,gradient,14.2,0
api_powder,1,7.3,1.151,0.442,0.999717,101.7,0.84,3.6,gradient,18.4,1
coated_tablet,1,1.8,0.865,0.673,0.999982,99.64,1.07,1.71,isocratic,32.1,0
api_powder,2,2.9,0.83,0.536,0.999563,99.63,1.4,2.16,isocratic,10.9,0
suspension,1,9.6,1.973,2.36,0.999988,99.92,1.15,1.83,isocratic,7.1,1
coated_tablet,1,8.2,2.742,0.531,0.99999,100.26,0.88,2.26,isocratic,7.9,0
coated_tablet,1,2.8,1.74,0.968,1.0,100.04,1.1,2.18,isocratic,7.0,0
api_powder,1,8.0,2.479,0.767,0.999988,102.48,0.95,1.88,gradient,12.2,1
cream,2,4.1,0.96,1.379,0.992051,98.94,1.02,2.27,isocratic,18.3,1
suspension,1,8.8,1.243,0.469,0.999408,98.89,0.92,2.9,gradient,7.8,0
coated_tablet,2,6.2,0.51,0.915,0.999983,102.14,1.04,2.09,isocratic,6.3,0
coated_tablet,3,3.8,0.638,0.466,0.999168,100.78,1.89,1.92,isocratic,8.6,0
coated_tablet,4,3.0,5.166,0.239,0.999127,99.15,0.92,2.72,isocratic,19.0,0
api_powder,4,2.4,7.543,0.535,0.998451,102.37,0.9,1.98,isocratic,6.4,1
coated_tablet,2,3.0,1.231,0.595,0.999894,102.03,1.14,2.45,gradient,9.9,0
cream,0,4.0,0.675,0.574,0.999979,101.1,1.24,1.87,isocratic,15.7,0
api_powder,2,3.1,0.543,1.236,0.99968,99.13,1.0,2.2,isocratic,5.6,0
suspension,1,2.9,0.578,0.578,0.99999,100.24,0.81,2.6,isocratic,3.0,0
api_powder,2,1.5,1.76,0.663,0.998309,100.76,1.08,2.55,isocratic,8.5,0
cream,3,7.4,1.575,0.485,0.999062,100.37,1.46,1.7,isocratic,22.4,1
cream,2,5.2,0.641,0.438,0.999881,98.83,1.64,2.78,isocratic,11.5,1
coated_tablet,3,1.7,0.673,0.331,0.99999,98.37,1.21,1.97,isocratic,8.4,0
coated_tablet,4,9.4,0.538,0.968,0.99999,98.02,1.62,3.17,isocratic,9.1,1
cream,2,2.7,1.43,1.083,0.996471,99.37,1.12,2.67,isocratic,15.2,0
cream,2,9.6,0.701,0.638,0.99999,97.6,1.5,1.86,isocratic,11.5,1
cream,3,3.0,2.726,0.942,0.999867,98.46,0.96,1.45,isocratic,9.4,1
coated_tablet,3,3.9,2.748,0.869,0.99999,100.25,0.81,1.98,gradient,12.3,0
cream,3,1.0,0.961,0.834,0.99979,100.0,0.88,3.02,gradient,22.6,0
coated_tablet,2,6.5,1.76,0.59,0.999936,99.9,1.03,3.58,isocratic,8.6,0
coated_tablet,0,2.7,0.76,0.4,0.998336,99.67,1.01,2.15,isocratic,16.8,0
api_powder,1,9.2,0.679,0.947,0.99999,99.76,1.07,2.81,gradient,6.5,0
cream,1,2.3,2.489,0.922,0.999927,98.98,1.13,2.85,gradient,5.1,0
cream,1,1.6,3.336,1.026,0.99999,98.4,1.18,1.49,gradient,15.4,1
cream,3,4.1,1.87,1.455,0.994673,99.06,1.1,1.87,isocratic,16.2,1
coated_tablet,1,3.0,1.421,0.251,0.999959,101.53,0.89,2.86,isocratic,15.9,0
suspension,2,3.7,0.699,1.501,0.999631,100.03,1.08,1.76,isocratic,6.9,0
coated_tablet,2,3.9,2.0,0.151,1.0,100.23,1.36,2.65,isocratic,7.3,0
coated_tablet,2,4.9,0.458,1.118,0.999784,97.82,1.62,2.68,gradient,8.0,1
api_powder,2,9.2,0.813,0.438,0.998823,100.17,0.8,2.11,gradient,3.7,0
coated_tablet,4,2.7,1.189,0.691,0.999085,99.74,1.32,2.03,isocratic,18.1,0
suspension,0,8.2,0.727,0.21,0.997947,99.75,0.8,2.65,gradient,28.4,0
cream,1,2.8,0.265,0.571,0.999541,98.43,1.53,2.48,gradient,18.0,1
suspension,1,6.0,1.061,0.961,0.999934,100.75,0.9,1.7,gradient,17.8,0
coated_tablet,2,2.9,0.554,0.845,0.999575,99.76,1.11,2.67,isocratic,13.9,0
cream,4,4.8,1.63,1.335,0.988837,99.77,0.91,2.63,isocratic,15.7,1
cream,0,1.3,1.684,0.93,0.999141,101.05,0.88,2.26,isocratic,19.8,0
coated_tablet,1,3.6,0.466,0.443,0.99999,101.48,0.88,2.35,isocratic,13.1,0
coated_tablet,2,2.2,0.584,1.364,0.99999,101.25,1.12,2.57,gradient,7.9,0
api_powder,1,7.9,1.638,0.275,0.999849,100.78,1.19,2.57,gradient,7.9,0
cream,3,5.0,2.0,1.187,0.996758,99.5,1.34,3.0,isocratic,18.4,1
coated_tablet,1,5.1,1.628,0.663,0.999064,99.74,0.8,2.24,isocratic,13.9,0
coated_tablet,2,7.8,0.242,0.306,0.99999,100.62,1.29,2.17,isocratic,19.7,0
cream,1,1.7,0.805,1.198,0.99999,98.52,1.09,2.14,gradient,11.5,0
suspension,1,2.1,0.262,0.243,0.998421,100.32,1.82,2.12,gradient,8.1,0
coated_tablet,2,4.9,1.16,0.948,0.999185,100.48,1.16,2.84,isocratic,7.9,0
api_powder,3,9.4,3.143,0.797,0.999879,98.64,1.53,2.52,gradient,6.7,1
suspension,2,8.9,1.392,2.456,0.998777,99.19,1.2,2.72,isocratic,33.7,1
coated_tablet,2,4.5,1.302,1.244,0.998885,99.31,1.18,2.15,gradient,8.9,0
coated_tablet,0,2.8,0.63,0.779,0.99999,100.98,1.63,2.22,isocratic,11.2,0
suspension,1,9.8,0.438,0.415,0.99999,100.16,1.12,2.48,isocratic,15.6,0
cream,2,5.2,1.221,0.747,0.99981,97.84,0.96,2.07,isocratic,13.6,1
cream,3,7.7,0.448,0.648,0.999199,101.18,0.96,2.26,isocratic,8.4,0
cream,1,3.5,0.363,0.392,0.998689,101.35,1.47,2.34,isocratic,18.4,0
cream,2,5.6,2.573,1.08,0.999989,99.63,0.8,2.59,isocratic,7.7,0
coated_tablet,2,5.0,1.02,0.668,0.999112,99.56,1.19,2.42,isocratic,14.6,0
api_powder,1,3.9,5.961,1.386,0.999257,99.95,0.8,2.2,isocratic,14.4,0
cream,1,3.6,0.433,0.902,0.998317,99.04,0.97,2.78,isocratic,12.4,0
api_powder,4,6.1,2.589,0.648,0.999562,100.42,0.8,2.7,gradient,10.7,0
api_powder,0,1.4,1.97,0.497,0.997639,99.67,1.47,1.93,isocratic,5.1,0
api_powder,1,9.1,0.267,0.55,0.999703,100.22,1.15,2.12,isocratic,10.1,0
suspension,0,3.2,3.674,0.771,0.999959,99.62,0.85,2.99,gradient,7.5,0
coated_tablet,0,7.6,0.324,0.246,0.99999,99.41,1.0,2.35,isocratic,9.5,0
coated_tablet,1,7.2,7.262,0.944,0.999983,99.83,1.34,2.78,gradient,12.6,0
coated_tablet,2,3.3,1.56,0.306,0.998395,100.4,1.35,2.44,isocratic,14.3,0
coated_tablet,4,8.8,1.568,0.354,0.998647,101.44,1.41,2.23,isocratic,6.2,1
coated_tablet,3,5.7,2.032,0.778,0.99999,100.08,0.89,1.94,isocratic,20.3,0
api_powder,2,4.7,1.3,0.568,1.0,99.5,0.8,1.73,isocratic,6.2,0
cream,2,8.2,0.588,0.729,0.99999,98.91,1.55,1.44,isocratic,12.0,1
cream,4,1.2,1.29,0.982,0.995994,99.3,0.8,2.48,isocratic,15.8,0
suspension,1,5.2,0.56,1.807,0.999544,101.12,1.78,3.32,gradient,13.2,1
cream,1,4.7,2.842,0.555,0.999291,100.0,0.8,2.78,gradient,9.5,0
coated_tablet,2,4.8,0.972,0.68,0.996495,100.19,1.15,1.72,gradient,11.4,0
suspension,2,2.1,1.004,0.453,0.998986,101.33,1.12,1.08,isocratic,15.3,1
coated_tablet,1,3.2,0.94,0.692,0.996351,100.32,1.34,2.4,isocratic,6.4,0
coated_tablet,1,8.4,0.578,1.42,0.998442,100.05,1.57,2.44,isocratic,13.0,0
coated_tablet,1,2.2,1.52,1.027,1.0,100.09,1.21,2.56,isocratic,3.0,0
coated_tablet,2,6.9,0.414,0.183,0.999988,99.56,0.8,1.46,gradient,20.5,1
coated_tablet,2,6.1,7.678,0.448,0.999989,100.67,1.03,1.79,isocratic,7.6,0
cream,1,7.8,2.197,0.388,0.99999,99.11,1.14,1.87,gradient,7.2,1
cream,0,5.1,1.168,0.999,0.99999,99.05,0.83,2.88,gradient,10.7,0
coated_tablet,4,6.3,0.467,0.476,0.999454,100.14,0.86,2.84,gradient,24.8,0
coated_tablet,3,2.8,0.471,0.691,0.99999,100.97,0.8,1.83,gradient,4.1,0
cream,4,1.5,1.09,1.146,0.99356,98.92,1.29,3.07,isocratic,13.6,1
coated_tablet,0,3.6,0.599,0.293,0.99999,101.38,0.81,2.49,isocratic,8.3,0
cream,3,9.0,0.864,0.814,0.999903,100.19,1.12,2.39,isocratic,15.5,1
api_powder,3,8.8,1.829,1.248,0.999498,98.93,1.68,2.83,isocratic,7.4,0
suspension,3,4.2,0.281,0.3,0.999974,99.37,0.8,2.27,gradient,17.7,0
suspension,1,5.7,1.651,0.694,0.999983,99.82,1.33,3.32,gradient,10.8,0
cream,2,4.8,0.319,1.405,0.999942,100.58,1.16,2.85,gradient,3.0,0
coated_tablet,1,4.0,0.691,1.271,0.996951,102.33,1.26,2.53,gradient,25.7,1
coated_tablet,1,9.5,0.268,0.634,0.99999,99.17,0.92,3.37,isocratic,6.8,0
suspension,0,4.3,2.062,0.32,0.99886,100.77,1.16,1.84,gradient,12.7,0
cream,1,9.2,0.312,0.313,0.999884,98.24,0.95,2.67,isocratic,14.6,1
suspension,3,7.9,0.377,0.375,0.99999,99.15,1.68,2.32,isocratic,27.0,1
cream,1,6.8,1.028,0.591,0.999988,101.65,1.4,1.75,isocratic,19.2,0
cream,1,5.4,0.239,0.244,0.999778,100.61,1.1,2.22,isocratic,19.3,0
suspension,2,8.0,0.285,1.459,0.99893,101.13,1.04,2.56,gradient,16.7,1
suspension,1,7.1,0.575,0.306,0.99995,100.02,0.8,2.44,gradient,8.4,0
cream,3,2.8,0.664,1.532,0.999304,99.71,0.86,2.22,isocratic,8.1,0
api_powder,2,4.9,2.239,0.186,0.999872,100.17,1.01,2.69,isocratic,23.6,0
api_powder,1,2.1,0.78,0.647,0.996936,99.82,1.09,2.62,isocratic,10.4,0
cream,4,2.7,0.589,0.38,0.999799,100.92,0.86,2.09,isocratic,14.1,0
api_powder,2,3.3,1.221,0.971,0.999967,100.86,1.79,2.63,isocratic,17.7,0
coated_tablet,2,3.6,0.224,0.536,0.999974,99.27,0.8,2.17,gradient,8.2,0
coated_tablet,2,1.1,1.69,1.076,0.997769,100.23,1.24,2.49,isocratic,8.5,0
suspension,3,4.1,0.458,0.544,0.999792,101.98,0.83,2.62,isocratic,7.8,0
cream,1,6.4,3.599,0.716,0.999225,98.82,1.38,2.16,isocratic,13.6,0
suspension,0,8.5,0.706,0.61,0.998139,99.25,0.8,2.47,gradient,5.8,0
suspension,1,7.1,0.216,1.468,0.999915,98.92,0.8,2.36,gradient,27.7,1
cream,4,1.2,2.721,0.624,0.99999,99.69,1.16,2.28,gradient,10.4,0
suspension,4,6.2,0.703,0.825,0.999752,99.99,0.98,2.21,isocratic,26.7,0
suspension,1,9.2,1.987,0.602,0.99999,100.39,1.09,2.05,isocratic,14.7,0
cream,1,9.2,1.837,0.65,0.99999,100.62,0.9,1.51,isocratic,23.9,0
coated_tablet,4,8.1,1.577,1.377,0.999985,100.26,1.21,1.62,isocratic,18.5,1
cream,2,9.8,0.466,0.429,0.999658,100.68,1.13,2.58,isocratic,14.6,0
cream,2,8.6,0.143,1.447,0.999189,98.46,1.04,2.54,isocratic,11.6,1
suspension,1,5.3,2.239,1.725,0.999988,99.83,1.15,3.05,gradient,12.1,0
cream,1,7.7,1.291,0.843,0.999824,100.77,1.39,2.34,gradient,7.6,1
suspension,1,6.6,1.271,1.029,0.999894,98.72,1.08,2.28,isocratic,8.3,0
coated_tablet,3,4.3,0.635,0.531,0.99999,100.62,1.01,2.47,isocratic,8.9,0
api_powder,0,2.7,1.15,0.555,0.99906,99.97,1.15,1.92,isocratic,6.2,0
suspension,4,7.2,0.309,0.453,0.99999,100.68,0.95,1.2,isocratic,24.5,1
coated_tablet,1,3.9,1.26,0.681,0.999915,100.96,1.14,1.75,gradient,15.6,0
cream,2,4.6,1.48,1.147,0.993365,99.66,0.8,1.98,isocratic,10.6,1
cream,1,3.6,0.55,0.399,0.99999,99.98,0.8,2.99,gradient,16.9,0
cream,3,3.4,0.513,0.901,0.999873,101.9,0.84,2.11,gradient,15.8,1
cream,0,3.5,0.731,0.74,0.999952,101.34,1.07,1.81,isocratic,7.0,0
suspension,0,2.9,1.545,0.659,0.99999,99.09,1.01,2.53,isocratic,9.7,0
coated_tablet,2,9.0,0.231,0.478,0.999978,101.29,0.99,2.33,isocratic,16.1,0
api_powder,2,6.8,1.003,0.868,0.99999,99.1,1.17,3.32,isocratic,18.1,0
coated_tablet,1,5.7,0.519,0.492,0.999912,100.73,1.55,2.67,isocratic,9.6,0
cream,2,9.7,0.489,0.46,0.999962,100.06,1.59,2.22,isocratic,8.1,1
coated_tablet,2,7.0,1.121,0.099,0.996524,99.93,1.08,2.19,isocratic,6.4,0
coated_tablet,0,7.3,0.48,1.382,0.998516,100.43,1.29,1.96,gradient,16.6,1
api_powder,0,9.4,0.436,0.503,0.99999,101.44,1.11,2.92,isocratic,13.9,0
coated_tablet,0,2.8,1.1,0.749,0.999398,100.18,1.36,2.15,isocratic,5.1,0
api_powder,3,1.0,0.633,0.937,0.99999,99.72,1.33,2.39,isocratic,11.5,0
suspension,3,2.8,1.168,1.274,0.997975,101.22,0.8,2.35,isocratic,11.1,0
cream,1,5.3,0.712,0.622,0.999981,99.9,1.29,2.81,isocratic,12.5,0
cream,3,3.5,0.18,1.428,0.998907,98.91,1.06,1.89,gradient,52.6,1
suspension,0,5.4,5.782,0.534,0.999585,99.2,1.3,1.95,isocratic,24.0,0
suspension,1,4.5,1.473,0.866,0.99999,100.43,1.16,2.94,gradient,20.5,0
coated_tablet,2,4.0,3.087,0.853,0.996276,100.71,0.8,1.67,gradient,12.1,0
cream,3,8.0,1.999,0.437,0.999756,98.08,0.91,2.21,gradient,9.5,1
suspension,1,1.6,0.701,0.746,0.999603,100.62,0.9,2.55,gradient,19.2,0
coated_tablet,3,9.9,0.741,0.871,0.998309,100.23,0.94,2.68,isocratic,11.7,0
api_powder,2,5.3,1.522,1.139,0.99999,100.96,1.59,1.83,gradient,17.6,0
coated_tablet,1,5.9,1.615,0.226,0.99999,99.18,1.47,3.65,gradient,9.9,0
cream,2,8.7,1.783,0.941,0.99999,100.32,0.8,2.3,gradient,6.5,0
coated_tablet,3,5.6,0.4,0.39,0.99999,100.59,1.03,3.4,gradient,13.2,0
cream,0,6.5,0.393,0.48,0.999982,100.42,1.19,2.17,isocratic,10.4,0
suspension,2,7.1,0.699,0.231,0.999597,98.28,1.14,1.81,gradient,4.1,1
coated_tablet,2,2.7,0.775,0.561,0.999988,101.55,1.04,1.64,isocratic,8.3,0
coated_tablet,2,4.1,3.713,0.198,0.999855,99.7,1.9,1.77,isocratic,7.5,0
coated_tablet,1,8.4,0.517,1.112,0.999848,100.29,1.81,1.8,isocratic,14.6,1
coated_tablet,1,2.7,0.991,1.126,0.999194,99.78,1.05,2.46,gradient,13.1,0
coated_tablet,2,4.3,0.264,1.046,0.99999,98.18,0.99,1.53,isocratic,11.0,1
suspension,4,2.0,0.674,0.396,0.99999,100.67,1.37,1.62,gradient,5.2,0
api_powder,3,6.0,1.533,0.51,0.99999,101.19,1.23,1.71,isocratic,20.8,0
cream,3,1.6,1.62,1.042,0.993145,99.38,1.07,2.65,isocratic,17.5,1
coated_tablet,1,7.8,0.39,1.207,0.999312,100.64,0.91,1.92,gradient,10.6,1
coated_tablet,3,5.5,1.785,0.257,0.99999,100.66,1.2,3.34,gradient,7.4,0
suspension,3,7.9,1.763,0.259,0.999088,101.41,0.8,1.64,isocratic,20.4,1
suspension,2,6.7,0.577,0.294,0.999979,100.99,1.02,2.65,isocratic,8.2,0
coated_tablet,1,2.8,1.64,0.5,0.998477,99.47,0.95,3.04,isocratic,9.6,0
api_powder,0,8.0,1.194,0.646,0.999636,98.56,0.8,1.68,isocratic,12.9,0
api_powder,1,5.6,2.817,0.171,0.9999,101.32,1.32,2.73,gradient,8.2,0
coated_tablet,1,4.1,0.96,0.502,0.999949,101.34,0.82,2.18,isocratic,4.0,0
cream,3,2.7,1.88,1.266,0.9951,99.69,1.01,1.85,isocratic,13.4,1
cream,4,8.0,0.668,0.576,0.999948,99.64,0.93,2.05,isocratic,17.4,0
suspension,2,7.8,2.34,0.378,0.99869,100.87,1.05,2.29,isocratic,12.1,0
cream,4,2.6,0.55,0.817,0.991336,99.73,0.8,2.19,isocratic,13.8,0
api_powder,1,6.7,1.832,0.262,0.99999,97.99,0.82,1.67,gradient,23.1,1
coated_tablet,4,1.5,0.547,0.25,0.999074,99.37,0.8,3.25,isocratic,8.2,0
api_powder,2,6.6,1.278,1.302,0.999987,100.77,1.1,2.63,isocratic,7.9,0
cream,1,3.5,1.52,1.091,0.997342,99.67,1.35,3.3,gradient,8.5,0
coated_tablet,0,7.9,0.65,0.343,0.999877,100.12,1.07,2.2,gradient,16.9,0
coated_tablet,3,4.0,1.037,0.149,0.99999,99.36,1.69,1.76,isocratic,10.1,0
cream,4,1.7,0.57,0.955,0.991044,99.34,1.47,2.56,isocratic,14.6,0
coated_tablet,2,2.6,2.111,0.929,0.999883,100.34,0.97,1.91,gradient,12.2,0
suspension,2,1.7,2.063,0.171,0.99999,99.83,1.58,2.21,isocratic,5.4,0
suspension,4,2.3,2.423,0.233,0.999956,99.94,0.9,2.04,gradient,10.7,0
coated_tablet,2,3.1,1.76,0.882,0.996702,100.13,1.03,2.57,isocratic,8.1,0
api_powder,1,6.8,0.31,1.044,0.99999,100.14,1.37,2.89,gradient,8.3,0
coated_tablet,1,1.6,0.74,0.57,0.99955,100.47,1.21,2.37,isocratic,6.7,0
coated_tablet,2,4.3,1.314,1.041,0.999877,97.66,0.94,1.64,isocratic,52.2,1
api_powder,0,1.8,1.322,0.743,0.99999,102.05,0.93,2.02,isocratic,10.1,0
api_powder,2,4.3,1.164,0.961,0.999687,98.94,1.54,2.61,isocratic,13.7,0
suspension,2,6.2,1.171,0.434,0.999775,99.63,0.8,2.51,gradient,17.4,0
suspension,3,7.8,0.62,0.64,0.999945,100.59,0.98,2.84,gradient,5.8,0
coated_tablet,3,7.9,4.529,0.496,0.999418,99.8,0.99,1.48,isocratic,18.3,1
api_powder,3,3.1,2.174,0.201,0.999974,98.22,1.48,2.68,gradient,25.3,0
coated_tablet,3,8.7,0.283,0.456,0.999868,101.15,0.8,2.94,gradient,10.5,0
suspension,3,9.5,0.712,0.388,0.99999,101.17,1.26,1.74,isocratic,21.0,1
suspension,0,7.7,3.765,0.853,0.99999,99.01,1.5,2.9,gradient,11.7,0
cream,2,9.8,0.515,0.721,0.999979,101.06,1.3,2.57,isocratic,7.3,1
cream,1,2.1,2.089,0.347,0.99999,100.09,1.15,1.74,isocratic,15.1,0
api_powder,2,7.4,1.044,1.295,0.999986,100.69,1.68,2.44,isocratic,18.7,0
coated_tablet,2,2.0,0.74,0.153,1.0,100.38,1.04,2.33,isocratic,11.6,0
coated_tablet,1,3.6,1.79,0.854,1.0,100.59,0.97,2.77,isocratic,12.6,0
cream,3,3.6,1.412,1.364,0.999675,98.94,0.82,1.84,isocratic,32.5,1
cream,4,2.9,1.331,0.667,0.999309,100.88,1.34,2.25,isocratic,15.3,0
coated_tablet,2,9.7,0.357,0.316,0.999819,99.11,0.8,2.55,isocratic,16.1,0
api_powder,1,6.7,2.302,0.255,0.999176,99.18,1.39,2.51,isocratic,7.9,0
coated_tablet,2,10.0,0.649,0.499,0.999979,98.68,1.41,2.44,gradient,11.5,0
coated_tablet,2,6.2,1.516,0.981,0.999955,99.23,0.88,2.46,isocratic,17.4,0
api_powder,2,9.3,0.819,0.458,0.999945,98.72,0.8,2.35,gradient,19.7,0
suspension,2,7.0,1.007,0.813,0.999954,100.06,1.24,1.8,isocratic,5.5,0
api_powder,2,9.5,0.899,0.411,0.99999,100.03,1.4,2.56,isocratic,7.1,0
cream,1,2.4,0.918,0.606,0.999983,98.74,1.26,2.62,gradient,18.2,0
cream,0,9.7,1.398,0.335,0.997231,98.87,1.15,2.55,gradient,10.4,1
coated_tablet,1,1.8,0.84,0.498,0.998557,100.4,1.01,2.09,isocratic,4.7,0
suspension,1,4.6,0.519,0.326,0.999973,99.2,1.44,2.01,isocratic,7.8,0
cream,2,3.0,0.319,0.487,0.999269,101.19,1.21,2.63,gradient,25.0,0
cream,1,5.7,1.407,0.201,0.999524,99.42,1.3,2.24,gradient,8.8,0
coated_tablet,2,2.6,1.64,0.66,0.999006,100.92,1.15,2.34,isocratic,8.3,0
suspension,2,4.1,0.204,0.584,0.99999,100.63,0.9,2.98,isocratic,26.8,0
coated_tablet,1,5.8,1.464,1.194,0.998893,99.57,1.04,2.87,gradient,6.7,0
coated_tablet,1,2.3,1.617,0.431,0.99999,99.41,1.02,2.19,gradient,8.4,0
api_powder,3,6.7,0.714,0.525,0.999761,98.53,1.4,1.99,gradient,8.7,0
cream,1,5.8,1.546,0.4,0.998958,99.75,1.2,2.57,isocratic,11.9,0
api_powder,1,8.3,1.182,0.849,0.999753,99.6,0.8,2.1,isocratic,25.1,0
suspension,1,9.7,2.046,0.769,0.99999,99.89,1.13,2.77,isocratic,6.8,0
cream,0,5.8,1.983,1.602,0.99995,100.35,0.8,1.45,gradient,13.5,1
api_powder,0,3.6,0.746,0.35,0.999591,99.11,0.96,2.91,isocratic,23.0,0
suspension,3,8.1,0.536,0.627,0.99999,99.68,0.99,2.48,gradient,11.3,0
coated_tablet,0,5.6,0.417,2.607,0.99999,99.65,0.8,1.71,gradient,17.7,1
coated_tablet,3,9.1,0.332,0.185,0.999966,97.44,1.04,2.4,isocratic,6.9,0
cream,2,1.9,4.366,0.212,0.998936,100.75,0.8,0.72,gradient,9.0,1
cream,1,8.7,5.57,0.355,0.99868,101.55,0.8,2.46,isocratic,8.6,1
cream,1,6.3,1.095,0.662,0.99999,99.53,0.8,1.69,gradient,22.2,0
coated_tablet,1,9.8,1.304,0.47,0.99999,99.93,0.8,1.94,isocratic,16.3,0
suspension,3,3.3,1.578,0.826,0.99818,101.06,1.26,2.19,isocratic,16.2,0
coated_tablet,2,4.0,1.281,1.0,0.999822,100.43,1.98,2.21,isocratic,9.4,0
api_powder,1,1.6,1.61,0.331,1.0,98.84,1.38,2.48,isocratic,6.4,0
api_powder,0,1.8,1.085,1.034,0.999952,101.29,1.05,2.69,gradient,7.5,0
coated_tablet,1,4.5,2.608,1.373,0.99999,100.26,1.16,2.5,isocratic,5.1,0
cream,3,4.8,1.59,1.156,0.992689,99.18,1.32,2.72,isocratic,12.8,1
cream,1,9.0,1.443,1.097,0.999746,100.5,1.07,2.5,gradient,14.5,0
coated_tablet,1,4.3,2.222,0.66,0.999421,100.24,1.37,1.3,isocratic,7.5,0
api_powder,1,9.9,1.091,0.309,0.999643,99.81,1.28,3.09,isocratic,7.1,0
api_powder,2,9.9,0.088,0.67,0.999345,101.15,1.7,2.6,gradient,12.5,1
suspension,2,3.8,2.782,0.571,0.99999,101.08,0.8,1.9,isocratic,15.6,0
coated_tablet,4,5.6,1.471,0.479,0.99999,98.28,1.17,2.65,gradient,36.6,1
cream,2,4.0,1.426,0.259,0.999936,100.54,1.36,2.22,isocratic,25.6,0
suspension,2,6.7,2.725,0.573,0.999322,98.72,1.07,1.42,isocratic,21.2,1
coated_tablet,1,3.5,1.42,0.214,0.999778,99.42,0.99,2.25,isocratic,6.8,0
suspension,0,2.4,1.815,0.457,0.999754,99.47,0.83,3.02,isocratic,18.7,0
suspension,1,1.4,2.167,1.851,0.99998,98.67,1.26,1.8,isocratic,12.8,0
suspension,2,9.0,0.608,0.253,0.999706,99.02,0.91,2.06,isocratic,7.6,0
suspension,3,4.4,7.245,1.538,0.99999,99.68,1.05,2.58,isocratic,17.6,0
cream,2,7.1,0.935,0.432,0.99999,99.25,1.31,1.62,isocratic,10.3,0
cream,1,4.4,0.923,1.454,0.99999,102.01,1.06,1.99,gradient,23.0,1
coated_tablet,3,4.9,0.36,0.591,0.999859,99.38,1.16,2.34,gradient,12.4,0
coated_tablet,3,8.3,0.931,0.909,0.99999,100.42,1.42,1.72,isocratic,14.5,0
api_powder,2,8.3,3.996,0.705,0.99999,99.26,0.96,1.38,isocratic,10.3,1
coated_tablet,4,8.0,1.625,0.434,0.999948,100.91,0.99,1.92,gradient,19.3,1
coated_tablet,0,2.5,0.57,0.493,0.999578,99.56,1.24,2.18,isocratic,6.2,0
cream,0,4.0,3.511,0.37,0.99999,101.43,0.8,2.2,gradient,25.8,0
cream,2,6.6,1.227,0.466,0.999754,98.51,1.26,3.28,isocratic,6.2,0
coated_tablet,1,1.7,0.53,0.376,1.0,100.66,0.95,2.21,isocratic,5.7,0
coated_tablet,3,6.2,0.768,0.493,0.999541,99.31,0.96,1.67,isocratic,15.3,0
coated_tablet,2,2.0,0.65,0.688,0.999275,99.92,1.32,1.96,isocratic,8.8,0
suspension,1,3.6,0.956,0.448,0.998952,100.68,1.08,1.97,gradient,7.6,0
cream,1,6.2,4.085,0.425,0.999819,98.17,1.13,3.03,isocratic,9.5,0
cream,3,4.7,1.9,1.166,0.990481,99.73,1.45,2.18,isocratic,15.9,1
coated_tablet,1,7.2,1.398,0.782,0.999902,100.1,1.36,2.56,gradient,17.6,0
suspension,3,3.4,0.413,0.192,0.999898,101.72,1.14,2.26,isocratic,10.3,0
suspension,2,8.3,0.846,0.67,0.99999,99.88,1.26,2.54,gradient,8.8,0
suspension,1,6.3,0.555,0.476,0.997726,100.58,0.92,2.16,gradient,14.4,0
coated_tablet,4,3.1,1.644,0.255,0.997738,99.25,1.49,1.69,isocratic,19.4,0
suspension,2,7.7,0.72,0.284,0.999786,101.16,0.94,2.83,isocratic,7.0,0
coated_tablet,1,3.8,1.898,0.177,0.998724,99.45,1.26,2.37,gradient,7.2,0
cream,3,9.8,0.91,0.319,0.999988,100.75,2.16,2.53,isocratic,7.2,1
suspension,3,8.9,1.688,0.457,0.999883,100.16,0.98,2.23,isocratic,16.7,0
api_powder,0,1.7,1.08,1.241,1.0,99.61,1.43,1.76,isocratic,10.3,0
coated_tablet,2,6.9,0.233,0.384,0.999566,99.53,1.14,2.41,isocratic,13.8,0
cream,4,5.6,0.49,0.324,0.999911,98.69,1.46,2.39,isocratic,5.2,0
cream,2,9.9,0.121,0.657,0.999958,98.33,1.02,2.38,gradient,20.1,1
coated_tablet,0,4.2,1.73,0.966,0.995244,100.4,1.29,1.89,isocratic,8.0,0
suspension,1,8.6,0.737,0.762,0.999393,99.63,1.43,1.01,isocratic,16.2,1
cream,4,4.5,1.48,1.387,0.994386,99.48,1.21,2.42,isocratic,12.9,1
coated_tablet,0,3.4,1.8,0.243,0.997708,99.69,1.28,2.43,isocratic,10.6,0
suspension,2,5.0,1.252,0.513,0.999927,98.92,1.23,2.27,isocratic,21.9,0
suspension,4,3.0,1.418,0.947,0.996571,101.39,1.06,3.22,isocratic,19.6,0
suspension,1,2.1,2.406,0.7,0.999726,100.07,1.05,2.55,isocratic,18.3,0
suspension,3,4.6,4.066,0.777,0.999465,99.75,1.03,2.5,gradient,14.8,0
api_powder,2,3.5,0.385,0.619,0.99999,99.1,1.0,1.74,isocratic,15.5,0
coated_tablet,1,6.0,0.443,1.829,0.999578,99.36,1.42,2.86,isocratic,4.2,0
suspension,2,5.2,1.901,0.696,0.998628,101.85,1.14,2.45,gradient,18.5,1
coated_tablet,4,6.9,1.378,0.87,0.999948,98.28,1.25,2.89,gradient,11.8,0
coated_tablet,4,3.5,0.541,0.56,0.999841,99.72,1.06,2.28,isocratic,9.9,0
suspension,2,9.8,2.18,0.525,0.99999,99.61,1.3,2.27,gradient,10.5,0
coated_tablet,1,5.0,1.94,0.765,0.997642,100.73,1.13,2.4,isocratic,11.7,0
coated_tablet,1,3.8,0.477,0.517,0.999925,98.56,1.38,2.91,isocratic,5.5,0
cream,1,7.8,7.031,0.44,0.99999,101.53,1.26,2.16,gradient,12.9,1
cream,1,7.3,2.484,1.272,0.99984,99.4,0.8,2.24,isocratic,5.7,0
coated_tablet,1,9.9,1.974,2.099,0.999199,101.73,1.05,1.39,gradient,15.8,1
coated_tablet,1,3.5,0.91,0.271,0.997136,100.27,1.23,1.79,isocratic,9.6,0
coated_tablet,2,1.5,1.55,0.357,0.998224,100.65,1.61,2.52,isocratic,7.7,0
cream,2,1.1,0.917,0.327,0.997795,99.84,0.99,2.88,gradient,18.6,0
suspension,2,6.8,1.297,0.513,0.999852,101.24,0.96,2.29,gradient,8.4,0
cream,2,2.2,4.877,0.456,0.99997,99.94,1.1,2.2,isocratic,13.7,0
api_powder,4,7.0,0.474,0.72,0.999831,99.32,1.43,2.18,gradient,8.5,0
suspension,2,1.5,2.292,0.679,0.999021,99.56,1.08,1.18,isocratic,14.9,0
coated_tablet,2,2.5,2.309,1.007,0.99999,100.88,0.99,2.81,gradient,10.5,0
api_powder,1,6.7,0.458,0.363,0.999905,100.07,1.86,2.31,gradient,12.8,0
suspension,4,8.8,0.859,0.529,0.999935,100.01,0.92,2.76,gradient,16.3,1
coated_tablet,2,1.5,1.35,0.556,0.997718,99.8,1.34,2.35,isocratic,10.4,0
coated_tablet,0,7.8,0.695,0.734,0.999964,99.77,1.45,1.5,gradient,19.9,0
cream,2,4.4,1.925,0.305,0.999989,101.09,1.09,2.68,isocratic,13.6,0
coated_tablet,1,3.0,0.394,0.441,0.999811,98.51,1.23,2.32,isocratic,8.3,0
cream,3,3.5,1.935,0.197,0.999395,99.87,1.21,2.89,isocratic,9.7,0
api_powder,1,1.4,3.431,0.983,0.999879,98.54,1.24,2.39,isocratic,11.7,0
coated_tablet,0,1.4,0.68,0.287,1.0,100.57,1.17,2.12,isocratic,8.4,0
api_powder,1,4.4,0.874,0.675,0.999956,99.13,0.8,2.62,gradient,9.3,0
cream,3,3.4,1.927,0.474,0.999883,99.04,0.8,2.58,gradient,11.6,0
coated_tablet,3,1.4,0.489,0.337,0.999535,100.7,1.0,2.8,gradient,11.6,0
api_powder,0,3.7,1.501,0.481,0.998927,98.99,1.17,2.44,isocratic,12.8,0
api_powder,2,7.0,0.378,1.053,0.999615,102.1,0.97,2.04,isocratic,4.9,1
coated_tablet,0,7.3,0.626,0.834,0.999177,100.51,1.03,1.93,isocratic,30.1,0
coated_tablet,0,10.0,2.827,0.32,0.999598,99.11,0.84,1.43,gradient,34.1,1
api_powder,0,9.8,0.116,0.772,0.99999,100.96,0.8,2.38,isocratic,5.6,0
coated_tablet,3,2.6,0.501,1.336,0.999476,99.85,1.1,3.0,isocratic,11.9,0
cream,2,5.1,0.489,1.433,0.999909,99.96,1.47,3.1,gradient,3.5,0
cream,1,8.5,2.265,0.865,0.999263,99.47,1.71,2.71,gradient,6.1,1
suspension,2,2.9,0.593,0.627,0.999734,102.25,1.31,2.79,gradient,30.1,1
api_powder,3,8.2,0.492,0.915,0.999841,100.96,0.8,2.77,isocratic,15.6,0
coated_tablet,1,9.1,1.609,0.083,0.999201,99.61,0.8,1.92,isocratic,14.9,0
suspension,1,3.7,0.482,0.115,0.999588,100.24,0.98,2.76,gradient,6.3,0
suspension,1,4.3,0.224,0.694,0.99999,98.91,1.05,1.77,isocratic,9.4,0
suspension,1,2.5,1.499,0.819,0.998607,100.83,0.8,1.57,gradient,6.7,0
coated_tablet,2,6.2,1.182,0.697,0.99999,101.53,0.88,2.98,gradient,15.2,0
api_powder,2,6.3,0.636,0.369,0.999678,100.15,1.06,2.62,isocratic,11.1,0
cream,4,9.2,0.652,0.216,0.999985,98.77,1.18,2.18,gradient,12.3,1
suspension,1,7.0,1.143,1.412,0.999866,100.45,0.87,2.19,isocratic,17.1,0
suspension,1,7.3,0.681,0.507,0.999921,101.38,0.98,2.74,gradient,12.3,1
cream,0,2.4,0.569,0.38,0.999847,100.46,1.42,2.59,isocratic,11.9,0
suspension,2,7.6,0.202,0.653,0.99999,99.98,1.02,2.44,isocratic,7.9,0
api_powder,2,4.6,0.559,0.542,0.99997,97.7,1.27,2.19,gradient,12.5,1
cream,2,3.9,0.789,0.372,0.99999,100.39,1.59,2.36,isocratic,9.4,0
coated_tablet,3,7.7,0.63,0.339,0.999552,99.67,1.23,2.84,isocratic,20.3,0
coated_tablet,4,8.5,1.031,0.311,0.996776,100.67,0.8,2.95,isocratic,13.1,0
cream,2,3.2,0.65,0.859,0.991934,98.97,1.07,2.52,isocratic,14.1,0
suspension,1,1.3,0.512,0.273,0.99999,97.99,1.03,2.0,isocratic,14.8,1
coated_tablet,3,9.6,0.894,0.493,0.99991,98.93,0.84,1.9,isocratic,24.5,1
suspension,2,5.8,0.872,0.469,0.999898,99.88,2.01,2.17,isocratic,12.3,0
coated_tablet,1,9.8,0.994,0.559,0.999976,99.56,1.28,2.68,gradient,12.4,0
coated_tablet,1,2.9,1.214,1.913,0.99999,98.19,1.43,2.01,isocratic,22.9,1
cream,4,2.4,1.37,1.177,0.991575,99.31,1.03,2.29,isocratic,16.8,1
coated_tablet,2,6.3,0.558,0.616,0.999916,102.48,1.11,2.71,isocratic,3.7,1
suspension,1,6.8,1.077,0.562,0.999976,100.48,1.43,2.83,gradient,7.7,0
cream,3,7.7,3.622,2.015,0.99999,99.22,1.4,2.7,gradient,21.4,1
coated_tablet,3,8.7,0.463,0.473,0.999761,100.69,0.95,2.48,isocratic,24.0,0
coated_tablet,3,1.5,0.791,0.937,0.99998,99.28,1.48,2.68,gradient,13.0,0
coated_tablet,3,6.9,0.928,0.793,0.999951,102.11,1.52,2.33,gradient,18.3,1
suspension,1,6.9,0.663,0.348,0.999978,97.94,1.46,1.91,isocratic,6.4,1
cream,3,7.4,0.995,0.455,0.99999,99.32,1.24,1.59,gradient,13.6,1
coated_tablet,1,7.5,0.849,1.279,0.999982,97.97,0.82,2.7,gradient,27.5,1
cream,3,5.9,0.972,1.356,0.998769,100.9,1.2,2.07,isocratic,9.2,1
suspension,2,3.5,1.434,0.6,0.999179,99.49,1.05,1.43,isocratic,18.3,1
coated_tablet,0,6.4,1.193,1.724,0.99999,99.68,0.8,2.26,isocratic,15.8,0
coated_tablet,1,7.4,1.054,0.544,0.998658,100.09,1.08,1.69,isocratic,9.5,0
cream,3,2.9,0.72,1.236,0.992367,99.24,1.03,2.07,isocratic,13.9,0
suspension,3,5.6,0.536,0.615,0.995996,99.95,0.91,2.57,gradient,18.3,0
api_powder,0,6.1,0.784,0.826,0.999635,101.91,0.91,2.42,isocratic,22.0,0
coated_tablet,1,1.6,0.155,1.111,0.999738,99.28,0.96,2.21,isocratic,6.8,0
cream,1,5.5,1.35,0.585,0.99999,99.29,0.91,1.27,gradient,17.3,1
coated_tablet,1,7.9,0.565,0.668,0.99999,99.11,1.0,1.6,isocratic,22.2,0
api_powder,2,2.8,0.343,0.792,0.999929,100.52,1.13,2.68,gradient,22.2,0
coated_tablet,2,3.5,2.13,0.367,0.999007,99.2,1.33,2.89,gradient,7.5,0
api_powder,1,4.4,2.345,0.496,0.999905,98.95,1.4,3.09,isocratic,4.4,0
coated_tablet,3,3.6,0.226,0.976,0.99999,98.99,1.28,2.92,gradient,18.3,0
api_powder,1,8.5,0.748,0.736,0.999491,98.62,1.09,1.96,gradient,15.3,0
cream,3,1.3,1.95,1.372,0.992841,99.44,0.92,3.03,isocratic,18.7,0
coated_tablet,2,3.8,0.533,0.358,0.99999,99.06,1.3,2.75,isocratic,20.6,0
suspension,2,5.4,1.249,1.26,0.999431,99.31,1.0,3.22,isocratic,19.7,0
api_powder,1,6.8,0.723,1.664,0.999979,98.22,1.52,2.14,isocratic,3.8,1
api_powder,2,6.7,4.578,0.814,0.99999,101.43,0.8,1.5,gradient,8.1,0
cream,2,5.9,4.705,0.921,0.997418,98.83,1.21,1.84,gradient,20.4,1
api_powder,2,2.3,1.06,0.632,0.99999,99.32,1.02,1.83,gradient,6.3,0
suspension,1,7.7,0.624,0.505,0.999748,100.53,0.86,2.3,gradient,5.4,0
cream,1,3.8,1.714,0.761,0.99999,100.9,0.84,2.83,gradient,26.1,0
coated_tablet,0,4.6,0.897,0.706,0.99972,100.16,1.52,2.3,isocratic,13.6,0
coated_tablet,1,1.4,0.71,0.423,0.99988,98.22,1.33,2.32,gradient,5.3,0
suspension,4,4.0,0.761,0.126,0.999541,100.25,1.08,2.12,gradient,17.5,0
coated_tablet,2,1.2,1.89,0.351,1.0,100.5,0.93,2.31,isocratic,10.8,0
coated_tablet,1,5.7,0.59,0.31,0.99999,100.16,0.98,2.22,isocratic,12.2,0
coated_tablet,3,4.7,0.49,0.75,0.997708,98.95,1.53,2.56,isocratic,9.4,0
coated_tablet,2,5.0,1.044,1.664,0.999901,100.61,1.33,2.28,isocratic,12.9,0
suspension,1,1.8,0.23,0.816,0.999984,100.99,0.8,2.35,gradient,27.7,0
coated_tablet,1,1.9,1.72,0.336,1.0,100.68,1.3,2.89,isocratic,11.7,0
cream,2,6.2,0.739,1.335,0.999211,99.24,1.08,2.52,gradient,8.5,0
suspension,2,8.3,1.456,0.684,0.999663,101.28,0.93,1.91,gradient,31.3,1
cream,2,4.3,0.229,0.888,0.999954,101.83,1.42,1.78,gradient,9.1,1
api_powder,2,2.3,1.48,0.251,0.999394,98.97,1.26,2.65,isocratic,15.7,0
api_powder,1,2.6,1.62,0.37,0.998325,99.81,1.33,1.9,isocratic,6.1,0
api_powder,1,4.3,0.677,0.54,0.99999,99.33,1.28,2.15,gradient,10.8,0
coated_tablet,4,9.0,1.518,0.629,0.999954,98.8,1.05,1.22,isocratic,30.2,1
coated_tablet,2,5.0,1.453,0.688,0.998189,98.89,1.06,2.37,isocratic,5.1,0
coated_tablet,1,4.3,0.61,0.186,0.997033,100.87,1.06,2.49,isocratic,8.8,0
coated_tablet,2,1.8,1.128,0.876,0.999985,99.99,1.16,2.15,gradient,9.9,0
suspension,2,5.6,0.94,1.279,0.999804,99.5,1.09,1.64,gradient,16.4,1
api_powder,1,2.8,0.374,0.802,0.99999,100.75,1.19,3.02,isocratic,8.5,0
coated_tablet,1,6.5,3.483,1.213,0.995724,100.59,0.91,3.05,isocratic,17.7,0
suspension,3,6.4,0.706,0.524,0.997776,99.28,1.6,2.91,gradient,19.8,1
coated_tablet,2,2.1,0.554,0.525,0.99999,102.36,0.96,2.21,gradient,7.4,0
coated_tablet,0,2.9,1.41,0.269,0.998574,99.98,0.84,2.68,isocratic,8.7,0
coated_tablet,2,3.5,0.615,1.117,0.99989,100.37,1.32,2.77,isocratic,4.7,0
coated_tablet,0,2.7,1.17,0.154,1.0,100.16,1.17,1.46,isocratic,16.2,0
coated_tablet,0,1.0,1.26,0.645,0.998327,100.31,1.16,2.08,isocratic,12.4,0
coated_tablet,3,8.3,4.358,0.393,0.999644,98.97,1.36,2.02,isocratic,11.8,0
api_powder,4,5.5,1.532,0.631,0.999563,99.94,1.09,2.03,gradient,12.9,0
coated_tablet,0,2.8,1.15,0.538,0.994701,100.45,0.93,2.07,isocratic,5.9,0
coated_tablet,0,1.5,1.92,0.806,1.0,99.38,1.21,2.2,isocratic,11.7,0
coated_tablet,2,1.5,20.241,0.431,0.998814,99.3,1.16,2.37,gradient,5.2,0
api_powder,1,1.4,1.163,1.261,0.99999,100.25,0.8,1.14,isocratic,20.3,0
suspension,2,5.2,0.163,0.27,0.997231,98.6,1.24,2.75,isocratic,14.0,0
suspension,4,6.8,0.637,0.274,0.999915,100.67,0.94,1.68,gradient,11.2,0
api_powder,1,2.0,1.29,0.55,1.0,99.45,1.3,2.2,isocratic,13.3,0
coated_tablet,1,5.8,1.21,0.379,0.99999,101.08,1.39,1.72,gradient,3.0,0
coated_tablet,1,5.9,1.541,0.859,0.999739,99.11,1.39,2.92,isocratic,5.3,0
coated_tablet,2,4.8,1.57,0.749,0.996205,99.46,1.23,3.17,isocratic,10.9,0
cream,3,4.5,0.94,1.217,0.99642,99.4,1.27,2.17,isocratic,21.5,0
coated_tablet,2,7.2,2.178,0.488,0.999606,99.9,1.57,2.51,gradient,10.7,0
cream,4,3.8,1.36,1.202,0.997562,99.54,0.8,1.26,isocratic,17.2,1
coated_tablet,2,7.7,2.061,0.251,0.999815,99.25,1.36,3.0,gradient,9.7,0
coated_tablet,0,2.4,1.8,0.47,0.999354,100.45,1.04,1.87,isocratic,5.9,0
coated_tablet,1,7.4,0.708,0.699,0.999937,99.88,1.44,1.81,gradient,14.5,0
api_powder,4,3.5,0.08,1.089,0.999895,101.71,0.84,4.05,isocratic,3.3,0
api_powder,1,8.6,1.984,1.818,0.999914,99.25,0.8,3.05,gradient,6.0,1
api_powder,1,4.5,1.58,0.494,1.0,99.58,1.17,2.95,isocratic,16.3,0
api_powder,3,8.0,0.61,0.183,0.997107,101.66,1.55,2.79,isocratic,17.9,1
suspension,1,6.8,0.56,0.236,0.99994,98.9,1.05,2.67,isocratic,8.4,0
coated_tablet,0,8.7,2.49,0.689,0.999674,99.49,0.96,2.37,isocratic,8.5,0
suspension,1,7.6,0.938,0.764,0.99999,98.35,0.8,2.39,gradient,6.9,1
coated_tablet,1,3.2,1.58,0.444,0.999899,100.42,1.14,2.21,isocratic,8.8,0
coated_tablet,1,3.2,0.439,0.154,0.998288,98.97,0.8,2.47,isocratic,12.3,0
coated_tablet,0,1.1,1.42,0.152,1.0,99.06,1.19,3.13,isocratic,11.5,0
cream,4,4.6,1.52,1.384,0.992216,98.91,1.44,2.81,isocratic,13.8,1
coated_tablet,3,4.2,1.062,0.91,0.999977,101.11,2.06,2.12,isocratic,6.0,1
coated_tablet,2,9.6,0.461,0.345,0.999705,100.66,1.16,1.73,gradient,8.8,1
coated_tablet,2,2.4,2.603,0.409,0.999957,98.51,0.84,1.57,isocratic,17.6,0
cream,3,4.3,0.617,0.781,0.99999,99.46,1.29,3.23,isocratic,16.2,0
suspension,1,9.5,1.079,0.265,0.999509,101.23,1.81,2.7,gradient,10.3,1
coated_tablet,2,1.3,1.96,0.771,1.0,100.23,1.35,2.38,isocratic,9.4,0
coated_tablet,1,7.7,0.479,1.085,0.999947,99.57,1.4,2.75,gradient,9.0,0
api_powder,2,1.9,1.13,0.368,1.0,100.07,1.07,2.23,isocratic,10.8,0
coated_tablet,1,3.3,4.546,0.259,0.99999,98.85,1.17,2.47,isocratic,39.7,0
api_powder,3,8.1,0.274,2.108,0.999955,100.15,0.95,2.82,isocratic,12.9,1
api_powder,1,3.5,1.89,0.281,0.999921,99.24,1.44,2.82,isocratic,10.3,0
cream,2,3.0,0.39,0.387,0.999779,100.67,1.46,2.65,isocratic,26.1,0
cream,4,2.3,1.36,1.29,0.992847,100.5,1.06,2.27,isocratic,9.7,1
suspension,2,1.4,2.134,1.554,0.998879,97.4,1.03,2.33,isocratic,14.2,1
api_powder,1,5.0,1.34,0.466,0.99999,101.41,0.88,3.19,isocratic,13.8,0
cream,1,7.6,0.937,1.422,0.999614,98.94,0.89,1.41,isocratic,11.4,1
suspension,0,3.3,0.96,0.226,0.999973,100.48,1.12,2.94,gradient,19.1,0
cream,1,1.9,1.977,0.645,0.999923,100.08,0.92,2.55,isocratic,3.3,0
api_powder,3,1.3,1.128,1.554,0.99994,101.25,1.33,2.93,isocratic,9.3,0
cream,3,2.4,1.18,1.354,0.992774,99.39,1.1,2.68,isocratic,16.0,1
coated_tablet,2,4.6,0.88,0.599,0.999667,101.55,1.13,2.33,isocratic,13.0,0
cream,1,3.2,0.268,0.686,0.999908,98.72,0.8,1.98,gradient,19.6,0
api_powder,1,8.5,0.835,0.99,0.999201,99.49,0.91,1.98,isocratic,5.4,0
api_powder,2,4.9,0.876,0.404,0.99999,99.57,1.25,2.28,isocratic,20.5,0
cream,0,7.0,0.549,0.11,0.99999,100.31,1.15,2.55,gradient,18.6,0
coated_tablet,0,4.7,1.767,1.032,0.99986,100.51,1.13,2.97,isocratic,23.6,0
coated_tablet,0,2.0,0.68,0.573,0.998378,100.06,1.04,2.5,isocratic,8.4,0
api_powder,0,1.7,3.923,0.421,0.99999,100.4,0.8,1.91,gradient,19.3,0
cream,2,8.8,1.835,0.779,0.999361,99.77,0.84,2.83,isocratic,18.9,0
coated_tablet,2,4.4,0.87,0.496,0.999211,100.13,1.08,2.75,isocratic,11.0,0
coated_tablet,1,9.2,2.696,0.459,0.999115,100.85,1.09,2.37,gradient,9.4,0
cream,2,5.7,1.686,0.427,0.999935,98.72,1.25,2.31,gradient,14.3,0
api_powder,2,6.3,0.386,1.184,0.999772,98.76,0.93,2.64,isocratic,12.8,0
suspension,1,3.2,3.707,1.556,0.999927,97.87,0.89,3.09,isocratic,14.3,1
api_powder,3,9.6,1.48,0.459,0.999626,101.42,0.86,2.7,isocratic,12.5,0
suspension,0,6.9,1.32,0.444,0.9998,100.97,0.88,2.64,isocratic,16.5,0
coated_tablet,2,2.1,0.643,0.79,0.99999,99.11,1.03,2.04,isocratic,14.0,0
cream,3,4.7,1.339,0.3,0.999842,99.94,0.8,2.87,gradient,11.5,0
suspension,0,2.0,0.933,0.183,0.99999,99.19,1.15,2.3,gradient,12.4,0
suspension,3,3.6,1.545,0.607,0.999974,101.18,1.23,2.25,gradient,7.9,0
coated_tablet,1,6.6,0.529,0.685,0.99999,98.9,1.58,2.06,gradient,10.9,0
suspension,2,7.4,0.636,0.441,0.999289,98.76,1.02,1.71,gradient,15.4,1
api_powder,1,8.8,0.687,0.34,0.99999,101.05,0.95,2.13,gradient,14.9,0
api_powder,4,9.2,0.93,0.754,0.999512,100.48,1.42,1.96,isocratic,17.8,0
suspension,1,1.9,5.251,0.551,0.99999,99.33,1.07,2.53,gradient,11.8,0
coated_tablet,3,4.5,1.435,1.085,0.999387,100.18,1.29,2.38,gradient,26.0,0
suspension,2,7.1,2.238,0.929,0.99999,97.15,1.15,2.19,gradient,12.3,1
coated_tablet,2,9.6,0.44,0.945,0.999886,98.32,1.13,1.8,isocratic,9.4,1
api_powder,2,7.5,0.601,1.039,0.998882,99.3,0.88,2.0,isocratic,13.7,0
coated_tablet,1,2.6,2.021,0.879,0.99999,99.78,1.02,2.77,gradient,13.9,0
api_powder,0,5.4,0.575,0.497,0.999822,99.42,1.04,1.57,gradient,7.8,0
suspension,1,8.4,0.868,0.447,0.99994,99.73,2.53,2.17,isocratic,14.5,1
api_powder,2,9.7,5.603,0.438,0.999409,99.17,0.98,2.43,isocratic,17.0,0
cream,2,2.6,1.003,0.458,0.99977,100.4,0.92,1.7,gradient,5.8,0
cream,0,2.8,1.253,0.379,0.998414,102.69,0.81,1.81,isocratic,6.2,1
api_powder,4,2.2,1.085,0.456,0.998308,99.03,1.02,3.14,isocratic,24.4,0
coated_tablet,1,3.4,0.803,0.433,0.999935,99.68,1.37,2.73,gradient,6.0,0
coated_tablet,0,4.5,0.48,0.569,0.99999,99.42,1.27,2.16,gradient,13.6,0
suspension,1,7.5,0.634,0.298,0.999,99.37,0.91,2.39,isocratic,12.0,0
coated_tablet,1,2.0,0.932,0.648,0.99999,98.34,1.35,2.65,isocratic,7.7,0
cream,3,3.1,1.571,0.91,0.999326,99.07,1.07,3.09,isocratic,5.3,0
coated_tablet,1,4.1,1.271,0.813,0.99999,99.56,1.14,2.03,isocratic,28.3,0
coated_tablet,1,1.3,0.8,0.764,0.997369,100.36,1.39,2.37,isocratic,4.9,0
cream,2,1.8,6.127,0.944,0.999781,98.45,1.4,2.7,isocratic,10.4,0
cream,0,1.6,0.862,0.586,0.999989,98.88,0.82,2.59,isocratic,13.7,0
cream,2,5.8,1.292,0.915,0.999503,101.07,0.94,2.31,isocratic,17.0,1
api_powder,0,6.5,3.772,0.675,0.999774,99.82,0.82,1.62,isocratic,20.8,0
cream,2,4.5,1.151,1.164,0.999711,99.44,1.19,2.43,isocratic,27.7,0
coated_tablet,2,6.7,1.081,0.414,0.999696,100.18,1.05,2.28,isocratic,14.0,0
cream,0,3.1,0.506,0.591,0.99999,99.34,1.26,2.16,isocratic,21.2,0
suspension,1,9.9,0.443,1.08,0.999487,99.74,0.8,2.06,gradient,18.5,0
coated_tablet,3,4.2,0.486,0.82,0.999746,99.13,1.13,3.01,isocratic,8.8,0
suspension,3,7.7,0.24,0.246,0.999986,100.16,1.25,1.82,gradient,9.3,1
api_powder,1,4.1,1.78,0.781,1.0,99.09,1.01,2.1,isocratic,12.2,0
coated_tablet,3,2.2,0.619,0.85,0.99999,97.68,0.92,1.65,gradient,9.4,1
coated_tablet,2,3.6,0.686,1.368,0.99999,99.48,0.83,1.64,isocratic,6.0,0
suspension,1,2.4,0.664,0.29,0.998809,99.15,1.2,2.2,isocratic,39.0,0
suspension,3,3.4,0.975,0.436,0.999964,100.18,1.23,2.73,isocratic,3.0,0
coated_tablet,4,7.1,1.805,1.243,0.99999,100.51,1.36,2.82,isocratic,18.2,0
suspension,2,8.3,0.549,0.176,0.999825,99.01,1.03,2.42,isocratic,5.8,0
api_powder,4,7.7,1.231,2.525,0.99995,98.85,0.86,2.4,isocratic,9.3,1
coated_tablet,2,4.6,0.613,0.484,0.99999,99.78,0.88,2.55,isocratic,26.4,0
coated_tablet,0,2.1,2.312,0.356,0.999801,98.53,1.4,2.01,isocratic,16.6,0
api_powder,1,1.1,1.29,0.543,0.998062,100.11,1.14,2.57,isocratic,11.1,0
coated_tablet,2,5.3,2.873,1.467,0.999958,99.56,0.8,1.5,isocratic,12.8,0
coated_tablet,1,8.9,1.534,2.317,0.999003,100.2,2.08,2.08,isocratic,33.1,1
coated_tablet,4,8.2,0.6,0.468,0.999489,99.4,0.84,2.28,isocratic,9.9,0
api_powder,2,9.3,1.001,0.763,0.99994,98.51,1.49,2.29,gradient,4.2,0
coated_tablet,4,9.5,1.071,0.297,0.99999,98.45,0.92,2.05,gradient,5.6,1
coated_tablet,2,5.2,1.907,1.111,0.99999,100.95,1.07,2.17,isocratic,14.6,0
coated_tablet,2,4.3,0.926,0.617,0.999952,101.92,1.59,1.91,gradient,14.4,1
cream,1,6.3,0.802,1.562,0.999686,98.99,0.93,2.29,isocratic,14.3,0
coated_tablet,1,9.7,5.454,0.434,0.998493,99.86,0.85,1.84,gradient,20.7,1
cream,1,2.4,0.564,0.403,0.999977,101.43,1.03,2.37,gradient,14.0,0
coated_tablet,1,1.2,0.62,0.224,0.998191,99.83,0.88,1.93,isocratic,7.5,0
suspension,3,2.3,1.124,0.453,0.999762,98.53,1.7,2.56,gradient,5.9,0
suspension,0,4.1,1.111,0.823,0.99999,98.1,1.02,2.43,gradient,11.1,0
cream,2,6.7,1.101,0.762,0.999949,100.54,0.95,2.03,gradient,7.5,0
coated_tablet,2,6.6,1.613,0.654,0.99999,100.66,1.04,1.87,gradient,8.6,0
coated_tablet,1,6.4,0.662,0.346,0.998841,98.8,1.45,1.31,isocratic,8.8,1
api_powder,4,5.0,0.871,0.599,0.999704,100.92,1.07,1.53,isocratic,9.5,0
coated_tablet,3,2.4,1.636,0.346,0.99999,100.44,1.1,1.99,gradient,9.3,0
suspension,3,5.9,1.174,0.704,0.998911,101.58,1.33,2.81,isocratic,14.9,0
suspension,1,4.0,0.265,0.713,0.999922,100.39,1.19,2.57,gradient,16.0,0
api_powder,0,4.8,0.855,0.474,0.999971,98.86,1.15,2.52,gradient,8.3,0
api_powder,1,1.0,0.78,0.539,0.999439,99.51,1.17,2.63,isocratic,7.6,0
api_powder,1,6.2,0.934,0.337,0.999965,99.59,1.05,2.04,gradient,7.2,0
coated_tablet,1,6.7,4.555,0.287,0.999809,98.0,0.88,2.75,gradient,17.5,0
api_powder,3,5.1,0.319,0.693,0.999972,99.03,1.15,2.47,isocratic,13.9,0
coated_tablet,2,9.1,0.568,0.518,0.99956,100.3,0.8,3.26,isocratic,15.1,0
api_powder,3,2.0,2.085,0.571,0.99999,98.51,0.92,3.37,gradient,9.5,0
coated_tablet,2,2.4,1.136,0.686,0.999439,98.31,1.38,2.6,gradient,20.4,0
cream,2,5.8,0.672,0.895,0.999989,100.0,1.39,2.05,isocratic,14.3,0
api_powder,1,5.6,1.905,0.369,0.99999,99.08,1.41,2.11,isocratic,28.1,0
cream,0,9.5,1.974,0.281,0.999981,99.96,1.03,2.15,isocratic,35.0,1
coated_tablet,1,1.8,0.658,0.407,0.99999,100.0,1.11,2.45,isocratic,26.9,0
cream,1,3.1,0.735,0.637,0.99999,99.63,1.32,2.68,isocratic,16.0,0
cream,3,3.6,1.13,1.355,0.994255,99.12,1.08,1.95,isocratic,12.6,1
cream,4,4.3,0.822,1.095,0.99999,98.73,1.42,1.65,isocratic,11.0,1
coated_tablet,1,3.0,0.53,0.694,0.99622,99.79,1.12,2.43,isocratic,8.3,0
suspension,0,5.9,1.973,0.667,0.999841,98.71,1.42,1.62,isocratic,9.3,0
suspension,2,7.6,7.548,0.222,0.999984,100.79,0.84,2.81,gradient,6.2,0
api_powder,3,8.7,0.66,0.284,0.999246,100.83,1.44,2.57,isocratic,5.8,0
api_powder,0,3.4,0.76,0.365,0.99872,99.11,1.28,2.41,isocratic,5.6,0
cream,2,4.1,0.588,0.74,0.99926,99.68,1.05,1.8,gradient,20.1,1
cream,0,5.8,0.795,0.37,0.998474,99.11,1.86,2.93,gradient,17.0,1
coated_tablet,0,3.2,0.69,0.702,0.998911,99.95,0.85,2.54,isocratic,7.7,0
suspension,1,3.2,0.745,1.017,0.999811,101.27,0.81,2.59,gradient,15.3,0
coated_tablet,1,4.9,1.63,0.368,0.995419,100.4,1.03,2.13,isocratic,9.8,0
suspension,2,9.6,2.39,0.513,0.998821,100.47,0.8,2.18,isocratic,11.6,0
cream,0,8.1,1.081,0.363,0.999359,99.78,1.19,2.13,gradient,35.4,1
coated_tablet,1,7.4,0.612,0.938,0.999966,99.25,1.32,1.53,isocratic,11.5,0
suspension,1,2.4,0.734,0.523,0.99999,98.57,1.38,1.58,gradient,8.4,0
coated_tablet,3,7.0,0.845,0.743,0.999097,99.91,1.16,2.13,isocratic,7.7,0
cream,1,3.0,1.902,0.576,0.997038,97.58,1.15,1.94,gradient,8.8,1
coated_tablet,0,8.2,1.81,1.049,0.999854,100.37,1.1,2.55,isocratic,5.0,0
api_powder,1,3.2,0.68,1.04,0.999914,98.68,1.07,2.42,isocratic,14.6,0
suspension,3,7.4,1.02,0.44,0.99999,101.01,0.95,2.31,isocratic,5.8,0
suspension,2,5.7,1.327,0.471,0.999376,100.12,1.43,2.53,isocratic,8.8,0
api_powder,0,4.1,0.67,0.694,0.998739,99.66,1.27,1.85,isocratic,14.8,0
suspension,1,8.0,0.742,0.774,0.99999,100.4,1.06,2.66,gradient,7.4,0
coated_tablet,1,9.0,0.717,0.308,0.999852,100.35,1.3,2.2,gradient,10.7,0
api_powder,2,2.2,1.179,0.626,0.99999,99.97,0.97,3.28,gradient,23.3,0
coated_tablet,1,3.0,2.449,0.218,0.999986,99.93,1.74,2.62,gradient,12.3,0
cream,2,1.3,2.541,0.355,0.99976,100.2,1.16,2.0,gradient,5.7,0
suspension,1,3.3,0.986,0.602,0.998362,100.01,0.98,2.78,gradient,5.9,0
api_powder,0,2.1,1.47,0.409,1.0,100.25,1.21,3.22,isocratic,5.5,0
coated_tablet,1,5.4,0.989,0.642,0.99999,100.11,1.24,2.36,isocratic,29.4,0
cream,2,7.7,0.193,0.421,0.99999,99.55,1.34,2.74,isocratic,13.4,0
coated_tablet,4,5.9,0.667,0.449,0.999502,99.6,1.15,2.12,isocratic,46.5,0
api_powder,2,2.3,0.821,0.526,0.999953,98.79,1.93,1.45,isocratic,13.3,0
coated_tablet,2,4.8,0.859,0.303,0.99999,100.43,0.8,2.97,gradient,6.6,0
api_powder,3,8.6,1.101,1.058,0.999881,102.72,0.93,2.07,gradient,18.1,1
cream,2,5.5,0.704,0.662,0.999902,99.45,1.33,2.28,gradient,17.1,0
coated_tablet,1,7.7,2.941,0.543,0.999983,100.0,0.85,2.4,isocratic,10.9,0
cream,3,4.1,0.503,0.255,0.99974,99.72,0.89,2.22,isocratic,17.9,0
coated_tablet,0,1.5,1.54,0.322,0.997213,99.37,1.23,2.05,isocratic,11.0,0
coated_tablet,1,5.8,1.683,0.573,0.99999,100.3,0.87,2.26,isocratic,10.3,0
suspension,2,1.5,0.664,0.801,0.999983,99.04,1.38,2.72,isocratic,12.1,0
coated_tablet,2,4.3,0.468,0.129,0.999885,98.88,1.5,1.47,isocratic,10.6,0
suspension,2,5.5,2.79,0.728,0.999545,99.37,1.13,3.05,isocratic,20.2,0
cream,1,8.0,0.808,0.188,0.999642,98.63,0.91,2.56,isocratic,3.8,0
api_powder,2,3.1,0.977,0.515,0.99999,101.16,0.96,3.15,gradient,13.7,0
suspension,2,4.0,0.164,1.273,0.999964,99.71,1.75,2.87,isocratic,21.8,0
suspension,1,9.1,1.476,0.427,0.999901,101.05,1.36,2.39,isocratic,8.2,0
suspension,0,2.2,1.018,0.475,0.99999,100.66,1.08,3.08,isocratic,18.8,0
suspension,1,5.1,5.218,0.326,0.999695,99.27,0.8,2.09,gradient,10.5,0
cream,3,9.8,1.338,1.869,0.999989,99.11,1.11,2.5,isocratic,30.8,1
suspension,1,7.0,2.835,0.464,0.999899,100.09,1.87,1.7,isocratic,16.2,0
suspension,3,6.6,0.807,0.88,0.99987,99.18,1.51,2.06,isocratic,16.6,0
coated_tablet,0,6.7,1.336,0.326,0.99955,101.31,0.98,2.52,gradient,13.2,0
cream,2,3.1,1.9,0.918,0.995965,99.09,1.11,2.3,isocratic,13.3,0
coated_tablet,2,1.7,1.7,1.311,0.99999,100.97,0.8,2.28,isocratic,12.1,0
coated_tablet,3,8.6,1.354,2.584,0.999139,99.69,1.21,2.29,gradient,3.2,1
coated_tablet,0,1.5,1.5,0.715,0.997216,100.01,0.9,2.57,isocratic,11.3,0
coated_tablet,0,1.6,1.76,0.643,1.0,99.57,1.2,2.16,isocratic,9.4,0
suspension,4,5.8,0.56,0.351,0.999353,99.8,1.22,2.61,isocratic,11.3,0
cream,1,5.8,0.349,0.468,0.99999,102.13,0.99,2.52,isocratic,10.2,1
coated_tablet,2,3.4,0.498,1.423,0.999202,99.78,1.2,2.15,gradient,11.6,0
suspension,2,2.3,0.304,1.265,0.99999,98.69,1.19,2.83,isocratic,6.8,0
coated_tablet,2,1.8,0.314,0.337,0.999596,99.52,0.87,2.7,isocratic,11.0,0
suspension,2,6.2,0.62,0.289,0.998892,99.61,1.13,2.05,gradient,8.9,0
suspension,4,3.1,0.951,0.073,0.99999,101.2,0.8,2.03,isocratic,15.9,0
api_powder,0,1.9,1.09,0.05,0.995244,99.29,1.26,2.55,isocratic,10.6,0
api_powder,0,1.4,8.176,0.82,0.999048,99.95,0.82,1.94,gradient,7.3,0
coated_tablet,1,4.8,1.424,0.431,0.999986,102.11,0.96,1.78,isocratic,8.5,1
cream,2,4.6,0.527,0.804,0.999341,100.42,1.0,2.64,isocratic,15.1,0
api_powder,2,4.4,0.58,0.652,1.0,99.19,1.13,2.58,isocratic,12.6,0
suspension,1,3.9,0.454,1.328,0.999822,101.15,1.34,2.99,gradient,12.3,0
api_powder,2,8.7,1.07,0.473,0.999427,98.58,0.92,2.02,isocratic,20.2,0
api_powder,2,6.3,0.906,0.31,0.99998,100.15,1.07,1.71,isocratic,16.3,0
api_powder,4,1.3,0.616,0.444,0.99999,99.72,1.3,2.24,isocratic,6.7,0
coated_tablet,2,9.3,0.46,0.559,0.999149,99.67,0.91,1.22,isocratic,20.7,0
api_powder,1,6.2,1.652,1.78,0.99999,101.29,1.47,2.01,isocratic,11.4,0
cream,3,4.4,0.848,1.043,0.999485,100.01,1.16,2.62,gradient,11.4,0
suspension,0,8.0,0.393,2.101,0.999869,100.03,1.45,1.91,gradient,6.6,1
coated_tablet,2,1.4,0.8,0.483,0.997238,98.44,0.94,2.31,isocratic,8.2,0
api_powder,1,1.9,3.972,1.131,0.999776,100.58,1.3,2.87,gradient,5.8,0
api_powder,1,4.1,0.7,0.5,0.999805,100.54,0.8,2.41,isocratic,10.5,0
suspension,3,4.1,5.33,1.205,0.999027,100.39,1.36,2.02,isocratic,19.6,0
api_powder,3,8.7,1.474,0.432,0.999725,101.52,1.7,2.64,gradient,6.4,1
cream,2,2.1,1.01,1.081,0.993639,98.86,1.17,2.11,isocratic,10.0,0
api_powder,2,4.5,1.164,0.184,0.998885,101.34,1.47,3.13,isocratic,13.7,0
cream,2,5.7,1.761,0.371,0.999796,100.17,1.63,2.59,gradient,13.4,0
coated_tablet,3,2.4,0.661,0.48,0.999695,101.65,0.8,1.76,gradient,8.5,0
coated_tablet,3,9.6,1.448,0.642,0.999903,98.47,0.8,1.93,gradient,52.0,1
coated_tablet,3,2.2,0.76,1.776,0.99986,99.86,0.98,3.07,isocratic,15.2,0
cream,2,5.0,3.597,0.928,0.99999,99.6,1.05,3.01,isocratic,17.3,0
api_powder,2,5.2,0.464,1.252,0.99999,99.9,1.34,2.74,gradient,6.2,0
api_powder,0,2.0,1.62,0.561,1.0,99.55,0.8,2.26,isocratic,6.7,0
cream,3,6.7,1.606,1.299,0.998712,100.0,0.86,1.66,gradient,7.0,1
cream,1,8.5,0.538,0.373,0.999924,100.19,0.82,2.95,gradient,6.8,0
suspension,3,1.2,1.693,0.38,0.999967,100.44,1.75,1.41,isocratic,9.5,1
coated_tablet,2,3.3,1.37,0.621,1.0,100.3,1.44,2.6,isocratic,12.6,0
coated_tablet,2,4.6,1.69,0.636,1.0,99.92,0.8,2.75,isocratic,11.7,0
api_powder,0,4.0,0.86,0.332,0.997877,98.99,1.0,1.69,isocratic,6.9,0
api_powder,1,7.3,0.258,0.386,0.99999,99.74,0.87,2.32,isocratic,9.3,0
api_powder,4,1.2,0.646,0.428,0.999981,99.69,1.09,2.17,gradient,11.4,0
api_powder,1,5.8,0.568,0.399,0.996596,97.89,1.17,2.26,gradient,11.6,1
cream,2,2.8,1.75,1.582,0.992192,98.76,1.01,2.4,isocratic,7.9,1
api_powder,2,6.9,0.519,1.063,0.998541,101.59,0.83,3.15,isocratic,18.3,0
coated_tablet,2,1.0,0.295,0.829,0.999982,101.5,1.86,2.54,isocratic,6.8,0
suspension,0,4.7,1.506,0.552,0.999947,99.92,1.42,1.29,isocratic,11.6,0
suspension,2,3.4,0.699,0.709,0.999963,99.41,1.01,1.47,isocratic,19.1,0
api_powder,0,3.7,1.485,1.061,0.99999,100.2,1.75,1.93,isocratic,5.5,0
suspension,2,4.1,0.945,0.979,0.999959,100.55,0.82,1.59,gradient,12.0,0
coated_tablet,1,8.8,0.744,0.487,0.997101,100.0,2.73,2.68,gradient,19.0,1
suspension,0,5.9,0.757,0.714,0.99999,99.74,0.96,3.21,gradient,8.7,0
api_powder,1,3.4,2.421,0.347,0.999979,99.04,0.8,2.12,gradient,6.6,0
suspension,2,4.3,0.567,0.551,0.999742,99.78,0.87,2.46,isocratic,7.7,0
coated_tablet,2,1.5,1.0,0.21,0.999631,100.52,1.23,2.56,isocratic,13.3,0
cream,2,6.1,1.198,0.447,0.999797,97.83,1.07,1.95,isocratic,18.9,1
api_powder,3,8.0,0.616,1.02,0.99999,99.34,1.42,2.79,isocratic,14.0,0
coated_tablet,2,7.3,0.595,0.382,0.99999,99.34,1.05,2.18,gradient,8.1,0
coated_tablet,1,1.3,1.807,1.328,0.999735,97.98,0.9,2.79,isocratic,9.3,0
coated_tablet,3,7.4,1.692,0.239,0.999759,98.23,1.15,1.93,gradient,13.0,1
suspension,1,7.9,0.722,1.711,0.999805,100.23,1.31,2.28,gradient,10.2,1
suspension,0,7.1,0.426,0.487,0.99999,100.88,0.8,2.14,isocratic,8.9,0
api_powder,2,3.8,0.474,0.717,0.99999,102.22,1.52,2.69,isocratic,15.2,1
cream,3,9.4,1.446,0.474,0.999142,99.98,1.12,2.44,isocratic,5.3,0
api_powder,0,7.8,0.459,0.616,0.99988,100.16,1.28,2.22,isocratic,21.2,0
suspension,4,4.7,0.397,0.489,0.999973,100.38,1.17,2.17,isocratic,8.6,0
coated_tablet,1,1.9,0.668,0.749,0.99999,98.66,1.27,2.33,gradient,18.9,0
coated_tablet,2,3.2,0.794,0.654,0.999983,99.95,1.28,2.59,isocratic,17.1,0
coated_tablet,1,8.5,0.635,0.298,0.99983,100.97,1.21,2.41,gradient,36.9,0
coated_tablet,2,3.0,1.73,0.529,0.998667,100.95,1.15,1.61,isocratic,11.1,0
suspension,2,7.6,6.168,0.815,0.99999,101.98,1.04,2.47,isocratic,20.1,1
suspension,3,2.0,1.957,0.308,0.99999,100.63,1.0,2.19,gradient,4.4,0
api_powder,1,5.7,0.383,1.146,0.999955,98.35,0.92,2.63,isocratic,38.7,0
coated_tablet,2,2.7,14.226,0.225,0.996014,98.6,1.16,2.47,isocratic,7.2,0
coated_tablet,3,2.8,1.444,0.475,0.999911,99.51,1.44,2.21,gradient,9.5,0
cream,1,1.8,0.274,0.821,0.998358,100.53,1.87,2.78,isocratic,13.3,0
coated_tablet,1,6.6,1.644,1.505,0.999686,100.14,1.45,2.0,isocratic,11.0,0
coated_tablet,2,2.5,1.8,0.617,1.0,99.51,1.29,2.44,isocratic,11.7,0
suspension,3,9.4,2.119,1.143,0.99998,101.0,1.37,3.64,isocratic,11.7,1
cream,3,4.3,2.115,0.465,0.99999,99.76,1.55,1.18,gradient,13.8,1
coated_tablet,4,1.1,0.807,1.419,0.999939,101.91,0.95,2.3,isocratic,11.6,0
api_powder,2,3.4,0.87,0.197,1.0,99.6,1.0,3.16,isocratic,13.8,0
api_powder,0,2.2,0.87,0.5,0.999911,99.41,1.23,2.31,isocratic,5.8,0
suspension,2,3.5,0.398,0.221,0.999662,98.27,1.19,2.37,gradient,15.2,0
suspension,1,3.2,1.997,0.483,0.999964,100.77,0.87,3.01,isocratic,15.4,0
suspension,1,5.8,1.682,0.492,0.999025,99.21,1.29,2.31,gradient,13.7,0
cream,4,4.9,1.237,1.274,0.99999,98.92,1.05,1.41,isocratic,10.2,1
cream,4,1.0,1.521,0.574,0.997876,100.36,1.09,2.18,isocratic,10.7,0
coated_tablet,2,4.8,0.452,0.683,0.99999,98.92,1.05,3.09,isocratic,10.2,0
api_powder,1,5.2,2.712,0.283,0.99999,102.87,1.33,2.22,isocratic,10.9,0
coated_tablet,3,8.5,1.239,0.505,0.99999,100.77,1.89,2.62,gradient,11.2,0
coated_tablet,2,8.5,1.377,0.266,0.999853,100.29,1.08,1.97,gradient,6.8,0
coated_tablet,1,4.7,0.811,0.648,0.999943,100.05,1.38,1.93,gradient,25.0,0
coated_tablet,3,1.1,1.121,0.692,0.99999,99.83,1.2,1.8,isocratic,8.5,0
coated_tablet,2,2.7,1.364,1.383,0.999463,98.8,0.98,2.4,gradient,29.6,0
coated_tablet,2,5.2,0.534,1.103,0.999734,102.08,1.16,1.78,gradient,7.9,1
api_powder,4,3.2,0.346,0.279,0.999962,99.05,1.27,2.44,isocratic,10.3,0
api_powder,3,3.9,2.187,0.592,0.999466,100.71,0.96,2.22,gradient,7.5,0
suspension,1,3.9,2.415,0.709,0.999955,100.76,1.81,2.16,gradient,22.9,0
cream,1,7.4,0.726,0.388,0.998456,101.72,1.14,2.17,isocratic,4.9,1
api_powder,2,5.0,0.779,0.643,0.999248,98.73,0.8,2.07,isocratic,18.7,0
suspension,2,8.0,0.809,1.406,0.998682,99.3,1.24,2.18,gradient,10.6,1
cream,3,3.4,0.458,0.737,0.999924,98.7,1.0,2.1,isocratic,6.1,0
coated_tablet,4,4.0,0.884,1.284,0.99971,100.05,1.47,1.49,isocratic,16.0,1
suspension,2,5.7,0.572,0.289,0.99999,99.76,1.18,2.52,isocratic,7.5,0
coated_tablet,3,4.0,1.326,0.578,0.99999,100.1,0.91,2.06,gradient,26.0,0
cream,3,9.9,1.057,0.298,0.999907,100.62,1.26,2.14,isocratic,7.3,0
suspension,4,1.6,0.635,0.212,0.99949,101.47,1.26,1.8,isocratic,7.6,0
cream,3,4.8,0.187,0.092,0.99995,101.09,1.31,2.37,isocratic,34.6,0
coated_tablet,4,4.9,2.707,0.47,0.997194,99.65,0.88,2.44,isocratic,12.6,0
coated_tablet,1,2.2,0.276,0.383,0.999876,99.52,1.33,2.22,isocratic,4.2,0
api_powder,4,1.9,0.608,0.561,0.999889,98.02,0.82,2.83,gradient,16.3,0
coated_tablet,2,2.6,0.343,0.759,0.99999,98.9,0.99,2.14,isocratic,13.8,0
api_powder,2,6.4,0.894,1.724,0.99999,99.33,1.04,3.03,isocratic,11.7,0
coated_tablet,2,2.1,1.87,0.728,0.997474,99.7,0.96,2.25,isocratic,6.5,0
coated_tablet,0,6.7,2.894,1.138,0.999869,100.17,1.2,2.71,gradient,3.0,0
suspension,3,9.5,1.302,0.614,0.997549,98.93,1.01,2.69,gradient,5.6,1
coated_tablet,0,3.5,0.302,1.111,0.99999,100.77,0.8,2.94,isocratic,12.1,0
coated_tablet,0,7.5,1.738,0.218,0.999942,100.16,1.17,2.2,gradient,30.0,0
api_powder,0,1.4,1.51,0.368,0.997758,100.8,1.16,2.6,isocratic,4.7,0
api_powder,0,7.9,0.746,2.04,0.999913,102.07,1.22,1.64,isocratic,13.3,1
coated_tablet,1,6.1,2.17,1.737,0.999805,100.91,1.55,1.99,gradient,9.0,1
cream,3,3.4,0.85,1.187,0.997766,99.91,0.8,2.37,isocratic,11.4,0
suspension,3,8.2,1.135,1.116,0.999633,100.1,1.43,2.31,gradient,14.9,1
suspension,2,9.6,2.751,0.898,0.99961,98.98,1.41,2.13,isocratic,15.9,0
suspension,3,4.1,0.276,0.51,0.99999,100.92,0.8,2.13,isocratic,12.4,0
coated_tablet,3,4.2,0.723,0.192,0.999962,100.28,0.94,1.81,isocratic,3.4,0
cream,2,8.4,0.364,0.263,0.999501,102.03,0.8,2.4,gradient,10.4,1
suspension,1,7.9,0.965,0.792,0.99999,102.02,0.99,1.5,gradient,7.8,1
suspension,1,4.7,1.751,0.351,0.999959,101.55,1.29,3.11,gradient,12.8,1
coated_tablet,1,3.3,1.21,0.774,1.0,100.12,1.05,2.69,isocratic,8.8,0
suspension,3,5.8,2.011,0.817,0.99999,99.25,1.43,2.28,gradient,7.6,0
coated_tablet,2,7.0,0.593,0.727,0.999049,100.01,1.13,1.86,isocratic,13.9,0
cream,4,3.3,1.58,1.025,0.992305,99.5,1.03,1.65,isocratic,14.8,1
suspension,4,7.1,1.164,0.635,0.999379,99.57,0.94,1.9,isocratic,12.6,1
suspension,2,6.9,1.513,0.324,0.99999,99.94,0.96,1.95,gradient,10.0,0
coated_tablet,4,6.9,1.304,0.491,0.999562,99.99,1.24,3.39,isocratic,4.7,0
api_powder,2,2.9,1.118,0.618,0.998656,98.76,0.83,1.52,isocratic,17.2,0
cream,4,2.1,2.709,0.615,0.999962,98.94,0.9,2.36,isocratic,12.4,0
coated_tablet,3,1.8,0.733,0.463,0.999946,99.14,0.93,3.02,isocratic,5.6,0
api_powder,1,9.3,0.297,0.505,0.99999,100.58,0.93,2.27,isocratic,9.1,0
suspension,0,3.9,0.984,0.196,0.999973,97.0,1.09,2.62,isocratic,7.0,1
coated_tablet,1,4.1,0.456,0.302,0.999878,102.87,1.28,1.96,gradient,14.8,1
api_powder,1,6.0,2.932,0.781,0.999985,98.95,1.24,2.75,isocratic,10.6,0
coated_tablet,2,4.6,0.52,0.378,1.0,99.82,1.2,2.85,isocratic,8.3,0
api_powder,2,2.4,1.7,0.857,0.999923,99.52,1.12,3.04,isocratic,14.4,0
cream,4,2.2,0.28,0.207,0.99999,99.76,1.09,1.27,isocratic,13.8,1
api_powder,2,7.6,0.849,0.976,0.99986,99.43,1.05,2.16,gradient,7.5,0
coated_tablet,0,6.8,1.466,0.555,0.997776,99.07,1.5,1.96,gradient,17.8,0
coated_tablet,2,7.7,0.904,1.036,0.999767,101.39,1.22,2.69,isocratic,6.9,0
coated_tablet,1,7.4,3.394,0.309,0.99999,97.49,1.22,2.37,gradient,10.9,1
suspension,0,4.3,1.114,0.294,0.999952,100.58,1.39,2.12,gradient,11.7,0
cream,0,1.8,10.405,1.602,0.998835,98.32,1.42,2.41,gradient,11.8,1
coated_tablet,0,3.1,0.65,0.56,0.999004,100.54,1.26,2.77,isocratic,8.1,0
api_powder,3,1.2,2.421,0.344,0.999717,101.34,1.11,2.13,isocratic,10.2,0
coated_tablet,1,7.1,1.065,0.829,0.998777,98.74,0.8,2.43,isocratic,13.4,0
coated_tablet,0,9.4,1.612,1.123,0.999428,98.0,1.25,2.19,isocratic,13.1,0
suspension,2,9.8,2.813,1.578,0.999822,99.23,0.86,2.8,gradient,17.1,1
api_powder,4,1.7,1.523,0.567,0.999943,100.42,0.8,2.43,gradient,9.3,0
coated_tablet,1,4.2,2.079,0.615,0.999748,101.15,1.16,2.52,isocratic,12.3,0
coated_tablet,0,2.2,0.88,0.05,1.0,98.9,1.44,2.57,isocratic,13.0,0
cream,2,9.3,1.213,0.591,0.999337,99.98,1.39,2.89,gradient,23.4,1
coated_tablet,1,8.3,2.01,0.454,0.999423,99.62,0.8,2.53,isocratic,14.3,0
api_powder,1,2.6,0.855,2.573,0.99999,101.42,1.22,2.32,isocratic,23.9,0
coated_tablet,1,2.8,0.561,0.182,0.997824,100.72,0.9,1.5,isocratic,11.1,0
coated_tablet,0,2.5,1.498,0.476,0.998903,96.57,1.05,2.89,gradient,8.2,1
cream,2,2.7,1.21,1.421,0.991676,99.42,1.07,2.39,isocratic,15.6,0
coated_tablet,1,7.7,0.564,0.553,0.999969,99.82,1.25,1.78,isocratic,3.9,0
coated_tablet,1,8.7,0.579,0.806,0.999823,100.63,0.84,2.58,isocratic,10.4,0
cream,3,9.3,3.268,0.57,0.999982,99.82,1.73,2.82,isocratic,18.2,1
suspension,3,6.3,0.383,0.268,0.99999,100.29,0.91,2.15,gradient,9.0,0
suspension,1,7.6,2.695,0.457,0.999766,98.68,1.79,2.56,isocratic,15.2,0
coated_tablet,0,1.5,1.01,0.304,0.999851,100.69,2.0,2.36,gradient,11.6,0
coated_tablet,1,5.1,0.38,0.918,0.998927,98.54,0.95,2.93,gradient,17.4,0
suspension,2,4.2,0.508,1.242,0.999379,101.04,1.42,1.75,isocratic,6.4,0
api_powder,0,4.2,1.87,0.505,0.996308,100.1,1.28,2.7,isocratic,7.4,0
suspension,2,8.1,0.35,0.906,0.999982,98.13,1.05,2.72,gradient,10.2,1
coated_tablet,2,2.5,0.759,0.637,0.999865,99.94,1.05,1.83,gradient,6.6,0
coated_tablet,2,3.6,2.295,1.388,0.998087,100.19,0.92,1.89,gradient,10.3,0
api_powder,2,4.4,0.57,0.531,1.0,100.59,1.23,2.19,isocratic,6.7,0
coated_tablet,2,2.5,0.54,0.219,0.996159,99.57,1.14,1.66,isocratic,8.4,0
api_powder,1,2.1,2.754,0.235,0.99999,100.08,0.85,2.06,gradient,8.1,0
suspension,1,3.2,1.494,0.594,0.999982,99.69,1.52,1.86,gradient,12.9,0
api_powder,1,4.4,1.373,1.034,0.999238,97.25,1.25,3.06,isocratic,6.5,1
coated_tablet,2,6.0,1.382,0.514,0.99999,100.08,1.45,2.82,isocratic,14.7,0
coated_tablet,3,2.2,0.898,0.456,0.99999,100.15,1.04,2.29,gradient,13.6,0
coated_tablet,2,5.0,1.97,0.764,1.0,100.6,0.85,2.41,isocratic,5.1,0
suspension,1,7.6,0.682,0.558,0.99999,100.54,1.41,2.2,isocratic,8.2,0
suspension,2,3.2,0.592,0.687,0.999982,100.37,0.8,1.8,gradient,17.6,0
suspension,4,8.6,1.37,1.266,0.999312,101.55,1.56,1.87,isocratic,13.0,1
suspension,3,8.5,3.027,0.441,0.999348,100.5,1.4,2.26,isocratic,26.1,0
suspension,1,9.5,0.474,0.835,0.999987,101.46,1.31,1.69,isocratic,25.9,0
coated_tablet,1,8.5,0.789,0.815,0.997896,99.2,0.8,2.65,isocratic,10.9,0
coated_tablet,2,8.5,0.732,0.765,0.999988,100.48,1.04,2.09,isocratic,10.9,0
suspension,2,5.8,0.71,0.504,0.99999,100.93,1.92,1.54,gradient,9.1,1
suspension,2,7.1,1.215,0.876,0.999918,101.37,0.8,1.56,gradient,12.5,1
coated_tablet,3,2.9,1.446,0.468,0.999972,98.82,1.0,1.73,gradient,12.0,0
cream,3,3.0,7.572,0.303,0.999914,100.61,1.25,2.79,gradient,6.9,0
suspension,0,4.9,2.31,0.306,0.99999,98.72,1.3,3.53,gradient,23.7,0
cream,1,9.7,1.872,0.287,0.999123,99.81,0.95,2.72,gradient,16.8,0
coated_tablet,0,2.9,0.56,0.76,0.996894,100.62,1.36,2.61,isocratic,4.4,0
api_powder,1,5.6,0.935,0.471,0.99973,98.36,0.8,3.48,isocratic,8.0,0
coated_tablet,1,4.0,1.73,0.217,1.0,99.52,1.16,2.45,isocratic,13.5,0
suspension,2,5.7,1.202,0.575,0.999795,98.49,1.35,1.73,isocratic,6.4,1
coated_tablet,1,3.2,2.141,0.221,0.997658,100.6,1.27,2.03,isocratic,12.1,0
cream,3,2.3,0.63,0.821,0.993834,98.13,0.89,2.29,isocratic,12.5,1
suspension,4,8.4,3.708,1.093,0.997706,100.95,1.48,2.4,isocratic,18.1,0
suspension,2,2.6,0.883,0.226,0.99988,97.99,0.97,1.96,gradient,15.4,1
coated_tablet,3,8.4,1.137,0.31,0.999462,100.22,1.02,1.91,isocratic,6.6,0
suspension,4,6.9,0.973,0.296,0.999807,101.64,1.5,3.31,isocratic,21.8,0
coated_tablet,0,1.8,0.378,0.497,0.999565,101.29,1.28,2.09,gradient,20.0,0
api_powder,2,4.8,4.023,0.626,0.99999,99.96,0.82,2.87,isocratic,23.0,0
cream,1,8.3,1.517,1.024,0.99999,101.49,0.8,1.61,gradient,14.9,1
coated_tablet,2,7.9,0.977,0.346,0.999904,99.88,1.22,1.9,gradient,17.4,0
api_powder,1,3.2,0.184,0.742,0.999865,100.06,1.21,1.94,gradient,10.2,0
coated_tablet,4,6.8,1.037,0.229,0.999707,98.84,0.9,2.06,isocratic,23.6,0
api_powder,2,3.7,1.48,0.702,0.999958,100.07,1.01,2.43,isocratic,10.6,0
suspension,2,1.5,0.681,0.681,0.99999,99.61,1.35,3.06,isocratic,36.9,0
suspension,2,4.2,1.087,1.181,0.998446,100.41,0.8,2.7,isocratic,6.6,0
cream,3,6.3,0.905,0.487,0.99994,101.39,1.37,2.62,isocratic,8.7,0
coated_tablet,0,3.1,0.339,0.61,0.999924,98.71,1.06,2.42,isocratic,12.6,0
suspension,4,4.4,2.946,0.413,0.999951,100.82,0.99,1.5,isocratic,10.7,0
suspension,1,8.9,0.826,0.375,0.999394,99.58,0.8,2.0,isocratic,9.5,0
coated_tablet,2,1.3,1.64,0.05,0.996992,100.65,0.99,2.22,isocratic,9.5,0
suspension,3,5.6,1.404,1.569,0.998633,100.58,1.12,2.58,gradient,36.8,1
suspension,1,3.9,1.248,0.74,0.99999,98.91,1.05,2.3,isocratic,9.5,0
api_powder,2,7.4,0.576,0.41,0.998789,100.82,1.34,2.76,isocratic,13.7,0
coated_tablet,2,7.0,0.767,0.687,0.999966,98.55,1.06,2.82,isocratic,23.9,0
cream,1,8.5,0.375,1.726,0.999583,100.66,0.97,2.14,gradient,11.1,1
coated_tablet,2,1.5,0.227,0.828,0.99931,101.92,0.84,1.79,isocratic,8.0,0
coated_tablet,1,7.8,0.655,0.605,0.999879,100.94,0.86,1.71,isocratic,9.2,0
suspension,1,6.2,0.781,2.016,0.99999,101.31,1.67,3.35,gradient,26.3,1
suspension,1,6.6,0.57,0.834,0.99999,99.85,1.26,2.37,isocratic,10.1,0
coated_tablet,2,1.3,1.79,0.55,0.998092,100.12,1.05,2.14,isocratic,3.0,0
suspension,2,7.7,0.9,0.656,0.999771,101.55,0.84,2.37,isocratic,22.0,1
suspension,3,5.0,0.13,0.645,0.999204,100.65,1.39,1.76,gradient,4.1,0
coated_tablet,2,3.9,1.491,0.678,0.999979,100.16,1.01,2.39,gradient,3.6,0
suspension,0,9.3,2.415,0.766,0.99999,100.37,0.98,1.8,gradient,9.0,0
coated_tablet,2,2.2,1.34,0.554,1.0,100.83,1.16,2.32,isocratic,13.4,0
api_powder,1,4.8,0.321,1.545,0.99997,99.86,1.57,2.24,isocratic,7.3,0
coated_tablet,1,6.5,0.389,2.264,0.996895,101.02,0.82,2.61,isocratic,22.8,1
coated_tablet,1,2.6,2.211,0.836,0.99999,100.36,0.86,1.99,isocratic,14.1,0
coated_tablet,0,8.6,0.327,0.884,0.999984,98.73,0.8,2.72,isocratic,8.7,0
api_powder,1,3.3,0.249,0.344,0.999616,101.94,1.2,2.9,gradient,7.8,0
cream,3,5.1,0.357,0.706,0.999909,99.27,1.61,1.7,isocratic,11.3,1
api_powder,2,5.4,0.435,0.385,0.999988,98.98,0.96,2.49,gradient,16.2,0
api_powder,2,9.8,0.301,0.954,0.999981,101.09,0.87,1.77,gradient,23.8,0
suspension,4,1.9,0.431,0.702,0.999399,99.34,1.93,2.54,gradient,7.2,1
suspension,2,1.9,2.048,0.877,0.999881,100.61,1.18,2.08,isocratic,14.5,0
suspension,2,1.2,0.55,0.405,0.999961,100.97,0.94,1.69,gradient,5.2,0
coated_tablet,1,1.5,0.64,0.554,0.998887,100.39,1.23,2.01,isocratic,14.3,0
suspension,3,7.4,1.341,0.714,0.999828,100.34,1.77,2.42,isocratic,20.5,1
api_powder,0,2.3,1.9,0.864,0.997504,99.62,1.25,3.51,isocratic,14.4,0
api_powder,1,9.6,1.363,0.553,0.999511,99.75,0.8,1.04,isocratic,8.3,1
cream,0,8.7,0.664,0.994,0.999442,101.18,1.24,2.31,gradient,10.6,0
coated_tablet,1,4.7,2.288,0.739,0.999951,101.17,1.14,2.55,isocratic,22.7,0
cream,1,1.7,1.919,0.846,0.999849,99.81,0.8,2.03,gradient,22.5,0
api_powder,0,3.4,0.68,0.05,0.998413,101.01,1.24,2.28,isocratic,11.4,0
api_powder,3,2.9,1.251,0.471,0.99999,99.64,1.42,2.49,isocratic,9.5,0
coated_tablet,0,3.2,1.55,0.676,0.997856,100.88,1.35,2.58,isocratic,12.3,0
suspension,0,6.2,1.045,0.52,0.999895,100.93,1.01,3.46,isocratic,17.7,0
suspension,2,5.5,1.007,0.841,0.999968,99.64,2.02,2.6,isocratic,34.6,1
api_powder,4,9.7,0.886,0.65,0.999302,99.63,0.97,2.86,isocratic,9.1,0
coated_tablet,2,1.1,0.762,0.231,0.999829,99.52,0.88,1.1,gradient,11.9,0
coated_tablet,2,1.1,1.56,0.735,0.999515,100.07,1.08,2.14,isocratic,5.6,0
coated_tablet,2,3.3,0.996,1.03,0.999985,99.66,0.99,1.63,gradient,22.0,0
api_powder,0,4.8,1.95,0.75,0.999412,99.64,1.01,2.28,isocratic,15.2,0
api_powder,0,2.1,0.606,0.768,0.999729,98.82,1.27,1.9,gradient,8.8,0
suspension,1,2.2,0.856,0.306,0.999915,99.83,0.9,2.23,isocratic,7.2,0
coated_tablet,2,7.5,2.067,0.546,0.999946,100.91,1.22,2.85,isocratic,5.3,0
coated_tablet,1,6.0,0.99,2.297,0.99999,100.03,1.42,2.7,gradient,8.1,1
coated_tablet,0,7.9,0.781,0.824,0.999265,99.69,1.05,1.61,isocratic,21.3,0
coated_tablet,1,1.8,1.79,0.998,0.999825,100.29,1.42,3.17,isocratic,13.4,0
suspension,1,9.3,0.62,0.61,0.99999,100.01,1.0,2.45,isocratic,4.0,0
api_powder,2,3.7,1.83,0.584,0.999383,101.51,1.21,2.57,gradient,23.3,0
coated_tablet,1,1.6,1.078,0.411,0.999509,99.22,1.42,1.2,isocratic,9.6,0
suspension,3,3.5,0.988,0.797,0.99998,99.34,0.91,2.05,isocratic,5.8,0
cream,0,2.2,0.545,0.42,0.99999,101.05,1.31,2.49,isocratic,17.5,0
coated_tablet,1,6.9,0.705,0.912,0.999835,99.86,1.0,1.97,isocratic,17.1,0
suspension,1,9.8,1.403,0.383,0.999905,99.3,0.98,2.6,isocratic,13.8,0
coated_tablet,2,7.7,4.794,0.872,0.99999,100.39,1.15,1.73,gradient,17.1,0
cream,3,4.2,1.0,1.497,0.991304,99.02,1.13,2.73,isocratic,9.7,1
coated_tablet,2,8.3,1.542,1.744,0.999945,100.94,0.8,1.89,isocratic,10.8,1
coated_tablet,2,2.3,1.42,0.912,0.998566,100.64,1.62,2.36,isocratic,8.7,0
coated_tablet,1,7.1,1.322,1.202,0.99982,99.75,1.06,2.35,gradient,27.1,0
coated_tablet,0,6.8,2.534,0.915,0.998496,98.79,1.88,1.62,isocratic,11.1,0
cream,1,5.4,0.776,1.499,0.999877,99.09,1.46,1.38,isocratic,7.4,1
suspension,2,5.3,2.441,1.421,0.999143,99.42,1.38,3.13,isocratic,4.7,0
cream,3,8.8,0.207,0.499,0.999464,101.22,1.9,2.46,isocratic,11.0,1
coated_tablet,4,1.6,1.233,0.565,0.99999,100.92,1.35,2.61,gradient,11.4,0
coated_tablet,4,2.0,1.698,0.656,0.999981,99.8,0.81,2.99,gradient,28.5,0
cream,4,7.7,3.509,1.685,0.99969,100.72,0.97,2.77,gradient,10.4,1
cream,2,2.0,0.457,0.116,0.99999,99.82,1.44,1.99,isocratic,13.5,0
suspension,1,7.1,0.773,0.475,0.99999,99.78,1.27,2.42,gradient,4.3,1
cream,1,1.7,0.318,3.02,0.99999,100.91,1.3,1.44,isocratic,12.3,1
api_powder,2,6.6,4.575,1.206,0.997788,100.69,1.1,3.01,gradient,21.7,0
suspension,1,4.9,2.388,0.481,0.999967,101.13,1.16,2.07,gradient,9.8,0
coated_tablet,0,3.8,1.99,0.296,0.999101,99.72,1.19,2.65,isocratic,9.8,0
coated_tablet,2,3.0,1.594,0.473,0.999552,99.36,1.11,2.55,isocratic,17.2,0
suspension,0,9.7,0.621,0.316,0.998766,99.98,0.88,2.69,isocratic,15.1,0
coated_tablet,4,9.2,1.25,0.933,0.99999,102.22,1.17,2.38,isocratic,6.7,1
suspension,1,5.5,1.563,0.826,0.99999,101.55,1.25,2.75,isocratic,7.8,0
suspension,4,2.8,0.397,0.652,0.999447,101.27,0.91,1.83,isocratic,11.2,0
api_powder,2,9.7,2.923,0.2,0.999849,100.12,1.05,2.95,gradient,3.3,0
cream,2,8.3,0.542,0.482,0.99999,99.2,0.88,1.71,gradient,20.4,1
cream,1,6.1,2.552,0.326,0.99999,99.19,1.2,2.42,isocratic,15.4,0
api_powder,2,9.2,2.116,0.758,0.99999,99.46,0.8,2.39,isocratic,4.5,0
cream,3,7.0,1.815,0.826,0.999549,100.56,1.58,2.26,isocratic,11.0,0
suspension,1,6.6,1.114,0.475,0.999829,101.72,1.58,1.85,isocratic,10.0,1
cream,0,6.5,1.258,0.6,0.999939,99.47,0.88,1.58,isocratic,7.7,0
cream,2,6.9,0.85,0.549,0.99915,99.12,1.14,2.57,gradient,15.9,0
api_powder,0,6.6,0.181,0.581,0.99998,98.59,1.0,2.72,gradient,10.8,0
suspension,0,1.6,1.281,0.263,0.999599,99.34,1.02,1.74,gradient,20.1,0
coated_tablet,3,7.3,1.003,0.543,0.999823,100.84,1.19,2.58,isocratic,16.4,0
api_powder,1,2.0,1.02,0.719,0.997723,100.32,1.79,1.59,isocratic,12.1,0
suspension,2,9.6,0.432,0.68,0.99999,101.24,1.16,1.74,gradient,8.4,1
cream,0,8.6,0.965,0.602,0.99999,97.32,0.8,1.56,isocratic,15.3,1
cream,1,2.0,1.67,0.21,0.9996,99.47,1.03,1.81,gradient,15.1,0
cream,1,8.8,1.724,0.696,0.998179,99.51,1.28,1.63,isocratic,6.6,1
suspension,3,6.9,2.411,0.889,0.999352,98.79,1.19,1.14,isocratic,16.1,1
coated_tablet,1,7.1,2.299,1.352,0.999774,100.46,1.24,3.6,isocratic,17.3,0
cream,3,4.3,1.18,1.284,0.99438,99.39,1.05,2.83,isocratic,10.3,1
cream,3,4.6,3.741,2.544,0.99999,99.9,1.41,2.96,isocratic,22.5,1
coated_tablet,2,1.5,0.794,0.284,0.99999,101.79,0.87,2.84,isocratic,37.7,0
suspension,4,6.7,5.056,0.353,0.999839,98.99,1.27,1.63,isocratic,8.3,1
cream,1,8.4,1.052,0.331,0.999302,99.99,1.49,2.91,gradient,11.7,0
suspension,4,6.4,0.397,0.846,0.999859,100.87,0.94,2.05,isocratic,10.7,0
api_powder,2,4.7,0.793,1.929,0.999917,101.11,1.16,2.6,isocratic,6.2,0
coated_tablet,2,3.8,0.567,1.025,0.999719,98.49,1.05,2.23,isocratic,10.6,0
coated_tablet,0,2.0,1.44,0.657,0.99748,100.0,1.11,2.54,isocratic,11.8,0
coated_tablet,2,8.6,1.887,0.233,0.999983,101.6,1.03,2.24,isocratic,13.8,0
suspension,4,2.5,0.917,1.111,0.997879,99.55,1.1,2.47,gradient,11.5,0
cream,4,4.8,1.38,1.334,0.995846,99.23,0.8,2.78,isocratic,10.0,0
coated_tablet,1,9.7,1.594,1.394,0.999971,100.63,1.76,2.45,gradient,8.9,0
api_powder,1,3.8,0.916,0.921,0.999926,99.9,0.8,2.4,isocratic,10.6,0
coated_tablet,1,1.8,0.54,0.569,1.0,100.36,0.86,2.47,isocratic,10.8,0
api_powder,0,2.1,0.768,0.821,0.999944,98.58,1.22,2.54,gradient,8.0,0
api_powder,3,2.2,0.864,0.683,0.999948,99.85,1.47,2.82,isocratic,12.0,0
cream,1,4.5,1.559,1.512,0.99999,99.94,0.99,1.92,gradient,14.6,1
cream,1,3.3,0.804,0.549,0.99999,100.33,1.13,3.08,gradient,11.7,0
coated_tablet,4,5.8,2.847,0.242,0.999989,98.24,0.81,2.31,gradient,9.0,0
suspension,1,6.5,0.235,1.705,0.99999,100.09,1.87,2.12,isocratic,12.2,1
cream,2,3.4,1.131,0.349,0.999482,100.56,1.5,2.09,gradient,25.1,0
coated_tablet,1,5.8,1.866,0.515,0.99999,100.07,0.99,2.49,gradient,17.4,0
coated_tablet,2,2.8,2.157,0.718,0.999517,99.55,1.17,3.07,isocratic,25.4,0
coated_tablet,4,9.0,1.337,0.603,0.999865,100.05,1.08,3.61,gradient,6.6,1
suspension,1,4.5,4.344,0.727,0.998861,100.04,1.15,2.04,isocratic,5.9,0
coated_tablet,2,4.1,1.28,1.076,0.998768,100.48,1.1,2.53,isocratic,10.0,0
suspension,2,3.0,0.449,1.227,0.99999,99.89,1.28,2.38,isocratic,34.0,0
api_powder,0,3.4,1.94,0.605,1.0,99.74,1.16,2.73,isocratic,7.1,0
coated_tablet,2,4.2,0.69,0.161,1.0,100.34,0.99,2.9,isocratic,8.0,0
coated_tablet,1,2.4,0.276,0.301,0.99999,100.46,1.24,2.44,isocratic,8.7,0
cream,2,8.1,2.492,0.528,0.99999,99.83,0.8,1.73,isocratic,21.8,0
coated_tablet,1,3.0,2.488,0.535,0.999856,100.75,0.8,2.57,gradient,7.7,0
suspension,1,7.7,0.828,0.909,0.99999,99.43,1.05,2.42,isocratic,18.8,0
suspension,0,1.9,0.711,1.654,0.999375,99.8,1.2,1.98,gradient,15.9,1
coated_tablet,2,4.9,2.036,0.454,0.999879,99.71,0.8,1.8,isocratic,27.3,0
coated_tablet,1,3.4,0.235,0.18,0.999287,101.09,1.24,2.75,isocratic,7.2,0
suspension,2,8.0,1.044,1.241,0.99999,100.03,1.14,2.2,gradient,22.0,1
coated_tablet,1,1.2,1.617,0.362,0.995992,100.63,1.49,2.07,isocratic,5.2,0
cream,3,4.1,0.664,1.094,0.999968,100.84,0.96,2.37,gradient,9.1,1
api_powder,1,9.3,0.721,0.435,0.999907,101.24,1.04,2.48,gradient,6.3,0
api_powder,3,5.8,0.552,1.008,0.999982,101.08,1.33,2.59,isocratic,6.9,0
coated_tablet,1,3.1,0.99,0.786,0.998421,100.51,1.21,2.91,isocratic,8.4,0
coated_tablet,0,2.3,0.79,0.73,1.0,99.51,1.49,2.29,isocratic,13.1,0
api_powder,1,1.7,1.29,0.863,1.0,98.91,1.24,2.99,isocratic,9.3,0
coated_tablet,2,7.4,0.211,1.465,0.998945,100.69,0.9,2.42,gradient,15.8,0
cream,1,6.5,1.574,0.981,0.999496,99.25,1.09,1.59,isocratic,10.6,1
api_powder,2,3.9,1.64,0.573,1.0,99.87,1.4,2.5,isocratic,9.7,0
coated_tablet,2,1.5,0.56,0.656,0.998754,102.57,1.1,1.88,gradient,9.3,1
suspension,4,8.3,0.691,1.295,0.999854,98.9,1.04,2.32,isocratic,11.5,0
coated_tablet,1,2.3,1.624,1.329,0.998684,101.56,0.8,2.05,isocratic,14.4,0
coated_tablet,2,6.6,0.355,2.325,0.999989,100.48,1.63,2.34,gradient,15.5,1
suspension,1,9.3,2.683,0.949,0.999978,101.65,2.11,2.72,isocratic,12.5,1
suspension,1,4.2,2.529,1.009,0.99999,99.58,0.87,2.32,gradient,12.2,0
coated_tablet,2,5.1,0.216,1.209,0.999722,100.27,2.07,3.29,gradient,8.6,0
suspension,2,9.0,0.565,0.264,0.99999,100.48,0.99,2.1,isocratic,29.4,0
coated_tablet,1,8.3,0.349,0.289,0.99999,98.7,1.36,2.33,gradient,25.4,0
api_powder,1,8.9,3.373,0.268,0.99907,99.65,1.42,2.48,isocratic,24.3,0
suspension,2,1.4,0.985,0.436,0.99999,98.96,0.95,2.17,isocratic,13.3,0
suspension,2,3.6,2.792,0.256,0.998706,101.26,0.8,2.55,gradient,41.4,0
cream,1,5.5,1.132,0.542,0.999531,99.23,1.17,2.24,isocratic,16.8,0
coated_tablet,2,1.5,0.725,1.64,0.999449,99.67,1.44,2.39,isocratic,13.7,0
suspension,4,2.0,1.52,0.52,0.999936,101.06,1.22,2.46,isocratic,12.0,0
coated_tablet,2,6.1,0.83,0.325,0.999789,100.41,0.89,2.59,gradient,31.8,0
suspension,1,8.0,0.329,0.69,0.999858,98.75,0.85,2.39,isocratic,14.5,0
coated_tablet,4,9.2,1.724,0.554,0.99999,99.81,0.94,3.16,isocratic,13.6,0
coated_tablet,1,6.4,1.17,0.364,0.999929,101.28,1.02,3.07,isocratic,12.5,0
coated_tablet,4,6.4,2.232,0.473,0.999819,98.55,0.8,2.45,gradient,8.6,0
coated_tablet,3,8.5,0.527,0.763,0.999469,99.6,1.29,3.08,isocratic,8.5,0
suspension,1,1.4,1.732,1.001,0.99999,99.69,1.37,2.94,isocratic,13.5,0
coated_tablet,1,5.3,1.493,1.153,0.999896,100.19,0.98,2.17,gradient,10.7,0
cream,2,2.8,0.69,1.143,0.993388,99.36,1.27,2.1,isocratic,11.9,0
coated_tablet,2,4.3,2.035,0.605,0.996394,99.64,1.25,2.42,isocratic,16.1,0
api_powder,1,6.1,0.684,0.879,0.998621,98.42,1.13,2.29,gradient,13.5,0
suspension,2,8.6,2.451,0.78,0.99999,99.4,1.34,2.88,gradient,12.3,0
cream,4,3.2,1.76,1.467,0.993217,99.95,1.06,3.08,isocratic,15.4,1
api_powder,2,2.8,1.21,0.8,0.998457,99.58,1.05,2.82,isocratic,14.5,0
coated_tablet,3,1.4,1.643,1.313,0.99999,99.65,1.56,2.25,gradient,12.5,0
api_powder,2,3.6,0.7,0.451,1.0,99.51,1.27,2.68,isocratic,9.8,0
suspension,3,8.8,0.539,0.264,0.999969,100.06,0.89,2.26,gradient,9.2,0
cream,1,9.6,1.969,0.542,0.998988,98.99,1.33,2.57,isocratic,9.4,0
coated_tablet,1,9.1,2.232,0.557,0.99999,100.97,1.29,2.4,isocratic,6.9,0
cream,1,5.9,0.459,0.722,0.99971,100.13,1.19,2.0,gradient,3.8,0
suspension,1,3.9,0.768,0.311,0.99999,100.52,0.88,2.67,isocratic,14.3,0
suspension,1,5.4,0.978,0.756,0.999179,99.4,1.13,2.97,gradient,9.4,0
coated_tablet,1,4.7,0.389,0.425,0.999074,100.02,1.22,3.69,gradient,8.5,0
suspension,1,5.3,1.269,0.579,0.999902,102.59,1.19,2.56,gradient,11.7,1
cream,2,7.2,0.545,0.381,0.999869,99.71,1.04,2.05,gradient,6.4,0
coated_tablet,2,3.7,0.67,0.111,1.0,99.87,1.03,2.5,isocratic,12.4,0
coated_tablet,1,5.3,1.129,1.139,0.999835,99.82,1.17,2.29,isocratic,23.3,0
suspension,2,5.7,2.233,0.317,0.999863,100.97,0.8,1.42,gradient,8.5,1
cream,2,4.9,1.285,0.458,0.999972,99.76,0.81,2.75,isocratic,9.7,0
coated_tablet,3,3.7,0.866,0.223,0.9999,97.93,0.8,2.2,isocratic,11.7,0
coated_tablet,2,4.2,1.24,0.652,0.999311,100.31,1.38,2.36,isocratic,11.1,0
suspension,2,3.6,1.27,1.435,0.999868,99.96,1.09,1.6,gradient,27.6,0
cream,0,7.8,0.465,0.825,0.99999,98.26,1.52,2.87,isocratic,11.9,1
coated_tablet,2,6.1,2.111,0.173,0.999889,98.69,1.35,2.15,isocratic,17.4,0
coated_tablet,1,7.1,3.934,0.44,0.999938,99.94,1.23,1.81,gradient,24.5,0
suspension,2,9.7,2.254,1.285,0.99999,100.21,1.02,2.15,gradient,17.8,1
coated_tablet,1,8.0,1.205,0.965,0.999395,100.31,1.62,2.13,isocratic,15.4,0
api_powder,1,1.9,0.252,0.511,0.99999,98.51,1.45,1.52,isocratic,8.5,0
suspension,4,1.9,1.248,0.298,0.999143,102.15,1.1,3.21,isocratic,8.4,1
api_powder,3,9.5,0.776,1.161,0.999028,98.77,0.8,1.86,isocratic,8.0,0
cream,1,7.9,1.889,0.32,0.999964,100.77,0.95,2.54,isocratic,9.6,0
suspension,3,8.0,0.165,0.398,0.998919,101.85,1.73,1.88,gradient,8.7,1
api_powder,0,4.7,1.22,0.537,0.998685,99.81,0.8,2.2,isocratic,12.9,0
coated_tablet,1,7.2,1.484,0.874,0.999409,98.64,1.09,2.46,isocratic,8.9,0
coated_tablet,3,6.4,1.144,0.53,0.99977,102.46,1.18,2.99,isocratic,8.2,0
suspension,1,5.4,2.093,0.358,0.999974,99.63,0.85,2.23,gradient,9.5,0
cream,1,9.9,1.486,0.426,0.999818,102.06,1.62,2.49,isocratic,9.2,1
coated_tablet,1,7.6,3.27,0.183,0.99999,100.83,1.9,2.69,gradient,21.0,1
api_powder,2,4.8,0.811,0.179,0.999909,101.17,1.25,1.86,isocratic,13.4,0
suspension,4,9.9,1.899,0.388,0.999892,100.07,1.65,2.03,gradient,12.3,1
coated_tablet,1,9.5,1.441,1.904,0.99927,99.69,1.22,2.21,gradient,13.5,0
coated_tablet,4,9.2,0.886,0.999,0.99999,100.7,0.82,1.6,gradient,24.0,1
coated_tablet,2,5.0,0.995,0.758,0.999358,97.51,1.01,1.65,isocratic,14.4,1
coated_tablet,1,8.8,1.439,1.692,0.999872,100.63,0.96,2.75,isocratic,5.1,0
api_powder,2,2.4,0.863,0.425,0.998794,100.29,1.44,3.05,gradient,19.8,0
suspension,2,9.8,0.934,0.466,0.999987,99.46,1.26,1.95,gradient,10.1,1
cream,0,5.4,1.011,0.335,0.99999,98.98,1.05,1.96,gradient,8.9,0
api_powder,1,8.3,1.663,0.177,0.999662,99.05,1.06,2.34,gradient,29.6,0
suspension,1,2.4,0.796,1.076,0.99999,99.75,1.2,2.23,isocratic,8.5,0
coated_tablet,0,3.2,0.98,0.588,0.996294,100.78,1.04,2.34,isocratic,10.1,0
suspension,3,6.6,0.647,1.196,0.99999,98.62,0.8,2.96,gradient,10.5,0
suspension,4,4.3,0.907,0.72,0.99999,102.0,1.69,2.01,isocratic,14.8,1
cream,2,3.0,1.144,0.174,0.99999,99.11,0.83,1.94,isocratic,6.5,0
suspension,1,2.5,0.364,0.237,0.999175,99.68,1.25,2.82,gradient,5.6,0
coated_tablet,2,1.9,2.523,0.941,0.99995,99.95,0.97,2.52,isocratic,4.4,0
suspension,1,5.3,1.191,0.434,0.999917,99.42,1.04,3.63,isocratic,16.0,0
api_powder,2,5.1,0.811,0.365,0.999644,101.82,0.87,2.44,isocratic,16.5,0
cream,4,4.5,0.751,1.291,0.999207,98.64,1.35,2.04,isocratic,6.0,0
coated_tablet,1,7.2,2.504,0.148,0.999915,100.42,0.91,2.28,isocratic,5.4,0
coated_tablet,3,6.3,0.557,0.737,0.999614,100.36,1.35,1.87,gradient,10.2,0
cream,2,9.3,3.299,0.446,0.998133,98.9,0.8,2.04,gradient,15.5,1
coated_tablet,2,3.2,0.862,0.531,0.99999,99.66,0.8,2.25,isocratic,17.6,0
coated_tablet,2,7.0,0.837,0.21,0.999978,98.35,1.04,1.64,isocratic,14.7,0
cream,2,3.2,2.792,0.615,0.99991,98.2,1.26,2.37,isocratic,22.8,1
suspension,3,4.1,0.623,0.726,0.99999,99.56,1.23,2.71,isocratic,13.2,0
api_powder,1,3.9,0.862,1.531,0.99999,101.01,1.14,2.21,isocratic,9.3,0
suspension,2,1.4,0.609,0.72,0.999883,100.11,1.16,3.57,isocratic,10.5,0
cream,3,8.1,1.084,0.839,0.999289,99.21,1.54,1.7,gradient,24.0,1
api_powder,1,1.0,0.703,0.515,0.99999,100.54,1.42,2.17,isocratic,13.1,0
coated_tablet,0,3.7,1.46,0.321,0.999239,99.37,1.23,1.79,isocratic,8.7,0
suspension,1,7.9,1.155,0.462,0.999908,99.74,0.92,2.97,isocratic,25.3,0
api_powder,1,3.3,0.71,0.849,0.997768,100.28,0.81,2.37,isocratic,10.5,0
coated_tablet,3,7.7,0.969,0.18,0.997662,99.94,1.08,2.2,gradient,15.1,1
coated_tablet,0,8.8,1.254,0.678,0.999467,99.37,0.8,1.61,isocratic,15.1,0
coated_tablet,1,2.0,1.18,0.578,0.996793,99.29,1.0,2.08,isocratic,12.3,0
coated_tablet,3,3.7,1.696,0.726,0.99999,99.03,1.58,3.18,isocratic,6.6,0
coated_tablet,0,1.1,1.77,0.731,1.0,101.09,1.22,2.76,isocratic,12.2,0
suspension,0,4.4,0.458,1.448,0.99999,100.77,0.98,2.9,isocratic,11.1,0
suspension,1,1.6,1.381,0.644,0.999351,97.66,1.2,1.88,isocratic,7.1,1
api_powder,2,8.9,0.644,0.988,0.999137,100.03,1.09,2.42,isocratic,15.0,0
coated_tablet,1,3.8,0.285,0.862,0.999915,98.41,1.34,2.29,isocratic,8.0,0
cream,2,7.3,2.372,0.534,0.999161,99.72,1.52,2.23,isocratic,10.8,1
suspension,1,8.2,0.281,0.402,0.999938,100.54,1.13,2.26,gradient,29.6,0
api_powder,3,1.9,0.322,0.265,0.99999,101.32,1.15,2.81,gradient,8.6,0
suspension,4,9.8,0.48,1.115,0.999923,100.36,1.31,1.67,isocratic,5.2,1
cream,2,1.5,0.252,0.298,0.99993,100.47,1.03,2.95,isocratic,10.6,0
api_powder,1,9.0,1.261,0.541,0.999749,102.06,1.24,3.0,isocratic,23.8,0
api_powder,1,5.0,1.506,0.668,0.999016,100.25,1.6,2.89,isocratic,13.2,0
coated_tablet,2,7.5,0.367,0.994,0.999925,98.44,1.43,1.37,gradient,19.2,1
coated_tablet,2,6.0,2.283,0.568,0.999516,100.47,0.97,3.87,isocratic,35.6,0
coated_tablet,0,4.2,0.89,0.622,1.0,100.52,0.89,2.77,isocratic,7.7,0
coated_tablet,3,9.8,0.259,0.539,0.999954,98.61,1.0,2.18,gradient,12.0,0
api_powder,3,4.3,0.374,0.466,0.999885,98.88,0.92,2.32,gradient,11.3,0
suspension,2,6.5,0.483,0.863,0.999955,99.04,1.0,2.13,isocratic,20.4,0
cream,4,3.3,1.491,0.603,0.999906,100.5,0.95,1.57,gradient,7.3,1
suspension,2,2.6,5.175,0.984,0.999989,99.21,1.55,2.9,gradient,9.8,0
cream,4,10.0,0.77,0.632,0.999726,100.57,1.4,1.98,isocratic,6.3,1
cream,1,10.0,0.611,0.896,0.997026,101.99,0.8,2.77,gradient,10.0,1
coated_tablet,3,9.6,1.152,0.986,0.99999,99.92,1.23,3.11,isocratic,7.8,0
suspension,3,2.2,1.969,2.317,0.999941,100.18,1.25,2.77,isocratic,5.8,0
cream,2,5.0,0.815,0.581,0.999919,100.48,1.38,2.46,isocratic,23.7,0
suspension,3,9.0,0.51,2.85,0.999351,98.62,0.93,1.77,gradient,19.9,1
coated_tablet,4,9.3,0.399,0.46,0.998398,99.73,1.49,2.27,isocratic,21.4,0
api_powder,4,2.7,2.213,0.35,0.99999,100.27,0.88,0.73,isocratic,7.8,0
coated_tablet,2,1.6,1.87,0.537,0.997822,100.03,0.8,2.58,isocratic,12.3,0
api_powder,1,3.2,1.644,0.279,0.999984,99.76,1.27,3.97,isocratic,14.4,0
suspension,2,2.3,1.534,0.289,0.999988,98.86,1.34,2.58,gradient,12.9,0
coated_tablet,1,5.6,0.569,0.746,0.9996,100.62,1.13,2.12,isocratic,14.2,0
coated_tablet,3,5.7,0.552,1.2,0.998974,101.35,0.88,2.71,isocratic,18.3,0
suspension,2,1.2,1.283,0.659,0.99999,100.83,1.88,2.4,isocratic,22.9,0
api_powder,0,4.1,1.91,0.596,1.0,99.84,1.23,2.62,isocratic,9.7,0
suspension,0,4.5,0.933,0.589,0.999964,101.44,1.32,2.82,isocratic,19.5,0
suspension,2,6.4,0.603,0.547,0.99988,100.7,1.21,2.79,isocratic,12.1,0
api_powder,0,4.3,1.22,0.603,0.999663,99.33,1.15,2.51,isocratic,5.9,0
coated_tablet,1,5.3,0.707,1.048,0.999286,99.03,1.11,2.75,gradient,10.8,0
cream,0,6.4,6.32,0.276,0.999801,99.14,1.41,2.14,isocratic,9.0,0
cream,1,8.9,3.076,0.76,0.99999,101.19,1.15,2.43,isocratic,9.7,0
api_powder,1,3.0,0.521,0.451,0.99999,101.78,1.06,1.93,gradient,10.9,0
coated_tablet,2,3.5,0.778,0.883,0.99993,100.74,0.85,2.43,isocratic,24.3,0
coated_tablet,1,3.2,0.55,0.729,0.998291,99.77,0.83,2.2,isocratic,4.9,0
suspension,1,2.7,0.343,0.439,0.99999,99.73,0.8,2.43,gradient,9.2,0
coated_tablet,1,3.0,1.676,1.874,0.99996,100.57,1.46,3.23,isocratic,8.2,0
coated_tablet,1,2.7,1.69,0.807,0.999664,100.66,1.2,2.83,isocratic,10.8,0
cream,3,4.5,1.53,1.318,0.993424,98.77,0.96,3.08,isocratic,14.5,1
cream,1,2.1,1.917,1.444,0.999667,101.25,0.8,2.29,isocratic,19.0,0
cream,2,2.9,0.75,1.588,0.995042,99.98,0.98,2.59,isocratic,12.2,0
suspension,2,7.6,3.737,0.28,0.99999,99.83,1.13,3.35,isocratic,9.1,0
api_powder,2,7.1,0.313,0.56,0.999905,98.71,1.13,1.5,isocratic,16.6,0
coated_tablet,2,3.4,3.377,0.54,0.999353,99.76,0.97,1.84,gradient,9.4,0
api_powder,1,2.8,5.214,0.378,0.99738,99.45,0.88,2.81,isocratic,5.1,0
coated_tablet,2,8.7,2.512,0.488,0.999928,99.18,1.23,1.63,isocratic,13.0,0
api_powder,2,9.4,2.01,0.237,0.999969,100.81,1.07,1.56,gradient,8.7,0
coated_tablet,2,4.9,6.943,0.533,0.999891,98.9,1.18,2.91,isocratic,19.9,0
suspension,1,4.6,0.2,0.232,0.99919,100.14,0.93,2.29,gradient,6.4,0
api_powder,1,5.4,0.545,0.499,0.998472,99.91,1.17,2.69,gradient,5.5,0
suspension,2,2.2,0.267,0.664,0.999896,99.72,1.3,2.15,isocratic,4.8,0
suspension,2,8.3,2.402,0.228,0.99999,101.24,1.14,1.68,isocratic,20.3,1
coated_tablet,2,2.8,0.57,0.532,1.0,101.19,1.1,2.51,isocratic,8.4,0
coated_tablet,2,7.2,0.755,0.604,0.99999,99.54,1.39,2.26,isocratic,11.5,0
suspension,2,2.4,0.97,0.35,0.999983,99.11,0.88,3.01,isocratic,17.3,0
coated_tablet,2,3.4,1.93,0.334,1.0,101.17,1.44,1.85,isocratic,12.2,0
coated_tablet,1,3.2,2.166,3.2,0.999961,99.12,0.97,3.35,isocratic,12.0,0
coated_tablet,3,3.6,0.265,0.659,0.999698,99.2,1.07,2.46,isocratic,32.1,0
cream,4,3.9,1.87,1.177,0.996617,99.73,1.09,2.5,isocratic,15.6,1
cream,1,8.8,0.534,0.583,0.999168,99.65,1.35,2.1,isocratic,12.5,0
suspension,0,1.2,2.555,0.85,0.99999,99.93,0.95,2.27,gradient,6.2,0
cream,3,4.2,0.36,1.024,0.999749,99.6,0.8,1.53,isocratic,14.4,1
suspension,1,5.5,1.527,1.667,0.99999,100.17,1.1,1.91,gradient,7.0,0
coated_tablet,3,5.8,1.32,0.452,0.99999,98.45,1.03,2.82,gradient,5.0,0
cream,3,9.1,0.241,1.052,0.999931,100.73,0.8,1.9,isocratic,8.3,1
api_powder,1,1.2,1.07,0.752,1.0,100.12,0.86,2.16,isocratic,9.2,0
coated_tablet,4,7.0,1.263,0.452,0.999972,100.51,0.8,3.14,isocratic,18.8,0
suspension,3,5.1,4.236,0.668,0.99987,98.43,0.93,2.65,gradient,13.5,1
cream,3,8.5,2.579,0.772,0.999863,99.95,1.09,2.06,isocratic,10.6,0
cream,3,2.8,1.488,0.398,0.99999,102.19,0.8,1.62,isocratic,12.4,1
api_powder,1,8.6,2.59,1.687,0.99996,101.26,1.76,1.45,isocratic,13.6,1
api_powder,1,3.9,0.638,1.412,0.999898,99.15,0.99,1.86,gradient,9.6,0
coated_tablet,2,5.5,0.779,0.359,0.99999,100.59,0.89,3.02,isocratic,8.7,0
coated_tablet,2,1.7,1.98,0.428,1.0,99.75,1.27,2.23,isocratic,10.2,0
cream,2,5.4,0.775,1.185,0.99999,99.08,1.36,1.25,isocratic,19.4,1
coated_tablet,2,2.6,6.226,0.605,0.9998,97.9,1.23,2.22,gradient,19.0,0
coated_tablet,3,7.5,1.17,1.673,0.99999,100.85,0.8,2.34,isocratic,13.8,0
suspension,2,9.1,1.997,0.335,0.99795,100.4,0.87,2.88,gradient,12.9,1
suspension,4,8.4,0.637,0.795,0.999987,97.64,0.84,2.49,isocratic,10.4,1
api_powder,3,8.9,0.6,0.887,0.99999,100.09,1.15,2.45,isocratic,22.9,0
suspension,4,7.8,1.534,0.7,0.99999,100.25,1.01,2.23,isocratic,10.6,0
coated_tablet,0,8.3,0.4,2.468,0.999798,100.39,0.8,2.68,isocratic,8.0,0
suspension,2,2.6,0.797,0.377,0.99763,100.73,1.67,2.25,isocratic,17.2,0
suspension,1,7.8,1.484,0.828,0.999962,100.08,1.08,1.62,isocratic,27.5,0
coated_tablet,0,4.6,1.816,0.719,0.99999,99.72,0.8,2.33,gradient,11.1,0
cream,1,4.1,0.294,0.356,0.99999,100.71,1.0,2.05,gradient,7.6,0
suspension,1,3.6,0.856,0.618,0.999982,100.4,1.31,0.93,gradient,9.2,0
api_powder,3,6.6,0.36,0.455,0.99999,100.98,0.99,2.27,isocratic,23.0,0
api_powder,0,3.0,0.9,0.083,0.999312,101.17,1.32,2.18,isocratic,11.8,0
cream,4,1.2,2.627,0.42,0.99999,99.11,1.35,2.31,gradient,4.9,0
suspension,0,9.9,0.39,0.288,0.999546,100.38,1.16,1.68,isocratic,12.5,0
api_powder,2,8.7,2.739,0.743,0.99984,99.94,1.26,2.99,isocratic,17.2,0
cream,1,7.5,0.906,0.402,0.999854,101.61,1.12,2.27,gradient,9.3,1
cream,2,3.7,1.392,0.386,0.999968,98.61,1.56,2.48,gradient,13.0,1
suspension,2,5.1,3.668,0.628,0.999751,100.24,1.85,2.38,isocratic,8.7,0
cream,1,6.6,1.469,0.318,0.999977,100.22,1.05,3.13,isocratic,10.6,0
coated_tablet,2,3.4,1.323,0.662,0.999673,100.01,1.22,2.35,gradient,35.9,0
suspension,1,7.6,0.829,0.811,0.999973,101.22,2.07,2.83,gradient,12.7,1
coated_tablet,3,6.9,3.047,0.384,0.999051,100.01,1.09,1.61,isocratic,29.8,0
coated_tablet,0,3.8,1.78,0.987,1.0,100.95,0.8,2.37,isocratic,7.4,0
api_powder,0,3.9,0.345,0.369,0.998837,99.85,0.91,1.89,gradient,26.3,0
coated_tablet,3,1.8,1.621,0.343,0.999906,101.68,0.92,2.06,gradient,17.8,0
coated_tablet,2,6.7,1.506,0.754,0.999678,101.41,1.19,1.99,gradient,6.7,0
api_powder,4,1.2,2.571,0.389,0.99997,101.05,1.24,2.11,isocratic,8.8,0
api_powder,3,3.3,0.606,0.553,0.999733,101.12,0.92,2.28,isocratic,7.7,0
coated_tablet,1,7.3,0.854,0.632,0.999352,102.14,1.35,2.28,gradient,18.4,1
api_powder,2,9.3,1.484,0.527,0.99999,99.95,1.1,2.79,gradient,15.4,0
coated_tablet,1,2.9,1.471,1.143,0.999891,99.61,1.26,2.1,gradient,9.3,0
suspension,0,1.2,1.41,0.984,0.99999,100.63,1.03,2.0,isocratic,26.3,0
cream,1,5.0,0.616,1.072,0.999973,98.22,0.97,2.69,isocratic,9.9,0
api_powder,2,4.5,1.064,0.304,0.999926,100.17,0.8,3.31,isocratic,13.0,0
coated_tablet,1,6.8,0.123,0.706,0.999513,99.32,1.1,2.85,isocratic,14.1,0
coated_tablet,2,9.1,3.297,0.892,0.999961,99.39,0.8,2.46,gradient,11.5,0
coated_tablet,2,2.8,1.79,0.888,0.995205,99.62,1.18,2.37,isocratic,9.9,0
api_powder,2,3.7,1.69,0.408,0.999504,98.7,1.38,2.48,gradient,28.9,0
api_powder,4,4.1,0.452,0.819,0.99999,99.69,1.09,2.39,gradient,7.5,0
coated_tablet,1,9.6,0.467,0.812,0.999934,100.18,0.98,2.76,gradient,13.4,0
api_powder,2,4.7,0.845,0.697,0.99999,99.75,0.8,2.58,isocratic,25.0,0
suspension,1,7.3,3.946,0.946,0.999968,99.5,1.25,2.75,gradient,19.5,0
suspension,2,3.4,0.744,0.343,0.999962,99.85,1.27,1.91,gradient,12.2,0
coated_tablet,1,1.4,0.184,0.353,0.998659,101.03,1.22,1.87,isocratic,8.8,0
suspension,2,6.6,1.112,0.441,0.999221,100.48,1.03,2.64,isocratic,24.7,0
api_powder,2,5.1,1.749,0.376,0.99999,99.46,0.99,2.6,gradient,12.0,0
coated_tablet,0,2.8,1.75,0.735,0.999811,100.19,1.23,2.39,isocratic,8.1,0
coated_tablet,2,8.6,1.852,0.481,0.999833,100.55,0.8,3.27,gradient,10.9,0
coated_tablet,2,3.3,1.369,0.504,0.99999,99.28,0.89,2.18,isocratic,8.3,0
api_powder,1,3.2,0.348,0.846,0.999564,99.6,2.17,1.82,isocratic,17.2,0
suspension,1,2.7,3.446,0.327,0.999937,102.36,1.13,2.79,isocratic,3.0,0
coated_tablet,2,5.4,0.899,0.36,0.99961,99.46,0.93,2.76,isocratic,13.5,0
api_powder,3,2.7,0.917,0.37,0.99999,98.48,1.07,2.56,gradient,11.2,0
cream,0,8.2,5.8,0.723,0.999891,99.52,0.97,2.45,gradient,17.6,0
coated_tablet,1,5.4,1.827,1.063,0.99999,101.01,1.3,1.71,isocratic,14.4,0
cream,4,3.2,0.512,0.573,0.999977,99.22,1.64,2.39,isocratic,17.8,0
suspension,4,2.9,0.72,0.591,0.999636,101.8,1.17,2.12,isocratic,6.3,0
api_powder,2,9.0,1.314,0.572,0.999883,99.43,0.87,2.29,isocratic,6.3,0
api_powder,2,8.0,2.53,0.277,0.999786,100.85,0.85,2.2,gradient,44.7,0
coated_tablet,3,9.4,0.804,0.664,0.999899,100.57,0.84,2.06,isocratic,5.3,0
api_powder,4,8.3,2.323,0.601,0.99999,100.46,1.47,2.15,gradient,21.0,0
api_powder,2,4.0,1.51,0.884,1.0,99.78,0.8,1.69,isocratic,10.4,0
suspension,2,3.5,1.089,0.786,0.99999,101.12,0.8,1.87,gradient,6.2,0
cream,1,7.4,1.565,0.862,0.999941,101.45,1.32,1.65,gradient,6.4,1
cream,1,8.5,3.133,0.752,0.99999,100.06,1.14,2.11,gradient,34.9,1
suspension,3,6.0,0.552,1.31,0.998189,99.54,1.28,2.63,isocratic,8.7,0
suspension,3,1.4,1.128,0.313,0.99848,100.49,0.88,1.87,gradient,18.2,1
suspension,2,9.2,0.828,0.824,0.999877,100.23,1.61,2.57,gradient,7.3,1
suspension,2,5.5,0.511,0.192,0.999641,99.53,1.28,2.56,isocratic,14.3,0
coated_tablet,0,8.4,0.528,0.439,0.99999,100.46,0.82,2.31,isocratic,22.3,0
suspension,4,5.6,0.937,0.859,0.999326,99.12,1.29,2.28,isocratic,14.3,0
suspension,1,5.5,0.355,0.884,0.997845,99.49,1.14,2.76,gradient,9.0,0
suspension,1,9.1,0.289,0.841,0.999894,100.15,0.8,2.96,isocratic,13.0,0
suspension,2,4.9,0.851,0.684,0.997862,100.37,0.86,2.49,gradient,7.7,0
coated_tablet,1,1.6,1.02,0.542,0.997829,99.68,1.28,2.6,isocratic,8.5,0
api_powder,4,6.1,1.722,0.407,0.999978,98.66,0.98,2.91,isocratic,17.9,0
api_powder,4,3.9,0.855,0.201,0.99999,101.01,1.16,2.49,isocratic,16.3,0
api_powder,2,9.4,0.36,0.368,0.999985,99.98,1.29,2.07,gradient,12.5,0
cream,4,4.8,2.529,0.659,0.99999,98.83,1.01,2.52,isocratic,13.8,0
api_powder,0,3.5,0.56,0.524,0.995838,100.26,1.03,2.29,isocratic,6.8,0
cream,2,2.4,6.714,0.787,0.99999,98.67,0.88,2.61,isocratic,7.6,0
api_powder,1,4.8,1.3,0.594,1.0,99.22,1.15,2.05,isocratic,7.0,0
coated_tablet,0,3.5,1.7,0.74,0.997484,100.18,0.8,2.87,isocratic,7.7,0
suspension,4,7.4,2.551,0.5,0.999785,98.46,1.0,1.94,isocratic,27.3,1
suspension,1,5.3,2.467,0.799,0.99999,100.23,0.8,2.2,gradient,8.1,0
api_powder,3,3.3,2.088,0.468,0.996666,100.13,0.95,2.94,gradient,13.8,0
coated_tablet,1,1.8,1.93,0.816,0.99607,99.58,1.07,2.39,isocratic,4.8,0
api_powder,2,3.5,1.725,0.503,0.99875,100.11,0.94,1.51,isocratic,14.8,0
api_powder,1,6.0,0.245,0.261,0.999913,100.13,0.98,2.04,isocratic,19.8,0
suspension,3,9.8,1.028,0.411,0.999886,100.31,1.06,3.61,gradient,3.2,0
cream,4,2.1,0.4,0.616,0.999932,99.74,0.8,2.18,isocratic,8.3,0
suspension,1,3.8,3.329,1.221,0.99999,99.9,1.47,2.28,gradient,9.1,0
coated_tablet,1,5.7,0.767,0.215,0.99999,100.92,0.8,2.6,gradient,29.7,0
suspension,2,1.1,0.577,1.091,0.999039,100.52,1.41,2.17,gradient,11.8,0
coated_tablet,1,3.9,1.82,0.426,0.999402,100.62,0.8,2.66,isocratic,14.7,0
cream,2,4.5,0.589,1.161,0.999938,99.79,1.04,2.09,isocratic,16.8,0
cream,2,6.9,0.52,1.809,0.998881,101.56,0.91,2.15,isocratic,15.0,1
cream,2,1.9,1.587,0.429,0.998114,100.04,0.8,2.48,isocratic,8.2,0
coated_tablet,0,8.0,1.098,0.589,0.999421,99.81,1.64,1.95,gradient,6.9,1
coated_tablet,2,2.2,6.573,0.704,0.999364,99.84,1.06,2.6,isocratic,11.8,0
api_powder,1,7.4,0.295,0.867,0.998409,100.7,0.98,1.49,isocratic,27.5,1
suspension,4,1.3,6.003,0.395,0.99999,99.7,1.04,2.53,gradient,12.2,0
api_powder,2,1.5,1.15,0.63,0.998196,99.46,1.23,2.44,isocratic,4.2,0
api_powder,2,7.3,1.583,0.723,0.999917,100.99,1.66,2.42,isocratic,5.8,0
api_powder,1,5.4,3.493,0.249,0.999859,100.4,1.62,2.82,isocratic,28.0,0
api_powder,4,8.1,1.398,0.533,0.99938,99.65,0.8,2.44,gradient,10.3,0
cream,1,9.9,0.59,0.36,0.999962,100.39,1.74,2.31,isocratic,8.0,0
coated_tablet,1,7.8,1.356,0.61,0.999523,100.59,1.46,2.2,gradient,22.8,0
api_powder,0,7.6,0.909,0.768,0.998473,99.95,0.92,2.01,gradient,11.0,0
suspension,2,3.6,7.113,0.773,0.999788,102.67,0.9,2.07,isocratic,13.3,1
coated_tablet,1,9.6,1.426,0.295,0.999871,100.02,1.48,1.5,isocratic,3.1,0
api_powder,0,5.6,2.772,0.833,0.999773,99.86,1.54,1.48,gradient,13.6,0
cream,1,2.6,2.586,0.429,0.998905,99.0,1.19,1.82,isocratic,10.1,0
coated_tablet,0,5.9,0.27,0.336,0.999745,100.47,0.8,2.31,isocratic,12.8,0
suspension,2,7.3,0.866,1.009,0.99999,100.96,1.13,1.87,isocratic,9.1,0
coated_tablet,2,8.6,0.508,0.518,0.999987,98.65,1.4,2.41,gradient,11.8,0
api_powder,0,3.4,1.98,0.419,1.0,100.1,0.95,2.29,isocratic,12.3,0
api_powder,4,2.7,1.003,0.401,0.999959,99.95,0.96,2.19,gradient,15.6,0
cream,2,7.6,0.784,1.139,0.997942,100.14,1.19,2.11,gradient,35.2,1
suspension,3,4.8,1.026,0.218,0.99961,100.64,1.04,1.24,isocratic,27.8,1
suspension,1,6.1,0.649,0.5,0.999881,99.73,1.01,1.54,isocratic,32.7,0
coated_tablet,2,4.0,1.38,0.229,1.0,99.92,1.57,3.06,isocratic,4.8,0
cream,2,3.6,6.076,0.568,0.999716,101.36,0.94,2.42,gradient,10.5,0
coated_tablet,1,3.6,0.95,0.437,1.0,100.44,1.63,2.67,isocratic,11.2,0
coated_tablet,2,8.3,1.068,0.674,0.99999,99.63,1.07,2.29,isocratic,7.3,0
suspension,2,8.1,0.809,1.088,0.999963,98.26,1.29,2.88,isocratic,21.5,1
coated_tablet,1,4.8,0.222,0.552,0.999972,99.95,2.01,2.53,isocratic,15.2,0
coated_tablet,1,7.5,0.792,0.159,0.999943,100.3,0.8,1.89,isocratic,8.9,0
suspension,3,1.4,0.69,1.297,0.999344,98.94,0.9,2.14,isocratic,12.4,0
suspension,4,1.7,1.099,2.175,0.99999,99.58,1.36,1.69,gradient,7.1,1
coated_tablet,1,4.0,1.74,0.268,0.999934,100.19,1.23,1.97,isocratic,12.6,0
coated_tablet,2,2.6,1.11,0.748,1.0,99.74,1.14,2.95,isocratic,13.8,0
coated_tablet,3,9.3,1.785,0.492,0.999855,99.79,1.23,2.43,isocratic,10.6,0
coated_tablet,4,1.3,1.397,0.7,0.997979,99.89,1.14,1.76,isocratic,14.6,0
coated_tablet,0,2.5,0.581,0.633,0.99999,98.74,0.92,2.15,isocratic,8.9,0
api_powder,2,7.6,1.381,1.005,0.998413,99.55,1.1,2.17,isocratic,15.3,0
suspension,1,8.4,0.99,0.825,0.998582,100.43,1.36,1.86,isocratic,21.7,0
coated_tablet,0,4.3,1.28,0.319,0.999936,99.08,1.09,2.51,isocratic,18.4,0
coated_tablet,2,3.0,0.707,0.21,0.999795,98.5,0.86,2.29,isocratic,16.8,0
coated_tablet,3,1.1,0.702,0.906,0.99999,100.57,1.09,2.71,isocratic,18.7,0
coated_tablet,2,4.0,0.95,0.651,0.996466,100.03,0.93,2.7,isocratic,12.3,0
coated_tablet,2,5.6,1.55,0.22,0.99999,99.33,1.02,1.41,gradient,11.8,1
api_powder,0,2.7,1.95,0.925,0.997794,99.66,0.86,2.26,isocratic,10.9,0
api_powder,2,4.4,1.81,0.624,1.0,100.25,1.1,2.83,isocratic,15.1,0
suspension,1,8.7,0.159,0.374,0.999973,100.65,1.06,1.86,gradient,16.2,1
coated_tablet,2,2.6,4.16,0.605,0.99988,99.43,1.14,2.07,gradient,10.7,0
suspension,3,6.9,1.551,0.638,0.999076,100.47,0.93,2.76,gradient,22.9,0
coated_tablet,0,1.8,0.59,0.584,0.998376,99.58,1.02,2.21,isocratic,12.3,0
coated_tablet,3,6.3,1.187,0.672,0.999979,102.22,1.03,2.19,isocratic,10.7,1
cream,3,2.4,0.77,0.992,0.990607,99.93,1.63,2.31,isocratic,11.0,1
cream,4,3.4,1.07,1.261,0.992127,99.26,0.83,3.06,isocratic,13.0,1
api_powder,0,9.3,0.645,1.012,0.999542,100.24,1.03,2.35,isocratic,16.5,0
cream,2,2.3,1.232,0.591,0.999861,98.95,0.8,1.67,gradient,11.9,0
api_powder,0,1.2,1.58,0.59,1.0,99.89,1.09,2.5,isocratic,10.8,0
coated_tablet,1,8.1,0.88,0.847,0.999855,100.42,1.49,1.53,gradient,15.0,0
coated_tablet,1,9.6,1.191,1.222,0.999858,99.7,1.71,2.24,isocratic,8.2,0
coated_tablet,4,7.4,0.479,0.288,0.997614,97.95,0.98,3.15,isocratic,11.2,1
api_powder,2,2.2,0.73,0.888,0.998072,99.46,1.12,2.67,isocratic,8.7,0
coated_tablet,1,4.8,1.68,0.616,0.996918,100.25,1.17,1.71,isocratic,9.9,0
api_powder,1,8.2,2.727,0.329,0.99999,101.61,1.43,2.82,isocratic,20.6,0
cream,1,9.5,1.46,0.698,0.999941,99.36,0.8,2.01,isocratic,7.2,0
api_powder,2,5.9,2.56,0.37,0.99999,99.21,1.11,3.46,isocratic,17.1,0
suspension,3,3.1,0.71,0.24,0.99999,99.26,1.52,2.1,isocratic,8.0,0
coated_tablet,2,2.8,0.295,0.373,0.998568,100.71,1.14,2.04,isocratic,12.6,0
cream,3,7.4,0.908,0.533,0.999282,101.09,1.26,2.26,isocratic,3.7,0
coated_tablet,0,6.4,0.516,0.424,0.9999,101.5,1.06,2.56,isocratic,10.3,0
coated_tablet,1,5.9,1.037,0.557,0.999987,100.65,1.41,1.87,isocratic,3.6,0
suspension,4,5.0,0.757,0.645,0.99924,101.39,0.98,2.62,isocratic,25.1,0
cream,2,9.1,0.151,0.349,0.99996,100.07,1.29,2.85,isocratic,9.9,0
cream,3,3.6,0.848,0.578,0.999593,102.14,1.22,1.89,isocratic,11.6,1
suspension,2,3.9,0.548,0.726,0.99999,100.51,0.81,2.55,isocratic,11.9,0
cream,3,4.7,1.113,0.545,0.999602,101.09,0.8,1.85,gradient,4.3,1
coated_tablet,1,9.6,0.359,0.766,0.999965,98.82,0.97,2.2,isocratic,14.3,0
api_powder,4,6.9,0.416,0.48,0.998345,100.62,1.3,1.47,isocratic,9.3,1
cream,2,4.1,2.0,1.089,0.993276,99.32,1.49,2.4,isocratic,15.2,1
coated_tablet,2,6.9,0.278,0.487,0.999894,99.18,1.04,1.69,gradient,11.0,0
cream,1,3.5,0.348,0.443,0.999759,99.62,1.15,2.63,isocratic,23.5,0
suspension,1,7.9,2.811,0.465,0.999979,98.85,0.89,1.45,isocratic,17.9,1
coated_tablet,2,8.0,1.385,0.251,0.999762,100.08,1.07,3.17,gradient,15.5,0
cream,1,7.4,1.107,0.519,0.99984,100.75,1.28,2.03,isocratic,5.2,0
suspension,2,10.0,3.388,0.611,0.999854,101.35,1.81,1.42,gradient,11.5,1
coated_tablet,0,9.1,1.95,1.589,0.999896,100.95,0.81,1.9,gradient,11.8,1
api_powder,1,2.9,1.36,0.462,0.999133,99.48,1.27,2.32,isocratic,12.9,0
cream,1,3.0,0.52,1.212,0.999786,97.85,1.03,2.31,isocratic,9.8,1
coated_tablet,2,7.1,0.599,0.46,0.999982,98.62,1.19,2.4,isocratic,27.8,0
coated_tablet,3,2.2,1.066,0.148,0.999929,100.67,1.32,2.09,isocratic,18.8,0
coated_tablet,0,3.8,1.193,0.18,0.999556,101.14,0.88,2.2,gradient,3.8,0
api_powder,3,1.6,2.784,0.333,0.999264,100.87,0.8,2.77,isocratic,11.6,0
coated_tablet,0,1.2,0.734,1.174,0.99999,100.03,1.25,2.09,gradient,20.5,0
api_powder,1,1.1,0.405,0.25,0.99924,99.41,0.8,2.79,gradient,6.3,0
suspension,2,3.5,1.012,0.436,0.999906,101.53,0.88,2.67,gradient,8.8,0
coated_tablet,1,5.5,0.596,1.672,0.99999,99.18,1.27,2.61,gradient,15.3,0
suspension,3,6.7,1.486,0.233,0.999959,100.3,1.33,1.77,isocratic,23.7,0
api_powder,2,9.6,1.21,1.05,0.999938,100.49,1.09,2.54,isocratic,6.7,0
coated_tablet,4,3.0,0.574,0.497,0.999372,96.42,1.04,2.19,isocratic,13.7,1
cream,2,6.9,4.008,0.812,0.999827,101.16,1.0,2.18,gradient,9.1,0
suspension,0,7.5,1.542,0.829,0.999978,100.57,1.27,2.11,isocratic,12.0,0
api_powder,0,3.5,1.084,0.504,0.999733,98.55,0.99,2.5,isocratic,40.5,0
coated_tablet,2,9.0,1.013,0.365,0.999982,100.3,1.11,2.24,gradient,15.1,0
cream,4,8.0,1.052,0.711,0.999318,99.64,1.71,2.36,isocratic,11.0,1
cream,3,4.5,0.327,0.463,0.99999,98.92,0.89,2.98,gradient,11.3,0
cream,3,4.9,1.12,1.084,0.996149,98.94,1.02,2.72,isocratic,17.3,1
suspension,0,7.5,1.223,0.311,0.99999,99.43,1.06,2.49,isocratic,17.6,0
coated_tablet,1,1.5,1.107,0.647,0.999894,99.26,1.09,1.79,isocratic,8.4,0
api_powder,1,8.2,1.292,0.618,0.99999,99.55,0.97,2.6,isocratic,15.8,0
suspension,1,4.6,0.786,0.882,0.999962,98.77,1.23,2.29,gradient,8.5,0
api_powder,2,1.3,0.402,0.378,0.999095,100.25,1.33,2.71,isocratic,9.0,0
suspension,3,6.4,1.057,0.572,0.999961,99.22,2.03,2.06,gradient,6.3,1
suspension,4,3.1,0.577,0.508,0.999807,101.79,0.95,2.57,gradient,11.2,1
cream,0,9.1,0.999,0.547,0.999732,100.1,1.01,2.98,gradient,11.2,0
coated_tablet,1,9.0,0.205,0.258,0.99999,100.79,0.96,2.16,isocratic,24.8,0
coated_tablet,0,9.0,2.094,0.607,0.999818,100.11,0.83,2.08,gradient,7.7,0
suspension,3,4.6,1.765,1.607,0.999088,99.92,1.29,1.57,isocratic,13.4,0
coated_tablet,1,2.1,0.112,0.981,0.996389,99.75,1.59,1.74,isocratic,8.1,0
coated_tablet,2,6.0,0.999,0.837,0.99999,99.4,0.89,2.19,gradient,9.8,0
coated_tablet,0,4.9,1.4,0.814,0.997622,99.68,1.36,1.82,isocratic,12.8,0
suspension,0,4.4,3.255,0.459,0.998412,100.85,1.35,1.03,gradient,4.5,1
suspension,1,3.4,2.764,0.323,0.999299,100.46,0.88,1.97,isocratic,24.7,0
cream,4,5.6,1.024,0.657,0.999974,101.08,0.95,3.08,gradient,8.7,1
coated_tablet,2,9.2,0.83,0.642,0.999877,101.48,0.81,3.02,isocratic,29.9,0
suspension,2,5.8,1.735,0.318,0.999417,100.39,0.92,2.76,gradient,9.8,0
coated_tablet,3,3.9,1.834,0.345,0.999952,100.57,1.01,2.94,isocratic,13.0,0
coated_tablet,2,6.0,0.182,0.676,0.999117,99.96,0.8,1.93,isocratic,14.1,0
suspension,1,8.1,4.436,0.508,0.999881,99.36,0.99,2.4,gradient,11.0,0
coated_tablet,0,4.7,0.51,0.576,1.0,99.2,0.8,2.9,isocratic,13.6,0
coated_tablet,1,5.2,0.875,0.266,0.999564,100.0,1.29,2.26,isocratic,17.9,0
coated_tablet,2,8.5,0.508,0.741,0.999748,99.74,0.84,1.86,isocratic,30.0,0
cream,0,8.8,0.768,0.377,0.99999,98.26,0.94,3.57,isocratic,12.5,0
coated_tablet,2,4.2,2.868,0.453,0.99999,101.09,1.1,2.06,isocratic,32.6,0
cream,1,9.6,1.856,0.383,0.999944,101.01,1.31,1.79,gradient,31.0,1
coated_tablet,1,2.9,1.06,0.511,1.0,101.18,0.91,2.37,isocratic,10.1,0
cream,0,5.7,0.479,0.327,0.99968,100.36,0.87,2.86,isocratic,8.6,0
coated_tablet,1,3.7,0.416,1.66,0.999922,100.48,1.41,2.41,gradient,12.3,0
coated_tablet,2,3.3,1.43,0.744,0.99999,100.57,1.18,1.0,gradient,35.6,1
api_powder,1,1.9,2.04,0.679,0.999571,98.35,0.98,3.61,isocratic,15.3,0
suspension,2,5.1,0.741,0.243,0.999788,98.92,1.17,1.78,isocratic,10.6,0
coated_tablet,1,7.4,1.284,0.279,0.99999,100.67,1.11,2.03,gradient,7.6,0
coated_tablet,1,1.8,2.043,1.164,0.999653,99.69,1.59,2.39,gradient,26.2,0
suspension,1,9.0,0.173,0.741,0.99999,100.68,0.8,3.33,isocratic,24.9,0
coated_tablet,2,1.3,1.23,0.284,1.0,100.14,1.05,2.8,isocratic,11.2,0
cream,3,4.0,0.89,1.033,0.994924,99.58,1.27,3.11,isocratic,19.3,1
api_powder,2,4.4,0.481,1.014,0.999609,100.46,1.07,2.91,isocratic,5.6,0
coated_tablet,3,5.7,1.028,0.482,0.999939,98.05,0.85,2.06,isocratic,12.9,0
suspension,3,9.1,0.695,2.214,0.999913,99.1,0.8,2.58,gradient,14.3,1
suspension,2,4.2,0.995,0.574,0.999935,100.89,0.87,1.77,gradient,9.3,0
suspension,1,1.2,1.641,0.564,0.999785,100.05,1.19,1.98,isocratic,10.0,0
api_powder,1,8.5,0.739,0.786,0.999512,101.12,1.16,2.41,gradient,15.9,0
coated_tablet,2,3.2,9.975,0.603,0.998773,100.83,1.39,3.01,isocratic,5.7,0
coated_tablet,0,1.6,0.97,0.737,0.996477,99.56,1.37,2.98,isocratic,11.0,0
suspension,2,4.6,0.332,0.549,0.99999,100.56,0.82,2.12,isocratic,8.2,0
api_powder,0,8.3,1.483,0.692,0.999533,100.08,1.05,2.95,gradient,9.7,0
cream,3,5.4,1.092,0.939,0.999914,99.99,0.8,2.65,isocratic,30.7,0
suspension,2,6.4,0.918,0.284,0.999869,100.62,0.81,1.94,isocratic,19.3,0
coated_tablet,1,1.9,1.52,0.456,1.0,100.16,1.47,2.98,isocratic,11.1,0
cream,2,1.3,0.933,0.885,0.998985,101.16,1.08,2.12,isocratic,11.2,0
cream,3,4.7,0.745,0.534,0.999574,102.29,1.24,2.03,gradient,9.7,1
suspension,2,3.9,0.76,0.642,0.999247,100.7,1.15,3.05,gradient,17.8,0
api_powder,1,7.2,0.475,0.483,0.999901,97.57,1.16,1.74,gradient,3.0,1
suspension,4,8.0,1.387,0.29,0.999294,100.41,1.47,2.5,isocratic,16.4,1
api_powder,2,4.5,0.54,0.548,0.998575,100.32,1.24,2.56,isocratic,12.4,0
cream,1,4.6,1.311,0.413,0.998674,99.82,0.95,2.86,gradient,12.9,0
api_powder,1,8.3,4.015,0.29,0.99974,101.7,1.83,2.56,isocratic,3.0,1
coated_tablet,4,3.6,0.875,0.7,0.999975,100.76,1.49,1.7,isocratic,8.8,0
coated_tablet,2,3.1,0.421,1.499,0.999468,101.55,1.13,2.3,gradient,17.3,0
coated_tablet,1,4.4,0.479,0.424,0.9999,99.35,1.04,3.27,gradient,14.2,0
coated_tablet,2,7.2,1.772,0.364,0.999592,98.77,0.84,1.67,isocratic,13.0,0
cream,1,2.4,0.791,0.75,0.999903,98.54,1.12,1.57,gradient,9.8,0
api_powder,0,4.1,1.17,0.416,1.0,99.53,1.24,1.75,isocratic,15.6,0
api_powder,1,9.7,0.233,1.183,0.99989,99.69,1.54,3.03,isocratic,11.0,0
suspension,1,7.7,0.609,0.37,0.998743,99.42,1.29,2.59,isocratic,15.2,0
cream,1,6.1,0.531,1.048,0.999506,98.92,1.24,1.61,isocratic,14.5,1
coated_tablet,1,1.9,2.017,0.872,0.99999,100.25,1.25,2.68,isocratic,26.9,0
coated_tablet,1,2.6,0.446,0.223,0.99999,99.73,0.91,2.36,isocratic,10.5,0
api_powder,1,3.1,1.14,0.357,1.0,100.49,0.95,2.89,isocratic,9.7,0
coated_tablet,2,2.8,1.634,0.549,0.999567,100.17,0.8,2.69,gradient,9.5,0
coated_tablet,1,2.6,2.854,1.052,0.999825,99.57,0.91,1.37,gradient,15.6,1
coated_tablet,1,9.7,1.991,1.046,0.99999,99.29,0.8,2.6,gradient,27.7,0
suspension,2,4.6,1.633,0.76,0.99999,97.63,0.8,2.6,gradient,24.3,1
coated_tablet,0,3.6,0.53,0.451,0.999911,99.11,0.96,1.87,gradient,6.4,0
suspension,2,2.9,1.252,0.518,0.99999,100.28,1.23,2.73,isocratic,15.7,0
suspension,4,7.0,0.626,0.242,0.999327,98.96,0.8,3.32,isocratic,11.0,0
api_powder,4,6.1,0.577,0.291,0.999588,101.56,0.8,2.12,isocratic,21.7,0
coated_tablet,3,3.9,0.907,1.03,0.999988,99.81,0.8,1.89,gradient,10.7,0
suspension,1,9.9,0.446,0.252,0.999968,100.46,1.15,1.68,isocratic,13.4,0
coated_tablet,3,8.3,1.207,1.113,0.99999,101.39,0.91,2.38,gradient,12.7,1
suspension,1,9.3,1.233,0.718,0.998424,99.54,0.82,2.0,gradient,16.2,0
coated_tablet,2,5.0,1.244,0.564,0.999581,100.06,1.11,3.27,isocratic,8.4,0
cream,2,6.2,15.01,0.656,0.998564,100.11,1.05,2.15,isocratic,12.6,0
suspension,1,3.1,0.283,0.997,0.999941,100.07,0.8,2.68,isocratic,11.1,0
coated_tablet,2,5.6,0.587,0.555,0.999947,99.47,1.51,2.39,isocratic,6.3,0
coated_tablet,0,5.2,2.606,0.327,0.999691,100.83,0.96,3.13,isocratic,10.3,0
api_powder,3,7.0,2.39,0.514,0.999066,99.73,1.3,2.61,isocratic,9.4,0
suspension,2,9.8,0.531,0.86,0.99999,99.47,0.97,2.8,gradient,7.0,0
coated_tablet,2,6.2,2.265,0.549,0.999986,101.04,0.8,3.17,gradient,41.7,0
api_powder,4,3.5,0.769,0.472,0.999047,99.33,1.38,2.19,isocratic,24.8,0
cream,1,5.5,2.932,1.001,0.999754,100.9,1.07,2.31,isocratic,8.4,0
cream,2,1.4,1.846,0.348,0.999972,100.91,1.49,1.52,isocratic,13.7,0
coated_tablet,1,1.9,0.56,0.613,0.996973,101.33,1.0,3.74,isocratic,17.1,0
cream,1,8.7,0.772,0.763,0.99995,98.63,1.39,1.83,gradient,12.9,1
suspension,4,4.5,0.878,0.344,0.99999,99.58,0.98,2.64,isocratic,9.0,0
coated_tablet,0,4.3,0.758,0.489,0.999421,99.36,0.88,2.19,isocratic,29.5,0
cream,4,8.2,0.458,0.692,0.99999,101.03,1.26,1.9,isocratic,4.8,1
coated_tablet,0,3.1,0.6,0.578,0.997436,99.89,1.13,3.14,isocratic,8.9,0
api_powder,4,1.3,0.746,0.607,0.99999,100.0,1.03,1.09,gradient,18.0,1
suspension,2,6.1,0.54,0.687,0.999981,99.08,0.82,1.89,gradient,9.9,0
api_powder,1,6.9,1.049,0.561,0.999893,100.47,1.03,1.89,isocratic,29.4,0
coated_tablet,1,7.2,0.785,0.713,0.999847,98.08,1.0,1.74,gradient,9.4,1
coated_tablet,2,3.1,1.86,0.508,1.0,99.79,1.31,2.89,isocratic,13.9,0
coated_tablet,1,4.3,1.118,0.432,0.99999,101.73,1.25,1.65,gradient,9.7,1
api_powder,3,4.5,0.42,0.314,0.999289,98.26,0.8,2.28,isocratic,4.8,0
coated_tablet,2,3.8,1.558,1.524,0.99999,98.23,1.21,1.45,gradient,4.3,1
coated_tablet,2,1.6,4.583,0.227,0.999683,99.39,1.11,1.78,isocratic,11.4,0
coated_tablet,3,7.2,2.163,0.331,0.999215,98.15,0.8,2.48,gradient,16.4,1
api_powder,1,9.4,2.269,0.856,0.99992,99.29,0.8,2.41,isocratic,15.0,0
coated_tablet,1,4.2,1.44,0.815,0.997375,99.45,1.21,2.36,isocratic,3.0,0
coated_tablet,2,2.4,0.6,1.0,0.998694,100.62,0.8,2.73,isocratic,9.5,0
cream,4,3.4,0.957,0.804,0.99999,99.09,1.66,1.93,isocratic,20.9,1
coated_tablet,3,9.7,0.953,0.702,0.999796,101.75,0.8,2.34,gradient,8.3,1
coated_tablet,2,8.7,1.498,0.875,0.99992,100.61,1.56,1.58,gradient,14.5,1
suspension,1,3.9,1.533,0.948,0.999591,98.59,0.94,1.84,isocratic,19.6,0
api_powder,1,5.8,1.575,0.977,0.99999,99.61,0.81,2.71,isocratic,14.1,0
coated_tablet,3,2.6,0.383,0.324,0.99999,101.82,1.21,0.94,isocratic,24.7,1
coated_tablet,1,8.9,0.285,0.829,0.999292,99.91,0.9,3.23,gradient,12.6,0
suspension,1,3.3,1.97,0.319,0.99999,101.3,1.34,2.23,isocratic,13.5,0
cream,1,1.6,2.279,0.464,0.99991,102.07,1.59,1.62,isocratic,3.1,1
cream,1,6.7,0.69,0.363,0.999899,99.35,1.54,2.74,gradient,10.7,1
suspension,1,9.4,1.322,0.85,0.999529,98.79,1.32,2.03,gradient,10.6,0
coated_tablet,0,3.4,1.14,0.827,1.0,99.78,1.28,2.29,isocratic,10.0,0
api_powder,1,6.8,4.654,1.407,0.99999,100.2,0.95,1.97,isocratic,23.0,0
coated_tablet,3,3.1,4.15,0.639,0.999974,100.08,1.06,2.73,gradient,17.9,0
suspension,1,9.3,0.918,0.364,0.998351,99.34,1.56,2.78,isocratic,13.3,0
suspension,4,5.8,0.362,0.379,0.999977,98.69,1.83,2.52,gradient,28.8,1
coated_tablet,3,2.4,1.967,0.556,0.99999,101.51,0.92,3.06,isocratic,26.8,0
coated_tablet,1,4.5,1.5,0.493,0.99906,100.21,1.6,2.39,isocratic,11.3,0
cream,2,2.4,5.539,0.928,0.99999,98.62,0.89,2.27,isocratic,16.6,0
cream,3,7.6,0.065,1.173,0.99908,98.39,1.29,1.87,isocratic,13.8,1
api_powder,1,2.0,0.166,0.445,0.999108,100.06,1.24,1.24,gradient,26.6,1
cream,0,7.0,0.985,0.587,0.99999,98.88,1.33,2.83,gradient,18.7,1
cream,1,7.4,1.134,0.69,0.999226,98.69,0.93,1.77,isocratic,5.6,1
cream,4,4.7,0.68,1.286,0.995755,99.08,1.31,2.52,isocratic,12.3,0
coated_tablet,1,2.6,0.792,0.562,0.99974,100.48,1.22,2.5,gradient,8.6,0
cream,4,4.3,1.06,1.567,0.991216,100.01,1.35,2.73,isocratic,12.4,1
coated_tablet,3,6.7,0.834,0.376,0.999609,102.19,0.8,2.46,isocratic,14.9,1
suspension,3,5.5,0.516,0.231,0.99833,99.2,0.8,2.75,isocratic,14.2,0
api_powder,1,3.2,0.96,0.48,0.998575,100.23,1.11,1.99,isocratic,6.6,0
coated_tablet,2,7.4,0.642,0.476,0.99999,100.83,1.0,2.49,gradient,8.1,0
api_powder,2,3.3,0.798,1.671,0.999776,102.27,1.0,2.6,gradient,11.3,1
cream,0,8.4,1.798,0.488,0.99999,99.33,1.23,1.79,isocratic,28.3,1
api_powder,0,4.6,0.874,1.006,0.999978,101.2,0.88,1.88,gradient,8.4,0
cream,2,2.4,0.588,0.918,0.999798,101.81,0.93,2.34,isocratic,5.1,0
cream,2,6.6,1.065,0.822,0.999923,99.82,1.0,2.07,gradient,16.1,0
coated_tablet,1,6.2,2.073,0.887,0.999267,100.27,0.8,1.52,isocratic,32.4,0
coated_tablet,4,9.6,0.358,0.91,0.999896,100.68,1.2,2.25,isocratic,17.8,0
coated_tablet,1,5.1,0.61,0.325,0.999932,100.54,1.29,2.9,isocratic,5.9,0
coated_tablet,2,1.0,1.478,1.275,0.999972,102.27,0.93,1.05,isocratic,6.8,1
suspension,2,9.4,1.58,0.427,0.999662,100.4,1.19,2.2,isocratic,10.2,1
coated_tablet,3,3.9,1.87,0.381,0.99999,100.35,1.44,2.22,isocratic,3.8,0
coated_tablet,1,8.3,1.963,0.985,0.998005,100.14,1.44,2.34,isocratic,10.8,0
cream,3,2.5,0.91,1.439,0.991784,99.39,0.94,2.38,isocratic,12.9,1
suspension,2,7.2,0.499,1.254,0.99999,100.3,1.04,2.77,gradient,8.3,1
api_powder,2,10.0,1.447,0.308,0.999914,98.78,1.99,2.01,gradient,11.6,0
suspension,1,1.3,0.845,1.006,0.996096,99.09,0.99,3.1,isocratic,19.8,0
suspension,1,8.5,0.711,0.232,0.999892,99.17,0.87,1.88,gradient,11.7,0
coated_tablet,2,6.7,2.375,0.661,0.999988,99.66,0.99,0.97,isocratic,12.6,0
suspension,2,4.8,0.587,0.345,0.99999,100.25,0.89,2.16,isocratic,13.4,0
suspension,1,9.0,2.671,0.335,0.999557,98.81,1.28,1.94,isocratic,4.0,0
cream,1,2.2,0.587,0.599,0.999973,100.13,0.89,2.2,isocratic,9.1,0
suspension,1,5.8,2.851,0.424,0.999964,100.73,0.97,2.39,isocratic,12.5,0
coated_tablet,4,9.9,2.127,0.153,0.999977,100.94,1.08,2.75,isocratic,16.0,0
api_powder,0,2.0,1.16,0.6,1.0,99.09,1.51,2.26,isocratic,10.5,0
cream,3,3.3,0.278,2.817,0.99999,99.69,1.04,2.17,isocratic,21.1,1
coated_tablet,0,1.1,5.203,0.591,0.999746,101.24,1.79,2.33,isocratic,37.8,0
cream,1,3.1,1.529,0.286,0.997898,99.75,0.8,2.46,isocratic,15.7,0
coated_tablet,3,7.7,2.878,1.387,0.999103,100.4,1.11,2.89,isocratic,11.7,0
api_powder,1,3.5,1.14,0.73,1.0,99.72,0.94,2.44,isocratic,7.1,0
coated_tablet,1,1.4,0.65,0.741,1.0,99.94,1.16,2.17,isocratic,12.7,0
coated_tablet,1,4.1,0.567,1.08,0.99999,99.95,1.04,3.07,isocratic,14.6,0
suspension,2,1.9,0.292,0.371,0.999137,98.74,0.8,1.79,gradient,20.7,1
api_powder,0,5.0,0.6,0.722,0.999916,99.01,1.3,3.01,isocratic,7.4,0
coated_tablet,1,3.3,0.613,1.252,0.999983,98.28,1.21,2.46,gradient,8.5,0
cream,0,7.9,4.654,0.954,0.999099,99.42,0.8,2.6,isocratic,8.7,0
api_powder,2,1.6,1.28,0.831,1.0,100.42,1.0,2.52,isocratic,7.1,0
suspension,0,8.2,0.448,0.836,0.999532,100.21,1.37,2.22,gradient,6.2,0
coated_tablet,2,5.4,2.443,0.721,0.999883,101.78,1.35,2.25,isocratic,14.6,0
coated_tablet,1,9.6,4.0,0.592,0.999971,98.93,1.06,1.59,isocratic,7.3,0
coated_tablet,2,6.2,0.582,0.489,0.99999,100.8,2.02,1.94,isocratic,16.0,0
api_powder,3,1.7,0.343,0.566,0.99999,99.19,1.23,3.18,gradient,4.1,0
suspension,2,3.7,0.589,0.267,0.99999,100.35,1.67,2.47,gradient,27.4,0
cream,2,7.9,1.52,0.854,0.999615,100.71,1.2,2.28,gradient,14.6,1
api_powder,2,4.1,1.497,0.443,0.99999,101.64,0.8,2.32,gradient,12.3,0
cream,3,4.0,6.48,0.552,0.999794,101.23,0.9,2.34,gradient,12.4,0
cream,4,5.3,0.629,1.379,0.999314,100.44,2.71,2.02,gradient,9.6,1
cream,2,4.5,1.14,1.249,0.995859,99.09,0.94,2.63,isocratic,14.0,0
api_powder,0,3.3,1.99,0.619,1.0,99.72,1.26,2.22,isocratic,9.6,0
cream,3,6.7,0.368,0.677,0.999898,98.79,1.85,2.73,isocratic,7.6,1
coated_tablet,2,8.6,0.322,2.435,0.999742,100.26,1.02,2.69,gradient,11.8,1
suspension,0,5.0,1.197,0.479,0.999944,100.99,0.92,2.9,gradient,11.9,0
api_powder,1,1.6,0.94,0.681,0.999842,99.09,1.08,2.47,isocratic,8.5,0
cream,1,9.6,0.406,0.475,0.99999,99.36,1.89,1.62,gradient,7.2,1
coated_tablet,2,6.5,0.331,0.855,0.99999,99.14,1.29,1.9,gradient,9.3,0
suspension,1,2.4,6.186,0.777,0.99999,101.93,0.83,2.52,gradient,7.4,0
suspension,1,4.3,3.177,0.409,0.999921,100.47,0.89,1.6,isocratic,17.6,0
coated_tablet,4,2.6,0.553,0.346,0.99999,100.04,1.21,1.98,isocratic,10.6,0
coated_tablet,1,8.6,0.665,0.637,0.998932,100.23,0.8,2.43,isocratic,11.8,0
suspension,1,9.4,0.217,0.201,0.999807,101.17,0.8,2.06,isocratic,8.3,0
cream,2,9.4,5.268,0.724,0.999759,99.34,0.86,1.74,isocratic,10.3,1
cream,4,3.3,1.24,1.275,0.994362,99.51,1.53,2.82,isocratic,10.2,1
suspension,1,6.1,1.465,1.501,0.99999,100.57,1.41,1.66,isocratic,11.9,0
suspension,2,3.7,1.809,0.216,0.999082,99.69,0.92,2.57,gradient,24.1,0
api_powder,0,3.7,1.32,0.449,1.0,99.71,1.18,2.93,isocratic,12.6,0
coated_tablet,1,7.1,0.982,0.526,0.999248,101.08,1.0,2.08,gradient,12.8,0
coated_tablet,2,1.7,2.378,0.886,0.999943,99.51,1.21,2.65,isocratic,10.6,0
coated_tablet,1,3.7,0.283,0.314,0.99999,100.69,0.9,1.97,gradient,10.1,0
cream,3,5.3,1.016,0.546,0.99987,100.74,1.04,0.68,isocratic,8.8,1
cream,0,9.6,0.919,0.331,0.999382,100.14,1.14,2.96,isocratic,14.5,0
coated_tablet,1,6.1,0.375,0.304,0.999981,99.95,1.09,3.17,isocratic,11.4,0
coated_tablet,4,6.5,0.77,0.304,0.999741,99.14,1.17,1.69,isocratic,12.8,0
cream,1,9.4,2.294,0.585,0.999688,100.44,1.27,2.48,isocratic,13.7,0
suspension,1,5.2,1.142,0.428,0.999976,100.92,1.13,1.94,isocratic,13.6,0
api_powder,2,5.5,0.415,0.531,0.998424,101.87,0.8,1.73,isocratic,25.3,1
suspension,2,4.8,1.137,0.72,0.999608,98.06,1.5,2.72,isocratic,20.1,1
coated_tablet,2,5.2,0.936,0.454,0.999945,101.07,0.97,3.21,isocratic,14.0,0
suspension,2,7.9,0.209,0.468,0.999569,99.11,1.0,2.17,gradient,17.7,0
coated_tablet,1,1.1,0.955,0.253,0.999774,100.1,1.51,2.94,isocratic,12.8,0
coated_tablet,1,8.0,0.854,0.59,0.999888,99.69,1.41,2.74,isocratic,7.4,0
cream,0,5.1,0.908,0.419,0.998582,100.67,1.03,3.02,isocratic,16.5,0
coated_tablet,1,1.1,2.594,1.073,0.999935,99.95,1.37,3.04,gradient,8.7,0
suspension,2,1.1,1.014,0.183,0.999942,98.15,1.03,2.74,isocratic,6.1,0
coated_tablet,1,1.7,3.911,0.671,0.999169,100.03,0.95,2.53,isocratic,6.1,0
coated_tablet,1,7.5,1.659,0.211,0.999601,100.35,0.8,2.98,isocratic,9.7,0
coated_tablet,4,6.1,1.498,1.15,0.999973,99.49,1.03,2.46,gradient,9.2,0
coated_tablet,1,5.4,1.364,0.344,0.997386,99.61,0.92,2.23,gradient,10.8,0
cream,1,9.1,2.351,0.883,0.999708,98.35,1.17,2.33,gradient,9.2,1
coated_tablet,2,9.3,0.807,0.874,0.99999,100.26,1.61,2.69,gradient,15.6,1
coated_tablet,2,6.1,0.682,0.32,0.999593,100.71,1.09,2.23,gradient,7.5,0
coated_tablet,1,9.8,3.536,0.8,0.99999,99.73,1.07,3.16,gradient,17.9,0
api_powder,1,2.3,0.171,0.396,0.998894,101.37,0.82,2.66,gradient,6.6,0
cream,4,1.2,0.72,1.25,0.992643,98.78,0.91,1.84,isocratic,14.3,1
coated_tablet,2,4.9,1.86,0.849,0.999222,99.71,1.23,2.73,isocratic,10.3,0
coated_tablet,2,3.9,0.691,2.36,0.999936,100.14,0.8,3.01,isocratic,14.5,0
suspension,1,7.7,0.562,0.564,0.999812,100.09,0.84,2.37,isocratic,7.3,0
suspension,2,6.0,4.083,1.78,0.99999,99.84,0.96,2.21,isocratic,6.6,0
coated_tablet,2,1.4,1.99,0.646,0.995661,99.25,0.98,1.86,isocratic,10.1,0
api_powder,0,6.2,1.075,0.174,0.999422,100.08,1.06,3.48,isocratic,20.6,0
cream,0,3.3,0.729,0.472,0.99999,99.15,0.86,1.48,gradient,17.6,0
api_powder,0,4.3,1.47,0.471,1.0,99.74,1.61,2.54,isocratic,15.4,0
api_powder,2,6.5,2.322,0.379,0.999924,100.06,0.97,2.49,isocratic,19.7,0
api_powder,2,8.8,1.988,0.909,0.999989,101.65,0.81,2.51,isocratic,18.6,0
api_powder,1,7.2,0.762,0.281,0.999981,99.19,0.8,2.6,gradient,11.7,0
coated_tablet,1,3.4,1.04,0.836,1.0,99.87,1.32,2.44,isocratic,5.8,0
coated_tablet,1,3.4,1.558,1.072,0.999988,98.6,0.8,3.26,gradient,21.1,0
suspension,4,4.0,2.787,0.189,0.99999,99.57,1.22,2.81,isocratic,7.3,0
cream,4,1.8,0.94,1.182,0.994829,99.88,1.21,2.32,isocratic,8.8,0
cream,4,7.2,0.214,0.555,0.999734,100.94,0.8,1.37,isocratic,8.4,1
coated_tablet,2,3.8,0.912,0.643,0.999864,98.71,1.0,2.04,isocratic,20.0,0
coated_tablet,0,5.0,0.867,0.748,0.999971,99.66,0.8,2.42,gradient,8.8,0
cream,2,5.1,0.483,0.272,0.999556,101.57,1.02,2.07,isocratic,14.3,1
cream,1,5.9,3.343,0.817,0.999885,98.73,1.36,2.51,gradient,13.6,0
coated_tablet,3,6.0,4.15,0.337,0.999983,101.13,1.0,2.06,isocratic,20.7,0
coated_tablet,2,4.2,1.0,1.984,0.999979,98.91,1.2,1.92,isocratic,12.4,0
coated_tablet,0,4.0,1.766,0.711,0.999503,99.36,0.99,2.85,isocratic,12.0,0
cream,2,3.4,0.55,1.239,0.990179,98.98,1.38,1.97,isocratic,8.5,1
cream,4,7.8,1.109,0.245,0.9999,99.18,1.45,2.79,isocratic,14.0,0
cream,2,3.6,1.32,1.078,0.989906,99.11,1.38,2.74,isocratic,15.1,1
coated_tablet,1,9.6,1.262,0.368,0.99999,100.04,1.29,1.69,isocratic,9.4,0
api_powder,3,6.9,0.92,0.384,0.999658,99.61,1.55,2.82,isocratic,53.2,0
coated_tablet,1,7.4,0.552,0.622,0.99999,99.65,1.09,1.72,gradient,22.6,0
coated_tablet,1,6.0,0.307,1.326,0.99999,99.49,1.45,2.33,gradient,35.4,0
suspension,1,3.6,2.031,0.278,0.999745,98.3,1.39,1.87,isocratic,21.9,0
api_powder,1,6.1,1.405,0.236,0.99995,100.27,1.23,2.65,isocratic,15.8,0
api_powder,0,6.9,0.784,0.535,0.998328,100.11,0.9,1.75,isocratic,5.3,0
coated_tablet,1,3.7,0.729,0.195,0.998674,99.69,0.8,2.17,gradient,6.0,0
suspension,0,5.7,2.11,0.999,0.99999,100.48,0.89,1.64,gradient,15.0,0
cream,2,2.8,1.66,1.245,0.996785,99.16,1.39,2.72,isocratic,10.6,0
suspension,4,6.8,0.338,0.809,0.999407,98.73,1.63,2.79,isocratic,4.8,0
cream,1,6.0,1.067,0.244,0.999972,100.62,1.08,2.88,gradient,9.0,0
suspension,1,8.0,2.508,1.165,0.999828,98.16,1.29,2.12,isocratic,9.8,1
api_powder,3,6.9,1.171,0.319,0.99999,102.26,1.29,1.39,isocratic,29.7,1
coated_tablet,2,1.7,0.356,0.511,0.99999,98.69,0.97,2.54,isocratic,19.8,0
cream,2,8.2,5.397,0.855,0.996881,99.98,0.8,1.53,gradient,10.7,1
suspension,1,1.4,0.168,0.809,0.999923,100.0,1.04,2.16,isocratic,35.6,0
suspension,1,1.7,1.606,0.235,0.998944,100.9,0.98,1.93,isocratic,11.9,0
api_powder,1,2.7,2.883,0.2,0.999491,101.33,0.92,2.54,isocratic,10.2,0
coated_tablet,3,9.1,0.544,0.654,0.999769,101.91,1.11,2.23,isocratic,13.8,0
coated_tablet,3,1.6,4.894,1.013,0.998145,99.54,0.85,2.17,isocratic,7.5,0
coated_tablet,2,2.7,1.09,0.831,0.99999,98.62,0.96,2.48,isocratic,12.7,0
api_powder,2,7.6,3.003,0.391,0.999729,99.7,1.38,1.88,isocratic,17.1,0
suspension,2,3.3,1.595,0.455,0.999061,99.33,1.95,2.29,gradient,8.0,0
coated_tablet,2,2.5,0.75,0.37,1.0,100.62,1.02,2.23,isocratic,11.1,0
coated_tablet,2,3.9,1.89,0.4,0.999964,100.2,1.03,1.96,isocratic,7.5,0
suspension,2,5.7,1.695,1.554,0.99999,100.37,2.17,3.44,isocratic,19.6,1
coated_tablet,3,1.1,0.74,0.154,0.99999,99.2,1.43,2.79,gradient,5.3,0
coated_tablet,1,5.8,0.197,0.558,0.99998,98.66,1.45,2.51,gradient,3.8,0
suspension,1,7.5,2.051,0.784,0.99999,99.95,0.8,2.61,isocratic,6.9,0
suspension,1,7.6,0.297,0.608,0.999926,100.04,1.33,2.37,gradient,13.0,0
coated_tablet,0,8.5,0.53,0.642,0.99983,99.79,1.18,2.55,gradient,10.5,0
coated_tablet,2,9.1,0.198,0.543,0.997357,99.67,1.45,1.96,isocratic,12.4,0
coated_tablet,3,4.1,1.837,0.629,0.999966,100.31,1.34,2.79,isocratic,16.8,0
cream,3,8.7,4.175,1.351,0.999902,98.83,0.88,2.14,gradient,17.9,1
coated_tablet,0,6.6,5.129,0.18,0.999954,101.57,1.53,1.96,isocratic,8.2,0
api_powder,0,1.3,0.342,0.251,0.999905,100.68,1.04,2.21,isocratic,7.1,0
coated_tablet,2,5.4,1.231,1.082,0.99999,99.37,1.12,2.0,isocratic,5.6,0
cream,1,7.7,0.698,0.648,0.997789,100.65,1.13,2.43,gradient,11.4,1
cream,3,3.1,0.486,0.451,0.99999,100.62,0.84,3.28,isocratic,12.8,0
api_powder,1,2.2,0.633,0.743,0.99999,101.27,1.08,2.56,isocratic,10.8,0
api_powder,2,4.4,0.396,0.474,0.999931,100.42,1.06,2.59,gradient,10.4,0
coated_tablet,2,4.1,1.116,0.41,0.999044,100.37,1.29,2.48,gradient,16.8,0
suspension,1,1.4,0.304,1.29,0.999484,101.14,0.8,2.14,isocratic,8.5,0
api_powder,1,4.3,0.77,0.843,0.998965,99.58,1.25,1.77,isocratic,7.6,0
suspension,3,2.1,0.94,0.586,0.99986,99.27,1.05,2.62,isocratic,16.9,0
cream,3,6.2,0.822,1.485,0.99999,99.89,0.82,1.6,gradient,10.2,1
cream,1,7.2,0.963,0.542,0.999924,98.95,1.17,2.52,gradient,18.4,1
api_powder,2,8.9,0.262,0.503,0.999986,99.41,1.27,2.15,gradient,8.9,0
suspension,1,9.9,0.405,0.342,0.999356,98.5,0.81,2.51,isocratic,13.1,0
coated_tablet,3,5.1,6.939,0.234,0.99952,101.07,0.8,2.54,gradient,8.4,0
coated_tablet,2,8.4,0.338,1.843,0.999764,100.6,1.27,1.87,isocratic,32.6,1
suspension,0,1.9,0.647,1.365,0.999962,97.99,0.97,2.12,gradient,7.0,1
api_powder,0,3.6,1.75,0.803,1.0,99.65,1.28,2.59,isocratic,12.2,0
suspension,2,3.2,1.318,0.368,0.99999,100.12,0.82,2.79,isocratic,5.3,0
suspension,1,8.3,1.122,0.964,0.99999,100.16,1.45,1.77,isocratic,15.0,0
suspension,2,7.1,0.363,0.7,0.998952,99.67,0.91,1.11,isocratic,29.9,1
suspension,0,2.9,1.0,0.468,0.999734,100.09,1.12,3.2,gradient,10.6,0
coated_tablet,0,1.2,0.687,1.161,0.999972,97.9,1.23,1.57,isocratic,11.6,1
suspension,1,4.8,0.337,0.226,0.99999,99.37,1.01,2.45,isocratic,14.5,0
api_powder,2,1.6,0.74,0.349,0.996428,99.23,1.14,2.85,isocratic,12.7,0
cream,1,3.3,0.929,0.468,0.999781,100.07,0.8,2.92,isocratic,7.2,0
coated_tablet,3,8.8,1.183,0.481,0.99999,98.73,1.13,2.02,isocratic,14.8,0
coated_tablet,0,3.0,1.452,0.685,0.999985,98.83,1.08,2.06,isocratic,8.2,0
api_powder,1,1.5,0.451,0.451,0.999981,99.67,1.04,2.47,isocratic,6.7,0
suspension,3,2.7,1.634,1.015,0.999988,101.6,1.28,2.53,isocratic,9.9,0
api_powder,2,9.7,0.571,1.097,0.99999,101.47,1.19,2.08,isocratic,12.7,0
coated_tablet,1,2.9,0.73,0.512,0.99821,100.5,0.84,2.75,isocratic,8.4,0
suspension,1,9.8,0.964,1.356,0.999786,98.98,0.88,2.2,isocratic,15.3,1
coated_tablet,0,2.7,3.096,1.141,0.99999,99.79,0.87,3.31,isocratic,19.1,0
cream,2,2.4,4.672,0.596,0.999892,98.89,1.34,1.78,isocratic,14.8,1
suspension,3,1.7,0.585,0.665,0.999906,97.9,1.05,1.6,isocratic,12.6,1
coated_tablet,1,9.1,1.754,0.691,0.99999,101.77,1.02,2.04,isocratic,8.8,0
api_powder,1,1.6,3.046,0.198,0.99999,99.88,0.8,2.91,gradient,14.9,0
api_powder,1,1.3,1.814,0.369,0.99999,98.73,1.36,2.6,isocratic,13.8,0
coated_tablet,2,1.7,0.593,0.847,0.999692,98.92,0.8,2.8,isocratic,9.4,0
cream,2,5.8,2.05,0.839,0.99999,100.27,1.32,2.43,isocratic,14.8,0
suspension,3,4.1,0.397,1.9,0.99999,99.05,1.3,2.65,isocratic,6.6,0
coated_tablet,1,3.4,1.49,0.555,0.998546,99.52,0.94,2.28,isocratic,13.7,0
cream,2,1.1,0.569,0.912,0.99999,99.69,1.2,2.72,gradient,20.7,0
suspension,3,2.0,3.459,0.455,0.99999,99.6,0.89,3.03,isocratic,9.8,0
suspension,2,6.3,1.363,0.259,0.999984,98.66,1.14,2.47,isocratic,12.8,0
suspension,2,2.5,3.385,0.165,0.999856,98.23,1.12,2.14,isocratic,9.4,0
api_powder,2,8.0,0.212,1.064,0.99999,100.61,1.6,1.32,gradient,35.0,1
suspension,2,8.4,0.766,1.038,0.997861,100.28,1.37,2.2,gradient,8.8,1
suspension,2,7.7,0.851,0.552,0.996429,101.08,1.36,3.06,gradient,12.0,1
coated_tablet,1,3.8,3.724,1.233,0.998887,100.49,0.87,2.78,isocratic,9.7,0
coated_tablet,1,2.1,1.78,0.741,0.998151,100.92,1.05,2.76,isocratic,8.8,0
coated_tablet,2,1.5,1.002,1.421,0.99943,99.83,2.12,2.3,isocratic,7.6,0
cream,1,9.9,1.228,1.441,0.995867,98.99,0.83,2.44,isocratic,22.2,1
suspension,3,3.0,0.984,0.873,0.99999,99.48,0.93,2.14,gradient,6.2,0
coated_tablet,1,5.0,0.572,0.279,0.999686,99.94,1.48,2.34,isocratic,6.8,0
suspension,3,8.2,0.711,0.382,0.99999,99.1,0.8,3.57,isocratic,7.1,0
coated_tablet,2,5.1,1.508,1.043,0.999783,100.46,1.64,2.42,gradient,15.9,0
coated_tablet,2,2.1,0.69,0.879,0.997781,100.21,1.15,2.85,isocratic,9.7,0
api_powder,4,5.1,2.085,0.953,0.999979,98.21,1.62,1.67,isocratic,10.0,1
coated_tablet,2,5.3,1.116,0.733,0.997902,99.75,1.5,2.92,isocratic,18.1,0
coated_tablet,1,5.3,2.632,0.386,0.99999,102.4,1.12,2.68,gradient,3.2,1
coated_tablet,2,1.1,0.426,1.034,0.999931,98.29,1.27,2.66,isocratic,8.5,0
coated_tablet,1,3.6,0.363,0.507,0.99999,102.74,0.98,1.92,isocratic,14.2,1
suspension,1,8.2,0.764,0.544,0.999938,100.25,1.12,1.75,gradient,5.8,0
api_powder,4,5.4,2.804,0.543,0.99999,99.45,0.82,0.91,isocratic,6.2,0
suspension,2,3.8,2.991,1.891,0.998996,101.41,1.65,2.02,isocratic,4.1,1
api_powder,0,2.7,0.69,0.725,0.997536,99.37,1.17,3.19,isocratic,4.3,0
coated_tablet,1,9.0,0.551,0.411,0.999649,99.69,1.16,2.57,isocratic,17.5,0
suspension,1,5.1,0.733,0.597,0.999689,100.0,1.55,2.09,isocratic,12.4,0
coated_tablet,2,3.0,0.187,0.564,0.999977,98.88,0.8,2.23,gradient,29.9,0
api_powder,1,7.5,0.264,0.89,0.999905,99.37,0.9,1.45,gradient,11.3,1
api_powder,3,9.7,2.9,0.963,0.999754,99.66,0.8,2.37,gradient,5.4,0
suspension,2,5.1,0.689,1.045,0.999921,100.38,1.44,3.32,isocratic,15.6,0
cream,1,2.0,1.459,1.896,0.997771,98.38,1.14,2.04,isocratic,8.4,0
coated_tablet,1,9.7,5.779,0.569,0.999263,99.85,1.51,2.44,gradient,16.7,0
api_powder,1,9.7,0.382,0.327,0.99999,101.37,1.02,2.29,isocratic,8.7,0
suspension,1,8.2,0.305,0.272,0.99999,100.12,0.96,1.47,isocratic,8.2,1
cream,0,8.7,0.588,0.419,0.999943,100.17,1.25,2.12,gradient,10.1,0
coated_tablet,1,6.6,2.117,0.838,0.99999,101.24,1.47,2.71,isocratic,6.9,0
coated_tablet,0,3.0,0.847,0.365,0.998476,98.04,0.99,1.96,isocratic,18.9,0
api_powder,4,4.8,4.74,0.77,0.999921,99.42,1.3,2.77,isocratic,14.8,0
coated_tablet,1,3.7,1.86,0.636,1.0,99.85,1.38,2.64,isocratic,10.8,0
cream,2,1.2,7.682,1.21,0.998181,100.74,1.13,2.41,isocratic,26.2,0
coated_tablet,4,4.5,0.889,0.37,0.997092,98.25,1.29,2.73,isocratic,23.1,1
api_powder,1,1.4,1.48,0.906,0.999691,101.29,0.89,2.02,isocratic,10.1,0
coated_tablet,2,9.9,1.961,2.009,0.99999,101.36,0.95,1.93,isocratic,6.9,1
cream,4,3.9,0.57,0.909,0.992702,100.0,0.93,2.85,isocratic,13.5,1
api_powder,1,7.2,2.842,1.566,0.999973,100.85,1.18,2.7,gradient,8.2,0
coated_tablet,0,7.5,0.759,0.719,0.99952,99.23,1.32,2.44,isocratic,13.6,0
suspension,2,9.0,3.998,1.373,0.999331,100.57,1.07,2.67,isocratic,6.4,0
suspension,4,8.8,0.226,0.342,0.999291,97.8,1.39,3.39,isocratic,14.8,1
suspension,2,6.8,0.779,0.669,0.999932,99.94,0.8,2.74,isocratic,15.5,0
coated_tablet,2,7.1,4.731,0.526,0.99999,98.99,0.93,1.12,isocratic,25.8,1
coated_tablet,2,3.0,0.72,0.488,1.0,100.06,1.28,1.68,isocratic,9.9,0
suspension,4,1.9,0.173,0.462,0.998759,99.19,1.04,2.4,isocratic,10.0,0
suspension,3,3.6,2.548,0.756,0.998948,100.64,1.08,1.71,isocratic,13.0,0
api_powder,1,9.4,0.846,0.669,0.99999,100.88,1.29,2.73,isocratic,14.3,0
suspension,2,1.4,1.057,1.565,0.99999,99.71,0.8,2.92,isocratic,14.3,0
suspension,1,2.3,0.575,0.465,0.999953,99.5,1.04,2.33,isocratic,7.4,0
suspension,1,4.0,1.143,0.249,0.99999,100.66,1.12,2.68,gradient,7.6,0
suspension,3,4.9,0.75,0.545,0.999132,101.23,1.0,2.59,isocratic,16.7,0
api_powder,0,2.8,0.8,0.388,0.998282,100.36,1.34,2.22,isocratic,7.8,0
suspension,1,1.7,1.229,0.242,0.99999,99.76,1.12,2.15,gradient,9.2,0
cream,3,5.0,0.51,1.184,0.997195,99.7,1.15,2.6,isocratic,15.1,0
coated_tablet,2,6.2,0.683,0.485,0.999871,100.74,0.8,1.96,isocratic,7.7,0
api_powder,2,4.6,0.133,0.607,0.999804,102.57,1.05,2.24,isocratic,8.5,0
cream,2,4.7,0.54,0.84,0.997386,99.59,1.14,2.35,isocratic,18.2,0
api_powder,2,3.4,0.76,0.62,0.999357,99.27,1.03,3.05,isocratic,10.6,0
coated_tablet,2,4.7,0.8,0.821,0.998847,100.58,0.92,2.51,isocratic,10.4,0
coated_tablet,2,3.1,0.902,0.293,0.99999,100.32,1.1,1.94,gradient,12.6,0
cream,1,7.5,0.424,0.615,0.99999,100.54,1.02,2.89,gradient,7.4,0
cream,2,4.7,0.64,1.509,0.994113,98.39,1.01,2.81,isocratic,14.2,1
coated_tablet,1,2.3,2.483,0.3,0.999858,100.55,0.8,1.54,gradient,7.9,0
coated_tablet,0,3.1,0.64,0.404,0.9983,99.42,1.44,2.7,isocratic,9.9,0
coated_tablet,1,6.7,0.24,0.21,0.999111,100.03,0.83,2.38,gradient,11.9,0
cream,3,1.8,0.902,0.148,0.99999,100.2,1.27,2.5,gradient,13.0,0
api_powder,1,6.3,1.545,0.283,0.999962,98.97,1.02,1.97,isocratic,8.0,0
coated_tablet,1,6.1,2.287,1.189,0.99999,97.6,1.61,1.68,isocratic,13.2,1
coated_tablet,2,3.5,1.1,0.641,0.998622,101.12,1.69,2.02,isocratic,6.2,0
api_powder,0,2.1,0.244,0.236,0.99999,99.59,1.26,2.75,isocratic,11.7,0
api_powder,1,9.0,0.204,1.537,0.999752,99.34,1.11,3.14,isocratic,11.5,0
coated_tablet,1,3.9,1.414,0.533,0.99999,98.62,1.37,2.63,isocratic,5.8,0
coated_tablet,2,8.4,0.827,0.483,0.999801,100.8,1.18,2.47,isocratic,9.5,0
suspension,2,4.0,1.361,1.005,0.999694,100.04,1.64,2.31,gradient,9.5,0
coated_tablet,1,3.0,0.757,0.896,0.999937,100.52,1.07,3.17,gradient,8.9,0
cream,3,2.3,1.168,0.678,0.99999,98.51,0.83,2.12,isocratic,16.5,0
coated_tablet,1,6.7,1.019,0.635,0.999948,100.25,1.09,1.52,gradient,7.1,0
cream,2,5.6,1.224,0.413,0.999819,100.31,0.86,2.3,isocratic,16.5,0
cream,1,7.4,2.556,0.549,0.999981,99.46,0.89,3.1,isocratic,6.2,0
coated_tablet,1,3.8,4.479,0.758,0.99999,98.72,1.2,2.17,isocratic,34.0,0
coated_tablet,2,8.2,0.295,1.737,0.999754,98.63,1.67,2.29,gradient,8.9,1
api_powder,1,1.1,0.55,0.26,1.0,100.05,1.41,2.42,isocratic,9.6,0
cream,2,6.5,1.891,0.47,0.9999,100.62,0.8,2.73,isocratic,36.6,0
suspension,1,2.6,1.093,0.409,0.99999,100.49,1.5,3.83,isocratic,19.2,0
api_powder,1,9.1,0.659,0.422,0.999964,99.52,0.96,1.93,gradient,16.7,0
suspension,1,5.1,0.317,0.581,0.998786,100.79,0.92,2.16,isocratic,16.7,0
api_powder,3,9.3,0.617,1.356,0.99999,100.06,0.8,1.92,isocratic,15.2,1
cream,4,5.6,3.679,0.62,0.999983,99.77,1.22,3.37,isocratic,8.8,0
coated_tablet,0,4.3,1.13,0.347,0.998741,100.99,1.22,2.64,isocratic,8.9,0
cream,2,8.4,1.623,0.722,0.99999,100.77,1.34,2.02,gradient,11.5,0
coated_tablet,1,8.0,0.246,0.444,0.999969,100.13,1.78,2.66,isocratic,4.7,0
suspension,1,3.1,0.422,0.314,0.999974,99.68,1.08,2.75,isocratic,13.0,0
cream,1,8.9,1.88,0.845,0.999002,100.98,1.36,2.61,gradient,4.9,0
coated_tablet,1,9.1,1.116,1.01,0.998934,100.21,0.81,2.25,gradient,9.9,0
cream,2,2.7,0.62,1.128,0.994734,98.9,1.65,2.85,isocratic,18.9,1
coated_tablet,2,4.5,0.98,0.05,0.998745,100.29,1.18,2.61,isocratic,14.0,0
suspension,0,8.2,0.693,0.375,0.999883,101.1,0.94,2.91,isocratic,29.8,0
cream,0,5.1,0.616,0.424,0.99992,99.5,1.16,2.09,gradient,31.1,0
api_powder,4,4.0,0.473,0.616,0.998747,99.25,0.8,2.8,isocratic,15.1,0
suspension,2,6.2,2.087,0.329,0.999776,100.59,0.89,2.76,gradient,9.0,0
coated_tablet,1,9.7,1.382,0.381,0.999045,99.65,1.4,2.5,isocratic,33.3,0
coated_tablet,1,8.5,1.544,0.685,0.99999,98.39,1.16,3.12,isocratic,15.1,0
api_powder,0,8.6,0.161,0.74,0.999989,101.09,1.08,1.46,gradient,13.1,1
suspension,2,5.7,1.662,0.55,0.99999,99.21,1.56,3.47,isocratic,10.4,0
coated_tablet,2,6.8,0.218,0.692,0.99999,101.39,0.8,2.35,gradient,13.0,0
api_powder,3,7.5,1.1,0.701,0.999722,98.19,1.31,2.1,gradient,3.9,0
coated_tablet,2,2.2,0.52,0.379,0.995856,100.26,1.34,3.51,isocratic,8.8,0
suspension,2,3.7,0.959,1.329,0.99999,100.92,1.48,1.87,gradient,10.4,0
coated_tablet,2,2.0,0.643,0.442,0.99999,102.41,0.8,1.38,isocratic,16.6,1
api_powder,1,1.0,1.87,0.962,1.0,100.29,1.77,2.71,isocratic,11.5,0
api_powder,3,6.9,1.589,0.699,0.999983,99.22,0.8,2.51,gradient,12.2,0
api_powder,0,2.0,1.38,0.519,1.0,99.57,1.38,2.24,isocratic,9.8,0
coated_tablet,2,2.3,0.263,1.4,0.999915,100.03,1.14,2.58,isocratic,5.6,0
coated_tablet,4,4.1,5.053,0.553,0.999965,100.37,1.39,2.18,gradient,14.4,0
coated_tablet,2,6.2,0.724,0.429,0.9999,99.91,1.73,2.12,isocratic,18.8,0
suspension,2,7.0,2.393,0.394,0.999833,99.57,1.07,2.77,gradient,23.4,0
suspension,2,3.2,0.346,1.569,0.999879,98.93,0.87,2.92,gradient,11.7,1
suspension,1,2.2,0.142,0.949,0.99999,101.92,1.02,2.27,isocratic,12.5,0
cream,1,4.7,0.195,0.386,0.999985,98.29,1.03,2.89,isocratic,20.5,0
suspension,1,7.2,1.706,0.98,0.99999,100.5,0.87,1.97,isocratic,6.8,0
api_powder,1,9.2,0.608,0.342,0.99996,100.75,0.83,1.96,isocratic,28.3,0
api_powder,2,5.6,0.215,0.459,0.999927,100.43,1.1,1.9,isocratic,19.8,0
coated_tablet,2,5.1,4.801,1.56,0.999983,100.12,1.41,2.63,gradient,17.6,0
cream,3,2.2,0.286,0.723,0.99999,101.09,0.82,2.2,gradient,11.1,0
suspension,2,3.8,1.19,0.714,0.998943,99.98,1.05,2.08,isocratic,9.8,0
cream,1,6.7,1.242,0.66,0.998705,100.76,1.19,3.43,gradient,24.0,1
cream,4,5.2,0.854,0.344,0.999614,100.41,1.43,2.01,gradient,29.7,0
suspension,2,7.6,0.723,0.917,0.99999,101.21,2.23,1.29,gradient,13.5,1
cream,3,8.7,1.561,0.98,0.999986,101.32,1.04,2.12,isocratic,8.5,0
coated_tablet,0,7.6,1.433,0.197,0.99999,99.81,1.17,2.3,isocratic,7.4,0
suspension,4,7.7,0.698,0.741,0.99999,102.13,1.15,2.04,gradient,4.7,1
coated_tablet,0,3.4,0.589,0.477,0.999965,99.61,1.6,2.54,gradient,12.8,0
cream,3,5.4,7.022,0.134,0.999974,101.39,1.0,2.95,isocratic,9.8,0
coated_tablet,2,1.7,0.149,0.426,0.999907,100.71,1.3,2.27,gradient,20.3,0
coated_tablet,2,8.8,1.025,0.32,0.99999,101.39,1.0,2.67,gradient,6.9,0
api_powder,2,2.3,1.427,0.636,0.998992,100.51,0.91,2.35,gradient,22.6,0
suspension,1,2.7,0.662,0.578,0.999872,101.71,1.2,2.79,isocratic,45.3,0
suspension,1,7.9,0.439,0.952,0.997861,99.0,0.82,2.85,isocratic,23.0,0
cream,3,1.3,1.16,0.957,0.990773,98.08,0.94,2.75,isocratic,10.2,1
suspension,3,1.2,0.682,1.025,0.99999,100.87,1.09,2.66,gradient,6.7,0
cream,3,2.4,1.73,1.279,0.988101,99.23,1.09,2.17,isocratic,18.2,1
coated_tablet,1,8.2,1.464,0.408,0.999817,98.88,0.8,1.84,gradient,8.8,0
api_powder,0,1.2,0.66,0.154,0.998977,99.83,0.89,2.49,isocratic,10.2,0
api_powder,1,9.6,1.417,1.366,0.999464,100.66,1.21,1.77,isocratic,20.1,0
suspension,0,4.6,0.753,0.587,0.99999,98.81,0.8,3.2,isocratic,8.0,0
suspension,0,5.8,0.738,0.426,0.999896,97.83,1.29,2.37,isocratic,14.0,1
api_powder,2,2.7,1.73,0.597,0.996808,99.02,1.48,2.46,isocratic,8.1,0
api_powder,3,9.4,0.553,1.18,0.99999,100.58,0.93,2.75,isocratic,19.0,0
cream,4,4.0,0.98,1.251,0.996301,99.26,1.19,2.06,isocratic,16.2,1
cream,1,2.5,1.542,0.657,0.998517,100.53,1.16,2.72,isocratic,11.4,0
api_powder,2,6.9,1.212,1.929,0.998006,100.5,0.8,2.78,gradient,9.1,0
cream,0,3.0,0.684,0.513,0.999947,99.73,1.25,2.38,gradient,6.5,0
coated_tablet,2,1.6,1.095,1.393,0.999983,100.98,1.05,1.63,isocratic,5.7,0
coated_tablet,3,3.5,2.055,0.206,0.99999,100.03,1.04,2.53,gradient,19.6,0
suspension,1,9.5,0.687,0.262,0.998203,100.04,1.3,2.05,isocratic,28.1,0
api_powder,1,6.4,0.821,1.235,0.99999,99.69,1.51,1.8,gradient,19.1,1
suspension,3,2.5,0.905,0.23,0.999863,100.42,0.82,3.18,isocratic,17.0,0
api_powder,0,2.8,1.27,0.773,0.99901,99.28,1.14,2.92,isocratic,7.1,0
cream,1,6.2,0.6,0.874,0.999007,100.21,1.24,2.89,isocratic,22.7,0
suspension,1,2.8,0.575,0.298,0.999428,100.47,1.31,2.43,isocratic,27.7,0
cream,3,9.7,0.081,0.739,0.99999,100.9,1.09,1.92,isocratic,10.1,1
suspension,2,6.2,2.143,0.905,0.999286,98.37,1.09,1.95,isocratic,14.3,0
coated_tablet,1,5.1,0.675,0.212,0.999329,101.27,1.13,1.76,isocratic,12.3,0
suspension,2,4.6,0.831,0.416,0.99999,100.78,1.01,2.39,isocratic,8.3,0
coated_tablet,2,2.9,0.854,0.717,0.999735,101.55,2.25,2.62,isocratic,6.7,0
coated_tablet,2,4.4,0.353,0.263,0.997377,96.69,0.97,2.81,isocratic,17.2,1
cream,1,5.0,1.221,1.091,0.99999,101.38,0.8,2.06,isocratic,17.6,0
coated_tablet,0,8.8,2.493,0.425,0.999966,101.68,0.99,2.03,gradient,6.4,0
suspension,3,8.6,1.228,1.476,0.99999,99.62,1.06,1.39,isocratic,12.1,1
coated_tablet,2,1.1,1.13,1.01,0.998357,100.63,0.85,2.43,isocratic,5.0,0
cream,4,2.6,1.23,1.164,0.994495,99.52,0.94,2.7,isocratic,10.8,0
coated_tablet,1,4.8,2.009,0.542,0.999937,100.91,1.55,2.92,gradient,15.7,0
cream,1,3.7,1.57,0.652,0.99993,99.25,1.54,2.4,gradient,9.8,0
coated_tablet,2,2.9,1.93,0.762,1.0,99.69,1.13,2.88,isocratic,12.6,0
coated_tablet,2,3.2,2.601,0.607,0.999974,99.15,1.41,3.76,isocratic,28.4,0
api_powder,2,2.8,3.803,0.716,0.999906,100.38,1.06,1.73,isocratic,23.2,0
cream,2,9.4,1.086,0.26,0.99999,99.75,1.03,2.88,isocratic,11.0,0
suspension,3,6.3,0.712,0.592,0.999919,99.57,1.47,1.79,gradient,10.7,0
suspension,1,5.9,0.735,0.434,0.999881,100.05,1.48,1.59,gradient,13.8,0
coated_tablet,2,8.9,0.703,0.497,0.99999,100.4,0.86,2.77,isocratic,7.2,0
coated_tablet,3,4.9,0.896,1.455,0.999963,101.89,1.28,2.41,isocratic,11.5,0
coated_tablet,1,6.4,2.375,0.337,0.999937,98.9,1.32,1.69,isocratic,12.4,0
suspension,2,6.2,1.138,0.865,0.999975,101.24,1.3,1.71,isocratic,14.0,0
suspension,1,9.4,1.587,0.737,0.999303,101.19,0.85,2.48,gradient,12.6,1
suspension,1,8.0,0.391,0.909,0.999908,100.09,1.18,2.35,isocratic,16.3,0
api_powder,1,8.1,3.319,0.35,0.99999,100.71,0.8,1.87,gradient,15.5,0
suspension,4,4.1,0.661,0.835,0.999905,99.75,0.8,1.84,isocratic,10.0,0
suspension,2,4.6,1.095,0.353,0.99999,102.08,1.02,3.13,isocratic,22.6,1
cream,1,6.8,3.288,0.726,0.999925,100.2,1.14,2.25,isocratic,5.1,0
coated_tablet,2,4.1,0.113,0.411,0.99999,100.09,0.95,1.54,gradient,19.9,0
suspension,2,2.9,0.915,1.893,0.99999,100.44,0.9,2.34,gradient,6.7,0
cream,3,2.8,0.66,1.307,0.999804,99.19,1.13,2.8,isocratic,19.9,0
coated_tablet,2,9.2,0.427,0.314,0.999553,99.62,1.15,1.94,gradient,15.8,0
coated_tablet,2,5.6,2.637,0.624,0.999345,99.02,0.88,1.18,isocratic,9.8,0
cream,2,1.1,1.98,0.92,0.991675,99.42,0.8,2.49,isocratic,11.9,0
api_powder,2,2.1,1.78,0.471,1.0,99.99,0.98,2.23,isocratic,8.3,0
coated_tablet,2,5.4,0.742,1.544,0.999937,100.89,1.23,2.88,gradient,16.1,0
suspension,1,7.4,0.497,0.824,0.99999,102.15,0.8,2.38,isocratic,9.6,1
coated_tablet,2,2.3,1.1,0.679,1.0,100.15,0.8,2.18,isocratic,11.7,0
cream,1,4.9,1.52,0.717,0.999789,101.94,0.8,1.59,gradient,21.2,1
coated_tablet,1,9.7,0.394,0.684,0.999807,99.49,0.91,2.95,isocratic,13.2,0
suspension,0,7.4,0.945,0.586,0.99976,101.07,1.02,2.28,isocratic,42.9,0
coated_tablet,2,4.3,2.44,1.084,0.999572,100.06,1.12,2.23,isocratic,11.4,0
api_powder,1,1.6,1.311,1.286,0.99999,99.46,1.08,1.5,isocratic,10.0,0
api_powder,2,4.7,0.41,0.412,0.999736,97.79,1.35,2.09,gradient,22.2,1
coated_tablet,1,4.6,0.314,0.425,0.999978,97.95,1.13,2.17,gradient,6.4,1
coated_tablet,4,1.2,0.304,0.575,0.999592,98.75,1.33,2.51,isocratic,11.6,0
coated_tablet,1,7.5,4.731,0.336,0.99999,101.27,1.3,2.17,isocratic,14.9,0
suspension,2,4.3,0.638,0.716,0.999886,100.19,0.88,2.98,isocratic,15.1,0
api_powder,1,1.2,1.48,0.544,1.0,99.5,1.12,2.06,isocratic,14.3,0
suspension,2,3.9,2.137,0.285,0.999601,99.93,1.44,1.8,gradient,9.9,0
cream,2,7.7,1.856,1.635,0.999932,99.08,1.27,2.92,isocratic,17.5,1
coated_tablet,1,6.4,1.168,0.514,0.999601,101.34,0.97,2.84,isocratic,5.9,0
coated_tablet,1,9.2,0.918,0.587,0.99999,98.61,0.87,2.06,isocratic,19.9,0
coated_tablet,1,9.5,0.986,0.766,0.999932,99.64,1.12,2.61,isocratic,12.7,0
coated_tablet,2,4.7,1.18,0.745,1.0,100.24,1.31,2.0,isocratic,11.9,0
suspension,2,4.7,1.176,0.848,0.999655,102.0,1.28,1.59,isocratic,7.4,0
coated_tablet,1,9.3,0.293,0.475,0.999882,99.77,0.94,2.83,isocratic,23.8,0
coated_tablet,2,7.8,0.864,0.564,0.999726,102.09,0.83,1.81,isocratic,14.6,1
cream,1,4.8,4.473,0.364,0.999915,98.3,1.06,3.29,gradient,54.5,1
cream,1,2.9,0.784,1.45,0.999979,100.22,1.2,2.68,gradient,10.0,0
cream,4,9.1,0.352,0.932,0.999984,98.8,1.06,1.78,isocratic,15.1,1
cream,2,8.5,0.497,0.43,0.99999,100.16,0.86,2.17,gradient,8.6,0
suspension,4,8.2,0.391,0.162,0.999468,99.56,1.67,1.52,isocratic,27.1,1
api_powder,1,4.1,1.139,0.253,0.99999,100.51,1.2,2.34,isocratic,11.0,0
suspension,2,6.9,1.334,0.368,0.998378,97.98,1.14,2.9,gradient,17.8,1
coated_tablet,0,8.8,0.477,0.633,0.998866,99.86,1.39,3.29,gradient,4.6,0
coated_tablet,3,6.5,1.146,0.624,0.999862,99.15,1.05,2.57,isocratic,9.3,0
api_powder,1,2.1,1.05,0.537,1.0,100.26,1.24,2.87,isocratic,12.3,0
coated_tablet,1,1.2,1.51,0.481,1.0,99.59,0.99,3.02,isocratic,12.5,0
cream,3,5.1,2.226,1.201,0.999787,101.06,0.9,2.31,isocratic,26.0,0
cream,2,8.7,0.741,1.325,0.999982,100.13,1.23,2.98,gradient,12.3,1
suspension,2,2.7,0.724,0.281,0.999842,99.8,0.92,2.16,isocratic,11.5,0
api_powder,4,8.9,0.95,1.313,0.99999,100.69,1.04,1.22,gradient,13.8,1
coated_tablet,2,3.0,0.891,0.468,0.999318,102.11,0.88,1.96,isocratic,15.4,1
coated_tablet,2,1.3,0.656,0.253,0.999366,99.64,0.95,2.05,gradient,13.2,0
coated_tablet,3,6.3,0.626,1.327,0.999914,99.03,1.07,2.12,isocratic,18.5,0
api_powder,2,2.9,0.615,0.644,0.999984,98.89,1.57,2.84,isocratic,12.5,0
cream,1,2.6,1.372,0.406,0.99999,99.08,1.06,1.86,isocratic,9.9,0
api_powder,0,8.5,0.569,2.438,0.999917,100.59,1.36,2.68,isocratic,15.8,1
coated_tablet,0,4.4,0.95,0.182,1.0,100.44,1.3,2.81,isocratic,11.1,0
coated_tablet,2,3.3,0.884,0.596,0.999962,98.77,0.83,3.06,gradient,21.3,0
suspension,4,7.1,0.564,0.653,0.99999,100.03,0.85,2.53,gradient,7.3,1
cream,2,5.9,1.112,0.781,0.999845,100.92,1.13,1.79,isocratic,8.1,0
coated_tablet,4,3.1,0.481,1.135,0.99899,100.34,0.8,2.18,gradient,13.4,0
suspension,2,1.5,1.423,1.071,0.998768,101.19,0.8,1.98,isocratic,27.4,0
cream,1,5.6,1.611,0.354,0.99923,100.99,1.5,2.72,isocratic,11.5,0
coated_tablet,1,2.8,0.566,0.447,0.99999,100.38,0.8,3.4,gradient,6.9,0
suspension,2,8.2,1.774,0.381,0.999923,97.1,1.13,2.17,gradient,20.6,1
coated_tablet,2,6.9,0.815,0.576,0.99999,99.76,1.02,2.82,gradient,20.9,0
coated_tablet,2,5.0,0.94,0.621,0.998087,100.82,1.32,2.53,isocratic,8.9,0
coated_tablet,4,4.7,0.458,0.692,0.999963,98.51,0.99,1.89,isocratic,9.9,0
suspension,0,4.5,0.495,1.245,0.999987,99.79,1.1,1.61,isocratic,14.7,0
coated_tablet,1,4.4,0.537,0.41,0.99997,100.34,1.12,2.36,isocratic,8.8,0
suspension,1,8.3,1.575,1.359,0.999855,100.03,1.1,2.8,gradient,16.8,1
coated_tablet,2,1.6,1.77,0.898,0.99968,99.95,1.16,2.31,isocratic,14.8,0
coated_tablet,2,7.0,0.175,1.077,0.998991,98.69,1.29,2.21,isocratic,9.0,0
coated_tablet,0,1.8,1.46,0.633,0.99539,100.5,1.28,1.79,isocratic,13.4,0
coated_tablet,1,4.5,1.153,0.795,0.999468,98.89,1.41,2.15,isocratic,14.1,0
coated_tablet,2,2.9,1.233,0.395,0.999836,98.0,1.62,1.65,gradient,10.2,1
coated_tablet,1,7.1,0.662,0.698,0.99999,100.29,1.17,2.02,isocratic,8.9,0
cream,2,8.1,4.919,0.45,0.999986,99.96,0.8,2.46,gradient,7.3,0
suspension,2,1.8,0.189,0.673,0.999434,101.59,0.83,1.24,isocratic,16.3,1
suspension,2,3.9,1.194,0.313,0.999668,101.48,1.47,1.83,isocratic,19.3,1
coated_tablet,2,9.2,1.624,0.908,0.999752,99.19,0.98,2.16,gradient,21.0,0
coated_tablet,2,3.5,0.535,0.633,0.99999,100.3,1.12,2.94,gradient,14.3,0
api_powder,2,2.7,2.267,0.687,0.99885,100.38,1.52,1.36,isocratic,8.6,1
api_powder,1,3.1,1.57,0.554,0.998502,100.24,1.34,3.02,isocratic,12.6,0
coated_tablet,2,8.4,1.961,0.351,0.999986,99.54,1.59,2.8,isocratic,7.6,0
coated_tablet,2,5.8,2.02,0.808,0.999556,99.46,1.05,2.58,gradient,11.7,0
coated_tablet,3,8.4,0.395,0.478,0.99999,100.3,0.92,2.15,gradient,24.4,0
suspension,3,9.6,0.099,0.175,0.999897,99.48,0.87,2.85,isocratic,14.7,0
api_powder,0,3.5,1.44,0.486,0.999098,100.82,0.8,2.41,isocratic,13.6,0
cream,2,4.6,1.09,1.249,0.994146,98.68,1.05,3.08,isocratic,11.5,1
suspension,1,1.5,0.757,0.668,0.9996,98.65,1.56,2.46,isocratic,10.9,0
suspension,1,8.6,0.717,0.512,0.999907,98.55,1.46,2.53,isocratic,12.0,0
coated_tablet,3,1.9,1.304,0.824,0.999864,101.4,1.2,2.97,gradient,30.4,0
coated_tablet,2,5.3,6.723,0.303,0.999971,100.71,1.18,2.21,gradient,24.1,0
suspension,0,4.4,0.192,0.827,0.9999,100.27,1.12,2.39,gradient,25.1,0
coated_tablet,2,7.4,0.526,0.368,0.99999,100.07,0.87,2.11,isocratic,7.2,0
suspension,2,1.9,0.95,1.316,0.999847,99.37,1.56,1.87,isocratic,13.7,1
suspension,1,8.9,0.538,0.424,0.999496,99.74,1.05,2.74,gradient,12.2,0
suspension,4,8.6,0.84,0.123,0.999813,100.27,1.08,1.67,isocratic,10.3,1
suspension,2,2.7,1.302,0.524,0.995992,99.77,0.87,2.24,gradient,12.0,0
cream,1,6.2,1.728,0.537,0.999694,101.03,1.44,2.43,isocratic,8.6,0
coated_tablet,0,3.0,0.73,0.861,0.998589,100.22,1.36,2.54,isocratic,17.0,0
coated_tablet,1,6.8,0.609,0.178,0.999057,100.65,1.31,1.48,isocratic,21.3,0
api_powder,1,4.0,1.686,0.357,0.999679,99.77,1.66,3.4,isocratic,7.9,0
coated_tablet,2,5.7,1.026,0.593,0.999779,98.69,1.27,1.71,isocratic,24.3,0
cream,2,1.4,0.433,1.517,0.999223,100.93,0.95,2.79,isocratic,16.1,0
suspension,4,5.4,1.235,0.492,0.999966,99.14,1.42,2.34,isocratic,34.0,0
coated_tablet,1,3.7,1.94,0.249,1.0,100.5,1.16,1.99,isocratic,5.9,0
coated_tablet,1,8.0,5.542,0.831,0.999835,101.96,0.8,1.98,isocratic,18.6,1
coated_tablet,3,3.3,0.477,0.566,0.999847,99.07,1.44,2.05,gradient,5.8,0
suspension,1,8.8,0.709,0.451,0.999965,100.4,0.8,2.08,isocratic,15.2,0
suspension,1,4.3,1.5,1.349,0.998001,99.95,1.49,2.19,isocratic,16.1,0
cream,2,4.5,0.402,0.943,0.99999,99.41,1.11,2.81,gradient,16.8,0
coated_tablet,2,7.7,0.411,0.341,0.999795,100.16,1.27,2.42,gradient,9.9,0
suspension,2,1.7,0.581,0.51,0.999774,98.3,1.3,2.28,gradient,19.1,0
suspension,1,1.8,3.302,1.458,0.99999,100.25,1.06,2.69,isocratic,12.7,0
api_powder,3,4.6,0.352,0.728,0.999341,100.96,1.03,3.01,gradient,17.9,0
coated_tablet,2,5.0,0.975,1.363,0.998983,99.36,0.97,2.2,isocratic,7.7,0
api_powder,3,3.2,0.847,0.376,0.999752,101.15,1.18,2.9,gradient,9.7,0
suspension,1,6.0,2.384,1.0,0.999614,100.2,1.21,1.79,isocratic,12.0,0
api_powder,2,3.6,0.314,0.381,0.999774,100.04,0.89,1.44,gradient,23.3,1
coated_tablet,1,2.2,1.804,0.866,0.999754,99.95,1.78,2.44,isocratic,5.6,0
api_powder,1,2.4,0.749,0.924,0.99956,100.33,1.01,1.52,isocratic,24.1,0
suspension,2,7.9,2.445,0.438,0.999831,99.66,1.87,2.39,gradient,16.7,1
suspension,2,7.4,1.195,0.26,0.999986,100.72,1.03,2.16,gradient,26.8,0
suspension,1,6.7,0.619,0.859,0.999868,98.87,0.93,2.17,gradient,21.2,0
coated_tablet,1,3.6,1.14,0.97,1.0,99.78,0.94,2.7,isocratic,9.5,0
coated_tablet,2,2.9,1.06,0.686,1.0,100.43,1.26,3.43,isocratic,9.4,0
coated_tablet,0,1.7,0.83,0.418,1.0,100.45,1.07,2.13,isocratic,8.5,0
cream,3,3.9,4.233,0.402,0.999683,99.04,0.8,2.86,gradient,7.3,0
cream,1,9.9,0.641,0.369,0.999261,101.63,0.89,1.44,isocratic,4.9,1
api_powder,0,1.2,1.48,0.974,0.999969,98.87,0.95,1.8,isocratic,10.1,0
suspension,1,4.0,1.822,0.41,0.99999,100.93,1.23,2.51,isocratic,14.9,0
suspension,1,8.7,1.244,0.9,0.99999,98.65,1.07,1.46,isocratic,8.3,1
coated_tablet,1,5.5,0.497,0.902,0.999185,98.25,1.56,3.06,gradient,5.7,1
cream,3,9.6,0.962,0.56,0.999335,101.83,1.16,1.2,gradient,17.7,1
coated_tablet,3,8.9,0.277,0.307,0.999228,99.29,1.06,1.72,isocratic,11.0,0
coated_tablet,0,3.4,1.63,0.289,0.99873,100.68,0.96,2.43,isocratic,7.9,0
suspension,2,10.0,0.785,0.307,0.999597,99.63,0.8,2.93,isocratic,18.0,0
suspension,1,3.7,1.004,2.423,0.999198,99.89,1.01,2.36,isocratic,5.7,1
coated_tablet,3,4.1,0.946,0.503,0.999981,101.12,1.18,2.07,isocratic,6.7,0
cream,3,8.2,6.976,0.45,0.998781,99.72,1.04,2.99,isocratic,18.7,1
cream,1,9.8,0.307,0.629,0.999917,101.52,0.95,1.61,isocratic,16.6,1
coated_tablet,2,8.3,0.33,0.322,0.999984,99.48,0.89,2.38,isocratic,15.2,0
api_powder,2,4.9,0.65,0.458,0.99999,98.89,0.99,3.16,isocratic,3.6,0
coated_tablet,1,1.1,2.267,0.572,0.99999,100.97,1.07,2.5,gradient,14.4,0
coated_tablet,1,3.5,0.74,0.602,0.999509,100.08,1.25,2.71,isocratic,12.7,0
coated_tablet,2,9.5,0.833,0.339,0.999802,101.42,0.87,2.61,gradient,11.6,1
cream,0,8.7,2.225,0.621,0.999237,100.84,1.25,2.9,gradient,11.7,0
api_powder,1,5.5,2.58,0.819,0.999865,99.48,0.8,2.12,gradient,6.8,0
suspension,2,6.2,2.094,0.661,0.999798,99.36,1.06,2.71,isocratic,16.0,0
coated_tablet,1,2.8,0.77,0.715,1.0,100.14,1.02,3.17,isocratic,9.4,0
cream,1,7.7,3.517,0.698,0.999322,99.38,1.29,2.77,gradient,9.9,0
api_powder,2,4.3,1.104,0.685,0.999372,99.67,1.3,1.7,isocratic,21.0,0
coated_tablet,4,3.9,1.684,0.241,0.99999,100.64,1.02,1.82,gradient,5.9,0
coated_tablet,0,4.6,0.286,0.12,0.999919,98.45,1.05,2.41,gradient,10.6,0
suspension,1,6.9,0.553,0.535,0.99999,98.86,0.81,1.33,isocratic,9.2,1
suspension,1,2.9,7.838,0.754,0.99999,99.66,0.86,1.58,gradient,10.1,0
api_powder,1,7.3,1.378,0.805,0.99975,97.96,1.15,2.03,gradient,14.4,1
coated_tablet,2,8.6,0.875,0.351,0.999618,100.86,1.61,2.22,isocratic,6.0,0
api_powder,1,6.5,4.664,0.659,0.999905,99.9,1.65,2.21,gradient,34.0,0
api_powder,1,8.8,0.254,0.232,0.99999,98.19,1.06,2.74,isocratic,7.1,0
api_powder,3,5.6,0.195,0.674,0.999897,98.89,1.24,2.09,gradient,16.9,0
suspension,2,6.5,5.722,1.817,0.999842,100.46,1.28,2.0,isocratic,17.3,1
coated_tablet,3,8.2,0.653,1.732,0.999214,99.34,1.05,2.72,isocratic,10.0,0
suspension,1,2.4,0.926,0.655,0.999878,100.18,0.88,2.22,isocratic,31.4,0
coated_tablet,1,1.9,1.536,0.84,0.999896,98.25,1.05,1.95,isocratic,5.8,0
api_powder,3,5.9,0.978,0.478,0.999766,99.66,0.89,2.31,isocratic,7.6,0
coated_tablet,1,8.2,0.969,1.388,0.999501,100.26,1.21,2.03,isocratic,10.6,0
suspension,1,5.8,4.481,0.309,0.998756,100.85,1.89,1.29,gradient,10.9,1
cream,1,9.0,0.537,0.492,0.999315,99.83,1.44,2.67,gradient,7.5,0
api_powder,1,1.0,1.26,0.702,0.999764,99.15,0.99,2.59,isocratic,13.6,0
cream,1,6.6,0.553,1.009,0.999948,100.77,1.02,1.74,isocratic,3.0,0
suspension,1,4.4,0.962,0.34,0.998408,98.64,1.09,2.24,isocratic,14.2,0
cream,0,2.8,1.49,0.474,0.999845,97.35,0.8,2.47,isocratic,10.4,1
cream,3,4.0,0.673,0.688,0.999807,100.64,0.8,1.78,isocratic,8.5,0
cream,0,3.6,1.382,0.654,0.999161,98.41,1.13,1.15,isocratic,20.3,1
coated_tablet,1,3.6,1.78,0.792,1.0,100.36,1.64,2.57,isocratic,10.1,0
cream,2,8.6,2.37,0.312,0.997387,99.87,1.14,0.95,isocratic,12.8,1
cream,4,4.2,1.19,1.32,0.992504,99.16,0.8,2.37,isocratic,15.0,1
cream,3,2.0,1.187,0.394,0.999984,97.69,1.34,1.91,gradient,13.2,1
cream,3,5.0,1.056,1.023,0.999391,101.19,1.5,1.8,isocratic,17.0,1
suspension,4,3.3,1.434,0.715,0.999935,98.41,0.89,2.53,gradient,12.8,0
cream,3,6.7,1.896,0.562,0.999565,100.03,1.36,2.19,isocratic,42.7,0
cream,0,8.6,1.399,1.072,0.999906,100.4,1.75,2.33,gradient,10.0,1
coated_tablet,3,7.6,0.235,1.791,0.999059,98.94,0.97,2.36,isocratic,18.6,1
suspension,1,7.9,0.363,0.138,0.99987,99.67,0.94,3.06,gradient,14.9,0
api_powder,2,2.6,0.145,0.961,0.99999,101.37,1.18,2.99,gradient,51.9,0
api_powder,1,5.6,1.768,0.659,0.999007,96.85,1.07,1.72,isocratic,21.7,1
coated_tablet,4,2.4,1.679,0.71,0.999776,101.7,0.89,1.27,isocratic,14.7,1
cream,2,2.3,0.771,0.341,0.99999,100.37,0.8,3.38,gradient,14.0,0
api_powder,2,2.6,1.53,0.647,0.998444,99.8,1.35,2.28,isocratic,12.4,0
api_powder,3,5.9,0.684,0.35,0.998433,100.28,1.15,1.67,isocratic,14.7,0
coated_tablet,1,4.7,0.776,0.595,0.999787,99.5,0.9,2.27,gradient,17.3,0
coated_tablet,1,2.2,1.205,1.964,0.999886,100.83,1.03,1.67,gradient,18.6,1
cream,1,7.1,2.267,0.967,0.998332,100.48,1.16,2.38,isocratic,28.3,0
coated_tablet,2,8.0,1.189,0.971,0.999481,100.43,0.83,1.93,isocratic,13.1,0
cream,2,7.3,0.685,0.524,0.999981,98.97,1.32,2.75,isocratic,8.2,1
suspension,1,6.9,0.58,2.211,0.99964,99.09,0.86,2.03,isocratic,5.8,1
suspension,1,6.9,4.202,0.869,0.999729,101.18,0.93,1.38,isocratic,8.3,1
cream,0,1.6,1.762,1.145,0.99999,100.89,1.01,3.15,isocratic,19.3,0
coated_tablet,2,2.6,1.46,0.683,1.0,100.44,1.28,2.22,isocratic,12.7,0
suspension,2,5.6,2.126,0.966,0.999774,101.64,0.83,2.91,gradient,17.0,1
coated_tablet,2,9.1,0.808,0.155,0.999965,100.36,1.47,2.73,isocratic,12.5,0
suspension,3,2.8,3.294,0.107,0.99999,100.05,1.65,2.4,isocratic,13.8,0
suspension,2,4.8,3.05,0.963,0.999923,99.48,1.31,2.83,isocratic,9.4,0
coated_tablet,4,4.2,2.215,1.137,0.999907,98.29,1.1,2.7,gradient,12.5,1
api_powder,3,7.8,2.674,0.226,0.99999,100.16,1.44,2.61,gradient,8.1,0
suspension,0,5.3,0.577,0.45,0.997938,99.98,0.93,2.14,gradient,11.6,0
cream,4,9.1,3.466,0.189,0.999271,99.18,0.93,2.24,isocratic,8.8,0
suspension,0,7.7,4.326,0.271,0.99973,100.62,0.8,3.39,gradient,3.8,0
suspension,1,3.4,0.945,1.493,0.99999,100.45,1.05,2.3,isocratic,11.0,0
cream,2,6.0,1.79,1.328,0.99999,101.66,1.86,1.72,isocratic,5.1,1
coated_tablet,0,4.2,1.14,1.052,1.0,100.24,1.04,2.13,isocratic,12.9,0
suspension,1,5.2,0.804,0.732,0.999978,99.09,1.04,1.51,gradient,7.3,0
coated_tablet,2,8.6,3.288,0.643,0.999741,98.91,1.74,2.8,gradient,22.4,1
suspension,1,6.3,0.723,0.552,0.999757,99.7,0.97,2.56,isocratic,13.4,0
suspension,1,9.6,1.366,0.694,0.997784,99.82,1.54,1.36,isocratic,14.4,1
coated_tablet,1,9.6,0.26,0.94,0.999986,100.35,0.8,1.69,isocratic,9.7,0
api_powder,0,2.6,0.71,0.673,0.996039,99.88,1.07,3.24,isocratic,9.5,0
coated_tablet,1,3.3,1.512,0.437,0.999959,98.36,1.34,1.6,isocratic,7.5,0
suspension,2,8.2,1.379,0.596,0.997788,99.16,1.13,3.21,gradient,17.1,1
coated_tablet,3,9.9,1.56,1.476,0.998875,99.06,0.94,1.76,gradient,11.3,1
coated_tablet,1,3.0,1.07,0.384,0.998994,100.11,1.3,2.78,isocratic,11.7,0
suspension,1,3.4,0.829,0.596,0.999153,99.92,1.21,2.41,gradient,10.9,0
coated_tablet,3,7.5,1.567,0.816,0.99982,99.69,1.36,2.8,gradient,13.3,0
suspension,1,2.2,0.858,0.795,0.998871,99.11,1.72,2.66,gradient,19.3,1
coated_tablet,1,5.4,1.115,0.958,0.999822,98.23,1.29,2.66,gradient,7.7,0
api_powder,1,8.4,0.335,0.82,0.999937,97.69,1.36,1.98,isocratic,5.4,1
suspension,2,8.3,1.213,0.583,0.99999,101.32,1.04,2.03,gradient,6.4,0
api_powder,1,9.5,0.714,0.309,0.999973,100.79,1.19,2.24,isocratic,7.6,0
cream,1,3.0,0.831,1.01,0.998365,99.97,1.1,2.44,gradient,21.6,1
coated_tablet,3,8.7,0.739,0.855,0.99816,100.24,0.8,1.46,isocratic,7.1,1
coated_tablet,1,7.5,2.19,0.231,0.999632,100.19,1.17,1.38,isocratic,4.2,1
coated_tablet,1,5.7,1.368,1.036,0.997848,100.39,1.24,2.95,isocratic,13.9,0
suspension,2,3.5,8.642,0.579,0.999891,99.99,1.0,2.52,gradient,15.9,0
suspension,1,4.6,0.993,0.953,0.99999,99.28,1.47,2.03,gradient,14.4,0
coated_tablet,1,5.7,2.186,0.43,0.999906,99.62,1.16,2.05,gradient,26.2,0
coated_tablet,4,2.3,1.589,1.239,0.998183,99.17,1.15,2.45,gradient,13.1,0
cream,2,3.5,0.878,0.866,0.998835,99.46,0.92,2.78,gradient,15.7,0
api_powder,0,8.7,0.98,0.506,0.999918,99.46,1.07,2.84,gradient,8.8,0
coated_tablet,1,4.8,1.449,0.497,0.998824,99.5,1.24,2.61,gradient,9.9,0
cream,2,9.3,0.973,0.167,0.999772,101.06,0.83,2.73,isocratic,11.4,0
cream,0,1.8,0.747,1.331,0.999876,100.84,1.18,2.17,isocratic,12.7,0
api_powder,2,4.8,1.48,0.592,1.0,100.03,1.16,3.09,isocratic,10.3,0
coated_tablet,4,7.9,0.116,0.872,0.99999,101.13,1.04,1.73,gradient,10.1,1
coated_tablet,1,8.7,1.961,0.255,0.998998,100.18,1.07,1.38,gradient,13.1,1
cream,1,1.2,0.94,0.49,0.996009,98.19,1.22,1.29,isocratic,7.3,1
api_powder,1,2.9,0.967,0.329,0.999854,98.86,1.27,2.05,isocratic,10.6,0
coated_tablet,2,3.4,0.72,0.625,0.997184,100.2,1.04,2.1,isocratic,15.7,0
api_powder,1,1.2,0.241,1.049,0.999817,100.06,0.8,1.55,gradient,6.9,0
coated_tablet,1,8.8,1.176,0.731,0.999742,99.72,1.07,2.42,isocratic,14.8,0
coated_tablet,1,2.7,0.877,0.792,0.999933,98.79,1.26,2.71,isocratic,7.0,0
coated_tablet,3,6.0,2.13,1.455,0.999978,99.51,1.11,2.21,isocratic,10.7,0
api_powder,2,5.8,0.538,0.607,0.999923,99.74,1.01,1.91,isocratic,17.3,0
cream,4,4.2,1.81,0.73,0.994492,99.83,1.22,2.73,isocratic,13.8,0
cream,4,3.9,1.04,1.162,0.994422,98.43,1.29,2.81,isocratic,15.1,1
api_powder,1,6.8,0.368,1.285,0.999915,100.08,0.88,2.83,isocratic,8.9,0
api_powder,2,1.6,0.89,0.559,0.999992,99.79,1.14,2.75,isocratic,8.4,0
suspension,1,7.3,0.98,0.955,0.999556,99.29,1.01,2.97,isocratic,6.6,0
coated_tablet,4,8.2,0.944,0.235,0.999727,98.61,0.88,2.14,isocratic,23.1,0
suspension,2,9.7,2.27,0.226,0.999332,99.46,1.03,1.71,gradient,18.5,1
coated_tablet,2,9.1,1.026,0.681,0.99997,97.69,1.18,2.24,gradient,7.0,1
suspension,4,6.7,0.356,1.387,0.99999,101.47,2.06,2.33,isocratic,9.3,0
suspension,1,4.9,1.016,1.264,0.999972,98.91,0.8,2.53,isocratic,26.7,0
suspension,2,5.2,2.683,0.589,0.99991,99.59,1.37,2.31,isocratic,20.9,0
coated_tablet,4,3.5,1.4,0.393,0.99999,102.24,0.81,2.86,isocratic,8.4,1
coated_tablet,0,6.2,0.314,0.423,0.999757,98.69,0.82,1.85,isocratic,12.4,0
api_powder,1,4.1,1.45,0.616,1.0,100.46,1.08,1.91,isocratic,13.2,0
cream,2,9.7,7.672,0.385,0.99999,99.52,1.72,2.44,isocratic,20.3,1
coated_tablet,4,5.8,1.265,0.803,0.99992,99.21,1.08,1.4,gradient,16.9,1
coated_tablet,0,8.1,1.586,1.761,0.999712,100.91,0.8,1.96,isocratic,15.3,0
api_powder,2,6.5,1.123,0.436,0.999924,99.0,1.03,1.61,isocratic,10.5,0
coated_tablet,1,2.0,0.51,0.548,0.994292,100.11,1.14,3.09,isocratic,12.9,0
suspension,4,1.5,0.589,0.584,0.998985,100.8,1.42,2.31,gradient,11.9,0
api_powder,2,3.8,1.644,0.482,0.999622,100.12,0.93,2.94,isocratic,9.8,0
coated_tablet,3,2.4,1.16,0.778,0.99999,99.65,1.39,1.72,gradient,25.0,0
coated_tablet,3,4.7,1.106,0.212,0.999466,102.04,1.17,2.6,isocratic,5.6,1
cream,1,6.9,0.512,0.448,0.999954,99.42,0.89,2.82,gradient,5.9,0
coated_tablet,3,1.6,0.267,0.467,0.99999,99.52,1.22,2.27,gradient,17.8,0
cream,2,3.5,1.045,0.742,0.99999,98.11,0.84,2.18,isocratic,8.1,0
coated_tablet,2,6.1,0.393,0.972,0.999723,101.51,1.52,1.66,isocratic,7.7,1
api_powder,3,7.0,0.265,1.318,0.999047,99.23,0.87,2.17,isocratic,16.0,0
api_powder,1,6.3,0.645,1.173,0.998805,101.36,1.47,2.65,isocratic,9.5,0
cream,3,1.6,1.864,1.156,0.99999,100.12,1.83,2.9,gradient,6.6,0
api_powder,4,5.6,0.661,0.455,0.99999,99.38,1.68,2.45,gradient,12.6,0
coated_tablet,3,1.8,3.25,0.542,0.998739,100.12,1.08,2.79,gradient,15.2,0
suspension,1,5.5,0.601,0.598,0.99989,100.27,1.05,2.35,isocratic,9.6,0
api_powder,2,5.9,0.765,0.497,0.999941,100.44,1.63,2.8,gradient,7.3,0
api_powder,4,4.0,1.273,0.658,0.999974,99.71,1.05,2.75,isocratic,16.6,0
cream,1,8.3,1.567,0.311,0.99999,100.54,1.15,2.8,isocratic,9.0,0
api_powder,3,4.0,1.244,0.575,0.998351,100.18,1.3,2.24,gradient,16.7,0
coated_tablet,2,6.1,1.174,0.491,0.995314,99.09,1.01,3.07,isocratic,12.5,0
coated_tablet,2,1.5,0.425,0.734,0.999679,100.47,0.8,1.46,gradient,4.0,0
suspension,1,6.5,0.654,0.429,0.999436,101.09,0.83,1.63,isocratic,16.3,0
api_powder,2,5.3,0.893,0.582,0.998305,99.34,1.61,2.64,isocratic,27.0,0
api_powder,1,9.3,0.983,0.727,0.99999,99.82,1.11,2.17,isocratic,12.2,0
suspension,4,9.9,1.501,0.294,0.999928,99.31,1.15,1.37,isocratic,18.5,1
coated_tablet,2,3.1,1.45,0.561,1.0,99.68,1.31,2.42,isocratic,13.5,0
api_powder,1,7.7,2.398,4.0,0.99999,98.94,1.08,2.41,isocratic,14.5,1
coated_tablet,4,1.0,2.706,1.815,0.999511,100.62,1.16,1.48,isocratic,11.3,1
cream,2,1.2,0.797,0.313,0.999926,99.79,0.8,2.19,isocratic,6.5,0
api_powder,3,3.7,1.598,0.796,0.999973,99.08,1.07,2.33,isocratic,8.4,0
cream,1,2.5,0.722,0.529,0.999525,101.3,0.88,2.32,isocratic,17.7,0
coated_tablet,2,7.5,2.741,0.687,0.99999,101.25,1.51,2.44,isocratic,16.4,0
api_powder,1,9.0,0.32,0.375,0.999578,98.88,1.55,2.07,gradient,8.1,0
cream,3,3.2,0.64,1.249,0.994713,99.23,1.23,2.21,isocratic,16.1,1
suspension,1,1.1,0.921,0.586,0.999527,100.26,0.8,2.39,isocratic,8.7,0
cream,4,1.4,2.831,0.925,0.999899,100.31,0.98,2.53,gradient,16.3,0
coated_tablet,2,7.7,2.064,0.111,0.999778,99.27,1.25,2.05,gradient,5.7,0
coated_tablet,2,1.2,0.55,0.504,0.99999,99.96,0.96,2.34,isocratic,12.0,0
suspension,2,5.3,1.037,0.498,0.998593,99.78,0.84,2.62,gradient,32.5,0
cream,0,5.9,1.486,0.358,0.999983,99.13,1.1,2.75,isocratic,17.7,0
cream,2,6.6,1.08,1.152,0.999981,100.9,1.03,2.39,gradient,12.6,0
suspension,4,1.4,0.291,0.232,0.99999,100.14,1.13,2.68,gradient,3.6,0
coated_tablet,0,6.1,0.867,0.733,0.999877,101.12,0.9,2.06,gradient,8.6,0
coated_tablet,3,1.9,2.388,0.365,0.99999,98.97,0.81,2.27,gradient,11.1,0
cream,3,3.5,0.233,0.564,0.99999,100.11,0.96,2.65,isocratic,10.3,0
suspension,1,5.0,1.073,0.254,0.99999,100.07,1.04,2.29,gradient,18.3,0
suspension,2,9.2,2.044,0.274,0.99999,99.59,0.87,2.68,gradient,18.3,0
cream,4,7.2,2.42,0.39,0.999825,100.53,1.6,3.06,isocratic,9.8,1
coated_tablet,1,4.6,1.82,0.285,0.999114,100.02,1.14,1.75,isocratic,8.8,0
cream,1,7.3,2.658,0.497,0.999816,99.42,0.97,1.51,isocratic,7.6,0
coated_tablet,2,1.6,0.893,0.805,0.99983,102.37,0.94,1.78,isocratic,17.0,1
suspension,2,9.3,1.809,0.65,0.999809,100.04,1.5,1.92,isocratic,9.9,1
coated_tablet,2,8.4,2.565,0.212,0.999611,100.58,0.8,3.14,gradient,6.7,0
api_powder,1,1.1,0.467,0.308,0.99999,100.18,0.8,1.52,gradient,11.7,0
coated_tablet,0,1.3,1.38,0.251,1.0,99.19,0.8,2.63,isocratic,7.6,0
coated_tablet,1,2.3,1.02,0.412,1.0,99.77,1.35,2.54,isocratic,12.4,0
suspension,0,1.9,2.409,0.622,0.998984,101.84,0.87,2.51,isocratic,7.0,0
coated_tablet,2,3.1,1.0,0.504,0.999449,99.68,1.02,2.02,isocratic,12.9,0
coated_tablet,1,4.8,0.72,0.394,1.0,100.99,1.57,2.53,isocratic,10.5,0
cream,4,4.6,0.87,1.337,0.994247,99.22,1.07,2.14,isocratic,17.2,1
coated_tablet,2,7.6,1.161,0.327,0.999946,98.44,0.9,0.7,isocratic,7.0,1
coated_tablet,0,2.1,1.439,1.564,0.999335,99.08,1.27,2.79,isocratic,7.1,0
coated_tablet,0,1.6,0.766,0.226,0.999708,100.76,1.1,2.36,gradient,6.2,0
api_powder,2,3.3,0.521,1.331,0.99997,98.53,0.81,0.7,gradient,10.8,1
coated_tablet,3,5.6,1.951,1.025,0.999968,100.52,1.1,2.94,isocratic,20.5,0
api_powder,1,8.5,0.413,0.872,0.99999,100.58,0.86,2.25,gradient,19.2,0
cream,0,7.2,1.11,0.352,0.999473,100.97,1.28,2.05,isocratic,10.4,0
api_powder,0,8.8,1.104,0.586,0.999598,99.54,0.93,1.98,isocratic,4.9,0
api_powder,2,4.4,1.75,0.676,1.0,100.4,1.02,2.45,isocratic,9.5,0
coated_tablet,3,3.2,0.321,0.647,0.999831,99.89,1.05,2.19,gradient,28.5,0
suspension,2,6.9,2.998,0.441,0.99992,101.13,1.73,1.93,gradient,10.8,1
coated_tablet,3,9.3,0.307,0.422,0.999958,100.0,1.4,2.51,gradient,6.6,0
suspension,4,8.0,1.13,0.499,0.999862,98.65,1.32,3.0,gradient,38.1,1
coated_tablet,3,8.0,1.42,0.994,0.999885,101.0,1.44,2.73,gradient,12.9,0
cream,1,8.3,0.348,0.647,0.99999,100.07,0.8,2.67,isocratic,6.3,0
suspension,1,6.0,0.461,1.027,0.99999,100.3,1.1,2.74,isocratic,31.3,0
coated_tablet,4,1.8,1.033,1.081,0.99968,99.95,1.39,2.15,isocratic,15.4,0
coated_tablet,3,8.8,1.1,0.411,0.999931,98.87,1.26,2.13,gradient,11.5,1
coated_tablet,0,3.4,1.53,0.722,1.0,99.47,0.9,1.86,isocratic,7.6,0
coated_tablet,2,6.7,0.597,0.593,0.999844,101.01,1.39,2.27,gradient,19.9,0
suspension,4,2.6,5.613,0.206,0.994991,100.6,1.03,2.38,gradient,19.8,1
coated_tablet,2,4.5,0.57,0.405,0.997357,99.94,1.16,2.55,isocratic,10.5,0
cream,2,3.7,0.863,0.172,0.999329,100.36,1.21,2.58,isocratic,12.0,0
suspension,1,9.5,2.832,0.354,0.99999,99.45,0.8,3.06,isocratic,17.0,0
api_powder,1,1.3,1.78,0.703,0.999991,100.11,0.8,1.91,isocratic,12.0,0
suspension,1,2.0,0.678,0.354,0.998635,101.14,0.8,1.74,isocratic,17.2,0
coated_tablet,3,9.0,0.595,0.678,0.996472,101.4,1.24,2.86,isocratic,4.3,0
cream,2,2.9,0.747,0.776,0.999952,102.03,0.99,2.49,gradient,11.4,1
coated_tablet,2,1.6,2.716,1.123,0.999106,99.93,1.11,2.35,gradient,13.4,0
coated_tablet,1,8.8,0.434,0.261,0.998779,100.94,1.67,2.65,isocratic,15.3,0
suspension,1,8.8,0.427,0.548,0.999686,100.34,1.75,2.51,gradient,10.6,0
suspension,2,6.0,0.485,0.597,0.999989,101.41,1.1,2.11,gradient,11.1,0
api_powder,3,6.9,0.384,4.0,0.99999,98.74,1.19,2.79,isocratic,19.8,1
api_powder,1,8.2,2.801,0.629,0.999613,98.23,1.28,1.96,isocratic,14.2,0
cream,2,5.5,10.166,0.308,0.997928,98.3,1.52,2.02,gradient,17.5,1
coated_tablet,1,2.5,3.619,0.452,0.998528,98.81,1.06,1.63,gradient,10.0,0
suspension,1,1.4,0.34,0.174,0.999944,99.86,0.86,2.88,gradient,8.9,0
api_powder,3,2.8,0.429,0.765,0.99999,100.6,0.89,2.16,isocratic,13.7,0
cream,3,9.9,3.216,1.473,0.999411,100.46,1.19,2.68,isocratic,8.3,1
suspension,1,6.3,0.785,0.142,0.99999,100.73,1.43,2.17,gradient,4.6,0
coated_tablet,3,1.8,0.55,0.352,0.99999,99.16,1.43,2.16,gradient,6.9,0
coated_tablet,3,5.6,2.479,0.523,0.999729,99.26,1.96,1.68,gradient,9.0,1
coated_tablet,0,1.4,1.46,0.678,0.996168,100.1,1.03,2.35,isocratic,7.3,0
suspension,2,5.6,1.39,0.286,0.99999,102.17,0.92,2.87,isocratic,10.0,1
suspension,2,8.8,5.509,0.5,0.998376,101.01,1.21,2.28,gradient,11.0,1
cream,0,7.6,1.649,0.653,0.994861,98.87,1.63,2.25,isocratic,14.0,1
cream,1,1.1,1.796,0.292,0.999866,98.59,0.93,2.52,isocratic,16.5,0
coated_tablet,1,8.4,0.397,0.432,0.99999,100.56,0.97,2.35,isocratic,18.7,0
suspension,2,1.9,1.286,0.381,0.999581,100.37,1.18,2.82,gradient,4.0,0
suspension,2,6.1,0.217,0.755,0.999969,98.74,1.27,3.26,isocratic,13.9,0
api_powder,2,4.4,0.551,0.275,0.999961,98.25,1.09,2.07,isocratic,6.1,0
coated_tablet,0,8.1,0.45,3.916,0.999675,101.35,0.8,1.58,isocratic,24.3,1
cream,1,4.6,0.836,0.517,0.999971,100.51,1.01,2.21,gradient,4.5,0
coated_tablet,2,6.9,4.075,0.506,0.998675,100.09,0.83,2.02,isocratic,9.2,0
api_powder,3,7.5,1.108,0.118,0.999933,100.86,1.62,2.18,isocratic,16.1,0
api_powder,1,5.3,0.825,0.594,0.998864,99.42,1.01,2.03,isocratic,5.4,0
suspension,2,7.7,2.252,0.458,0.999843,99.34,1.09,2.83,gradient,9.9,0
api_powder,2,3.8,1.789,0.942,0.997246,99.48,0.98,2.57,gradient,6.2,0
api_powder,1,7.0,1.138,0.614,0.99999,98.16,1.81,2.3,gradient,11.9,0
api_powder,2,2.4,1.999,1.451,0.99999,99.79,1.19,2.27,gradient,10.0,0
coated_tablet,1,2.5,1.74,0.868,0.997301,100.74,1.23,2.44,isocratic,9.9,0
cream,2,1.4,1.052,0.478,0.999975,98.84,0.8,2.43,isocratic,5.7,0
cream,2,4.3,0.372,0.633,0.999671,99.66,1.17,2.75,isocratic,48.5,0
cream,4,1.5,0.67,1.173,0.995093,98.87,1.12,2.15,isocratic,18.7,1
suspension,1,7.4,1.784,1.286,0.99999,100.34,1.15,2.49,isocratic,15.1,0
suspension,0,6.3,4.635,1.813,0.999941,101.26,1.37,2.16,isocratic,8.9,0
api_powder,4,3.7,3.479,0.91,0.99999,98.96,0.96,3.02,gradient,11.4,0
coated_tablet,1,7.4,0.871,0.639,0.999913,100.61,1.11,2.78,gradient,7.3,0
suspension,3,5.0,1.883,0.58,0.999987,99.84,0.8,2.47,gradient,8.0,0
cream,4,4.6,1.99,1.191,0.995507,99.02,1.05,2.23,isocratic,8.8,1
cream,1,6.7,2.164,0.966,0.99999,98.55,1.0,2.03,isocratic,33.1,0
suspension,3,7.4,0.343,0.639,0.999714,99.51,0.96,2.33,isocratic,14.5,0
coated_tablet,4,8.8,1.266,0.995,0.999108,100.2,0.8,2.74,isocratic,12.5,0
coated_tablet,2,5.7,0.42,0.405,0.99999,98.83,0.99,1.82,isocratic,10.4,0
coated_tablet,2,5.1,0.252,0.661,0.998966,99.21,0.97,1.98,gradient,3.9,0
coated_tablet,4,7.3,1.072,1.344,0.998067,100.43,1.08,2.12,gradient,17.8,1
coated_tablet,3,7.6,2.378,0.974,0.999747,99.21,1.51,2.49,isocratic,12.9,0
coated_tablet,1,6.6,0.624,0.3,0.99999,101.59,1.56,2.09,gradient,7.7,0
api_powder,1,7.8,2.122,0.574,0.999975,101.74,1.8,2.72,gradient,6.6,1
suspension,2,1.8,6.225,0.468,0.99999,101.1,1.06,2.37,isocratic,13.3,0
coated_tablet,0,3.9,3.686,0.268,0.999947,100.22,0.8,2.49,isocratic,12.1,0
suspension,3,5.1,1.19,0.899,0.99999,100.54,1.27,3.03,isocratic,15.9,0
api_powder,2,7.9,0.729,0.474,0.99999,100.93,0.8,2.29,isocratic,4.5,0
api_powder,1,9.2,0.522,0.669,0.99999,101.76,0.88,2.79,gradient,6.6,1
coated_tablet,0,3.4,1.03,0.63,0.998704,99.46,1.2,2.29,isocratic,8.6,0
coated_tablet,2,6.1,1.286,0.756,0.999923,101.42,1.04,3.48,gradient,11.2,0
api_powder,4,9.0,1.397,0.301,0.99812,99.8,1.1,2.03,gradient,9.3,0
coated_tablet,4,6.3,1.1,0.554,0.99999,98.72,0.91,2.5,isocratic,8.0,0
api_powder,1,3.5,0.427,0.754,0.999654,100.29,0.96,2.86,gradient,18.3,0
coated_tablet,1,8.0,2.182,1.586,0.999982,99.3,1.24,3.34,gradient,8.6,0
api_powder,4,7.8,0.187,0.143,0.999442,100.49,1.1,1.68,isocratic,14.2,0
suspension,2,1.4,0.882,0.902,0.99994,99.9,1.37,1.72,isocratic,7.4,0
api_powder,4,9.8,0.365,0.73,0.99985,97.95,0.87,2.87,isocratic,8.3,1
suspension,0,3.9,0.474,0.177,0.999684,99.86,0.92,2.09,isocratic,21.0,0
suspension,1,1.0,1.317,0.474,0.99996,100.87,1.18,1.24,isocratic,13.6,0
suspension,2,5.1,0.543,0.631,0.99999,99.18,1.96,2.25,isocratic,36.1,0
coated_tablet,0,2.7,0.98,0.547,1.0,99.12,1.17,2.28,isocratic,6.2,0
api_powder,1,5.6,1.436,0.749,0.999723,101.76,1.04,2.05,isocratic,11.6,0
coated_tablet,0,4.7,1.01,0.138,0.997102,101.64,1.27,2.06,isocratic,9.9,0
api_powder,1,1.6,2.688,0.975,0.999986,99.44,0.9,1.95,isocratic,5.9,0
api_powder,2,4.0,0.907,0.532,0.99997,100.46,1.42,2.44,gradient,11.3,0
suspension,2,4.7,1.199,1.484,0.999825,99.76,1.79,3.02,gradient,26.1,0
suspension,2,6.6,1.612,0.499,0.999693,97.66,0.94,1.75,isocratic,7.0,1
cream,2,1.7,0.76,1.406,0.993968,99.73,1.2,2.28,isocratic,17.1,0
coated_tablet,1,8.2,3.829,0.435,0.999839,99.24,0.96,1.24,isocratic,19.4,0
suspension,1,1.4,0.816,0.78,0.999656,99.28,1.13,2.17,isocratic,7.5,0
api_powder,2,6.8,0.471,0.208,0.999748,99.03,1.5,2.27,isocratic,23.3,0
coated_tablet,1,8.1,1.914,0.507,0.999965,99.84,1.3,2.88,isocratic,22.2,0
coated_tablet,2,7.1,2.407,1.429,0.99999,99.98,0.8,2.87,isocratic,15.6,0
cream,1,4.9,0.298,0.495,0.999919,100.74,1.7,1.8,isocratic,18.5,0
suspension,1,6.8,0.675,0.426,0.999469,99.67,1.01,2.9,gradient,5.1,0
api_powder,2,1.7,0.75,0.517,1.0,100.0,1.07,1.85,isocratic,10.3,0
cream,1,6.5,0.941,0.828,0.99999,101.2,1.79,2.8,isocratic,36.3,1
suspension,1,9.9,0.576,0.123,0.999988,100.81,0.8,3.12,isocratic,15.0,0
cream,4,4.0,0.678,1.082,0.99999,98.53,0.87,2.41,isocratic,12.5,0
suspension,4,8.2,2.773,1.876,0.999894,101.78,1.12,2.82,isocratic,6.5,1
coated_tablet,2,4.5,1.07,0.503,0.999531,99.29,1.31,2.1,gradient,41.5,0
coated_tablet,2,2.7,0.398,0.517,0.998371,100.09,1.34,1.88,gradient,12.8,0
cream,2,4.3,6.615,0.257,0.999985,99.98,0.8,1.95,gradient,37.6,1
coated_tablet,3,5.7,4.375,0.463,0.999477,98.32,0.8,2.29,isocratic,14.1,0
api_powder,1,5.1,0.677,0.983,0.99999,100.66,1.13,2.92,isocratic,16.2,0
cream,4,2.5,1.78,1.065,0.991997,98.61,1.17,2.01,isocratic,8.5,1
coated_tablet,4,2.8,2.871,1.272,0.999395,99.59,1.32,1.74,gradient,7.9,0
cream,2,10.0,1.057,0.638,0.99915,99.3,1.31,1.96,isocratic,22.8,1
api_powder,2,7.3,3.785,0.477,0.9999,100.44,0.91,2.85,isocratic,19.8,0
cream,2,1.2,1.053,0.611,0.999989,101.1,1.21,1.81,gradient,10.1,0
coated_tablet,3,9.1,0.999,1.163,0.99999,98.9,1.33,1.97,isocratic,5.6,0
coated_tablet,2,1.6,0.84,0.279,0.998089,99.79,1.41,2.76,isocratic,10.0,0
coated_tablet,1,2.0,1.74,0.05,0.996609,99.94,1.06,1.97,isocratic,15.8,0
suspension,2,9.0,1.521,0.745,0.997713,100.59,1.24,1.84,isocratic,18.1,1
coated_tablet,1,1.1,0.441,0.437,0.999821,100.58,1.6,2.85,isocratic,13.7,0
suspension,2,3.5,0.464,0.177,0.996711,100.04,0.82,2.16,gradient,3.0,0
cream,1,7.1,0.815,0.548,0.999796,100.83,1.36,2.37,isocratic,8.6,0
cream,4,9.3,1.423,0.366,0.99999,100.65,1.16,1.78,isocratic,7.3,1
api_powder,1,7.8,0.472,0.501,0.999454,100.08,1.1,1.56,isocratic,13.6,0
coated_tablet,4,2.3,2.03,0.705,0.99999,99.68,0.87,3.02,isocratic,7.4,0
coated_tablet,3,5.6,0.378,0.588,0.99999,98.93,1.04,1.97,isocratic,26.4,0
coated_tablet,1,7.9,3.205,0.693,0.99987,98.75,1.19,2.18,isocratic,19.2,0
suspension,2,9.9,1.284,0.564,0.998621,100.0,1.4,2.42,isocratic,11.3,0
suspension,2,9.5,3.459,0.541,0.99999,99.37,1.46,3.09,gradient,7.5,0
suspension,2,7.7,1.051,0.329,0.99999,102.2,1.51,2.05,gradient,19.4,1
coated_tablet,2,1.1,1.34,0.702,1.0,100.55,0.81,2.41,isocratic,15.3,0
coated_tablet,1,4.1,1.314,0.595,0.99999,101.46,0.87,3.28,isocratic,6.5,0
api_powder,1,1.9,1.219,0.329,0.999959,98.94,1.25,2.42,isocratic,9.6,0
api_powder,1,9.9,0.389,1.987,0.999429,100.49,1.42,2.44,isocratic,16.3,0
api_powder,1,7.4,2.576,0.777,0.99999,98.12,0.98,2.56,isocratic,13.7,0
coated_tablet,2,6.5,0.621,1.297,0.998809,100.7,1.75,2.18,isocratic,17.1,0
coated_tablet,3,7.7,2.063,0.429,0.998982,100.57,1.07,2.58,gradient,78.7,1
suspension,0,9.8,1.666,0.578,0.999625,101.1,0.98,2.43,gradient,9.2,0
suspension,2,4.2,0.9,1.227,0.999985,100.9,1.24,1.26,isocratic,11.7,1
api_powder,2,3.5,1.8,0.663,0.997076,99.87,1.22,2.74,isocratic,6.4,0
cream,2,6.9,1.046,1.239,0.99999,100.63,1.68,2.67,isocratic,21.5,1
coated_tablet,1,1.0,0.91,0.632,0.999478,99.48,1.22,1.82,isocratic,7.0,0
cream,3,10.0,0.713,0.443,0.998369,98.81,1.03,2.35,gradient,13.4,1
suspension,1,4.6,0.674,0.379,0.99999,100.14,1.0,1.96,gradient,30.4,1
coated_tablet,2,3.1,0.462,0.194,0.99999,100.5,1.87,2.3,isocratic,5.6,0
cream,2,8.9,0.605,0.318,0.999855,99.55,0.86,2.51,isocratic,5.7,0
cream,0,9.7,0.148,1.06,0.999603,99.93,1.04,2.67,isocratic,22.8,0
api_powder,1,6.9,1.195,0.22,0.99999,100.34,0.96,2.82,gradient,11.5,0
coated_tablet,1,7.4,1.558,1.028,0.99999,100.25,0.84,2.67,isocratic,8.3,0
coated_tablet,1,3.0,8.646,0.41,0.99999,99.4,1.47,3.08,gradient,36.9,0
api_powder,1,1.0,3.916,0.706,0.99999,100.1,1.61,2.76,isocratic,12.8,0
coated_tablet,1,7.0,0.647,0.739,0.999719,99.13,1.71,2.51,isocratic,14.5,0
coated_tablet,1,4.7,5.915,0.745,0.99999,100.1,1.12,2.02,isocratic,10.4,0
coated_tablet,4,8.2,0.448,0.57,0.998403,99.99,1.07,2.31,isocratic,27.9,0
api_powder,3,9.1,0.603,1.171,0.99999,100.99,1.41,1.96,isocratic,10.1,0
api_powder,0,4.5,1.88,0.867,0.997979,99.8,0.89,3.15,isocratic,9.8,0
cream,2,1.7,1.36,0.378,0.999656,99.24,1.18,2.33,gradient,9.2,0
api_powder,1,3.7,1.311,0.453,0.99999,100.76,0.86,2.79,isocratic,16.4,0
api_powder,3,4.6,1.167,0.717,0.99999,98.16,1.04,1.86,isocratic,8.4,0
suspension,0,6.4,0.702,0.667,0.999886,100.21,0.81,2.1,isocratic,20.2,0
coated_tablet,1,8.8,2.6,1.746,0.999787,101.61,1.7,2.63,isocratic,10.2,1
cream,1,8.5,0.886,0.442,0.999985,100.24,0.95,1.96,gradient,16.6,0
cream,2,9.7,1.26,0.533,0.99999,100.93,1.07,2.13,gradient,10.3,1
suspension,3,5.0,0.761,0.709,0.999945,101.34,1.31,2.54,isocratic,48.3,0
coated_tablet,0,3.5,0.88,0.935,0.998594,102.57,0.92,1.71,isocratic,8.3,1
api_powder,1,3.2,0.52,0.421,0.998047,101.45,1.36,1.95,gradient,33.7,0
suspension,2,8.0,1.384,1.026,0.9998,98.74,0.94,1.9,isocratic,21.0,1
api_powder,1,1.8,1.171,1.049,0.99997,99.14,1.15,2.81,isocratic,6.0,0
suspension,1,4.6,0.287,0.543,0.999989,99.83,1.39,2.83,isocratic,15.3,0
api_powder,2,1.4,1.39,0.209,0.996617,100.35,1.42,2.2,isocratic,8.1,0
api_powder,0,4.6,1.62,0.745,0.995947,100.14,1.53,1.7,isocratic,14.6,0
api_powder,1,7.2,1.314,0.663,0.999408,99.65,0.88,1.87,gradient,15.1,1
suspension,2,5.4,1.274,0.552,0.999871,101.06,0.81,2.5,isocratic,5.8,0
suspension,2,2.9,0.659,2.35,0.999963,100.06,1.28,3.02,gradient,13.8,1
cream,3,4.1,0.81,1.228,0.990087,99.13,1.41,1.74,isocratic,11.2,1
api_powder,0,1.4,0.81,0.705,0.994663,100.44,1.44,2.51,isocratic,11.7,0
cream,1,8.7,0.355,0.525,0.999531,100.59,0.8,1.83,isocratic,5.9,0
api_powder,2,1.1,2.325,0.439,0.99987,100.39,1.27,2.53,isocratic,9.6,0
api_powder,2,5.8,0.407,0.493,0.998779,99.08,0.9,1.74,gradient,12.8,0
coated_tablet,1,2.5,1.453,0.493,0.999722,98.49,1.21,2.78,gradient,17.7,0
coated_tablet,2,4.4,1.048,0.438,0.999987,100.31,1.65,2.61,gradient,16.4,0
coated_tablet,3,7.4,0.243,0.744,0.999987,101.09,1.37,2.55,gradient,28.7,1
cream,4,2.8,0.87,0.943,0.991406,100.17,1.73,2.03,isocratic,13.9,1
cream,4,2.5,2.523,0.997,0.99997,102.02,1.13,2.13,gradient,7.5,1
coated_tablet,1,4.9,1.696,0.497,0.999866,102.76,1.05,2.52,isocratic,5.6,0
coated_tablet,1,4.2,2.051,1.719,0.999661,99.46,0.92,2.85,isocratic,9.3,0
cream,4,4.1,0.978,0.366,0.996436,100.06,0.8,2.49,isocratic,13.6,0
cream,1,1.1,1.066,0.213,0.999741,99.99,0.8,2.52,gradient,14.9,0
coated_tablet,1,7.4,1.664,1.452,0.999979,97.88,1.01,3.0,gradient,18.5,1
coated_tablet,1,3.8,0.98,0.637,0.997022,100.41,1.01,3.14,isocratic,12.2,0
coated_tablet,3,3.2,0.365,0.305,0.999981,99.22,0.8,2.64,gradient,29.8,0
coated_tablet,4,7.9,1.031,0.616,0.999739,101.16,1.7,2.71,gradient,8.1,1
api_powder,1,4.3,1.86,0.63,1.0,99.44,1.36,1.89,isocratic,6.3,0
api_powder,0,7.5,0.481,1.945,0.999932,100.05,1.18,2.35,isocratic,19.7,0
cream,1,8.8,2.169,1.038,0.99999,100.94,0.8,2.25,gradient,10.2,0
coated_tablet,0,4.0,0.918,0.517,0.999705,99.17,1.16,2.81,isocratic,12.7,0
coated_tablet,1,2.6,0.197,0.949,0.999806,100.76,0.8,2.54,gradient,17.0,0
coated_tablet,1,9.5,0.919,0.882,0.99999,101.69,1.1,2.87,gradient,21.6,0
cream,1,8.7,3.457,0.469,0.998315,101.4,0.8,3.14,isocratic,12.7,0
suspension,1,3.6,3.217,0.669,0.999957,100.23,1.18,2.2,gradient,12.1,0
coated_tablet,2,2.4,1.49,0.471,0.999992,100.28,0.97,2.53,isocratic,11.3,0
coated_tablet,4,2.7,1.998,0.163,0.99999,98.63,0.98,2.16,isocratic,8.7,0
api_powder,1,8.6,2.749,0.559,0.999373,99.32,1.23,2.65,isocratic,7.4,0
cream,2,4.5,0.898,0.433,0.9995,102.07,1.51,1.79,isocratic,11.3,1
api_powder,0,3.9,0.859,0.403,0.999983,101.28,1.04,2.39,gradient,14.9,0
cream,1,6.9,0.874,0.87,0.999989,99.0,1.17,1.29,isocratic,13.8,1
coated_tablet,1,9.3,0.384,1.043,0.999212,100.05,1.03,2.52,isocratic,3.8,0
cream,2,7.5,0.764,0.56,0.999946,101.39,1.0,2.78,isocratic,14.3,0
suspension,3,3.8,0.61,0.295,0.99999,99.17,1.71,2.28,gradient,21.0,0
coated_tablet,2,3.3,0.678,0.319,0.99999,101.17,1.15,3.01,isocratic,7.0,0
suspension,2,3.7,3.107,0.4,0.997706,100.67,0.82,2.84,isocratic,14.8,0
cream,2,2.3,0.239,0.476,0.997504,100.06,0.8,2.31,isocratic,13.8,0
cream,0,6.2,0.947,0.357,0.99999,98.53,1.6,2.11,gradient,14.4,1
coated_tablet,0,4.1,0.8,0.05,0.99886,100.01,0.99,2.86,isocratic,12.4,0
suspension,1,8.9,0.257,0.506,0.996989,99.02,0.84,3.07,isocratic,19.8,0
coated_tablet,0,2.5,0.74,0.521,1.0,100.09,1.1,3.07,isocratic,12.0,0
cream,4,8.0,0.714,0.409,0.99969,100.76,1.38,2.31,isocratic,14.5,0
coated_tablet,2,3.9,1.88,0.897,0.997437,99.96,1.51,2.98,isocratic,7.9,0
suspension,1,3.4,1.018,1.716,0.999826,99.19,1.1,1.54,gradient,30.2,1
coated_tablet,1,6.3,0.663,0.548,0.99999,99.83,1.56,2.23,gradient,13.4,0
coated_tablet,4,3.3,2.881,0.827,0.999695,100.33,1.17,2.4,isocratic,9.1,0
api_powder,0,5.3,0.904,0.627,0.99999,101.56,0.96,1.81,isocratic,22.7,0
cream,2,2.8,1.413,0.971,0.99999,98.79,1.35,1.97,isocratic,25.9,0
coated_tablet,2,8.0,1.699,0.382,0.999987,99.54,1.35,2.3,gradient,11.2,0
api_powder,2,3.7,2.122,0.751,0.999984,100.18,0.81,2.33,gradient,27.9,0
suspension,1,1.4,1.025,0.524,0.99999,100.75,1.5,2.89,gradient,13.4,0
coated_tablet,1,8.4,1.68,1.237,0.99999,98.8,1.0,2.57,isocratic,7.0,0
api_powder,1,4.8,0.892,0.593,0.99999,100.33,1.16,2.19,isocratic,15.8,0
suspension,4,1.0,2.59,1.32,0.9997,99.1,1.19,2.12,isocratic,3.9,0
cream,2,1.5,0.69,0.505,0.99916,100.94,0.93,2.18,isocratic,11.6,0
coated_tablet,1,1.4,0.76,0.203,1.0,99.54,1.02,2.26,isocratic,9.8,0
suspension,3,3.4,0.74,1.069,0.99999,97.99,1.5,2.19,isocratic,9.8,1
api_powder,3,1.8,1.641,1.127,0.99999,99.07,0.87,2.32,gradient,9.0,0
cream,1,4.6,0.883,0.309,0.999537,100.58,0.8,2.9,isocratic,21.3,0
api_powder,1,2.6,1.462,0.823,0.999947,99.34,1.1,2.1,gradient,27.0,0
coated_tablet,2,9.3,0.065,0.526,0.999937,100.56,1.52,1.87,isocratic,26.3,1
cream,1,6.1,0.805,0.896,0.999765,98.77,0.88,2.11,gradient,15.3,0
cream,4,2.1,2.128,0.379,0.99999,100.48,1.24,2.81,isocratic,14.9,0
coated_tablet,2,7.9,0.258,0.674,0.999839,100.18,1.09,2.42,gradient,8.0,0
coated_tablet,2,5.5,2.438,0.41,0.99999,100.45,1.27,1.78,isocratic,7.9,0
coated_tablet,0,1.4,1.02,0.422,1.0,100.31,1.31,1.84,isocratic,14.4,0
suspension,2,2.4,2.9,1.005,0.999698,99.57,1.36,2.28,gradient,17.8,0
cream,2,8.0,1.004,0.914,0.99999,99.17,1.03,2.68,isocratic,11.6,0
suspension,2,5.3,2.264,0.208,0.999897,99.07,1.06,2.59,isocratic,15.4,0
coated_tablet,1,1.4,0.84,0.899,1.0,100.28,1.11,2.42,isocratic,11.2,0
suspension,2,1.1,1.682,0.624,0.999988,98.42,1.14,2.78,isocratic,9.7,0
coated_tablet,3,6.0,0.804,0.792,0.99993,100.23,1.86,2.06,gradient,9.0,0
suspension,1,2.3,0.606,0.717,0.998021,99.51,1.17,2.5,isocratic,8.3,0
cream,1,6.7,0.143,1.32,0.997191,101.1,1.22,3.04,gradient,15.4,1
coated_tablet,2,3.8,0.71,0.754,0.997289,100.48,1.12,2.26,isocratic,7.7,0
suspension,1,4.5,1.338,0.655,0.999651,99.56,1.52,1.88,gradient,8.3,1
suspension,1,1.7,0.867,0.856,0.999832,99.73,1.43,1.53,isocratic,7.8,0
suspension,3,7.5,1.596,1.143,0.999503,100.46,0.91,1.46,isocratic,11.8,1
api_powder,2,1.6,1.38,0.237,0.999939,99.92,1.49,2.23,isocratic,10.9,0
coated_tablet,2,1.5,0.66,0.971,0.999872,99.92,1.05,2.57,isocratic,23.8,0
coated_tablet,1,7.5,2.028,0.294,0.99864,101.74,1.0,2.15,gradient,10.2,1
coated_tablet,4,4.9,0.547,0.475,0.999893,99.36,0.8,2.33,isocratic,9.1,0
coated_tablet,1,5.0,0.412,0.871,0.999364,99.92,1.62,1.92,isocratic,8.5,0
api_powder,0,1.6,1.601,0.626,0.999829,99.67,0.99,1.78,isocratic,8.9,0
cream,3,8.5,1.29,0.947,0.999959,98.79,1.04,2.19,gradient,27.9,1
cream,2,3.4,0.85,1.277,0.993789,99.26,1.14,2.27,isocratic,13.7,0
api_powder,2,3.5,1.45,0.971,1.0,100.19,0.96,2.29,isocratic,9.7,0
cream,2,8.5,0.926,0.779,0.99994,101.92,0.8,2.52,isocratic,26.8,1
suspension,1,8.2,2.654,0.852,0.999797,98.37,0.88,2.04,isocratic,6.8,0
coated_tablet,4,2.6,0.608,0.945,0.99999,100.26,0.99,2.18,isocratic,7.2,0
api_powder,2,4.1,2.0,0.828,0.997794,100.12,0.98,1.79,isocratic,13.1,0
cream,0,6.5,0.97,1.23,0.99999,99.69,1.53,2.18,isocratic,7.0,0
coated_tablet,1,2.9,1.02,0.729,0.998721,100.24,0.82,3.06,isocratic,7.7,0
api_powder,4,1.7,0.59,1.554,0.99995,99.95,1.59,2.9,isocratic,5.8,0
cream,1,4.2,2.12,1.082,0.999851,98.41,1.02,2.26,isocratic,4.5,0
coated_tablet,2,2.8,1.76,0.157,0.997381,99.77,1.06,3.3,isocratic,13.0,0
cream,2,2.3,0.82,1.564,0.993103,99.47,0.9,2.75,isocratic,13.5,1
coated_tablet,1,8.9,0.854,0.33,0.999956,99.79,1.0,2.08,gradient,15.9,0
coated_tablet,4,5.3,0.634,0.782,0.999943,99.69,0.93,1.02,gradient,27.1,1
coated_tablet,1,3.5,1.917,1.243,0.999943,99.25,0.93,2.19,gradient,10.4,0
cream,0,3.4,0.835,1.149,0.99999,99.5,0.89,2.22,isocratic,6.7,0
api_powder,2,8.5,1.02,0.485,0.99802,98.96,1.14,2.52,isocratic,6.6,0
coated_tablet,2,3.0,0.707,0.373,0.999922,98.34,1.13,2.45,gradient,17.2,0
suspension,2,7.0,1.595,0.552,0.999976,100.09,0.8,3.0,gradient,10.3,0
cream,2,1.5,0.486,0.458,0.99999,100.1,1.93,2.82,gradient,10.8,0
coated_tablet,0,3.9,0.758,0.522,0.99999,101.53,1.69,2.14,gradient,11.2,0
coated_tablet,1,6.9,0.369,0.859,0.99999,100.02,1.1,1.63,isocratic,4.8,0
coated_tablet,1,3.3,1.47,0.215,0.999996,100.12,1.42,2.83,isocratic,11.1,0
api_powder,2,3.9,0.931,0.951,0.99998,98.89,0.86,2.97,isocratic,13.9,0
suspension,1,8.0,0.657,0.761,0.999891,100.43,1.6,2.07,isocratic,16.4,0
suspension,1,9.4,0.465,1.371,0.999658,101.09,1.05,2.36,gradient,15.5,1
coated_tablet,1,4.6,1.35,0.656,1.0,100.38,1.16,2.48,isocratic,11.7,0
suspension,1,4.1,0.629,0.777,0.99988,100.41,0.83,2.55,isocratic,6.5,0
api_powder,0,1.8,1.78,0.503,1.0,99.35,1.15,2.51,isocratic,11.2,0
suspension,1,1.5,0.645,0.518,0.999661,100.14,1.51,2.08,isocratic,11.1,0
api_powder,0,6.4,0.983,0.434,0.999859,101.03,0.95,2.8,gradient,12.6,0
coated_tablet,0,3.3,0.53,0.909,0.999894,99.57,1.28,2.07,isocratic,14.2,0
coated_tablet,4,4.9,2.203,0.272,0.99999,100.75,0.84,2.36,isocratic,12.5,0
cream,3,1.3,1.59,1.31,0.995235,99.47,1.11,2.73,isocratic,15.5,0
cream,3,1.5,0.333,0.272,0.999983,98.89,1.0,2.24,gradient,5.3,0
coated_tablet,3,7.0,1.404,1.827,0.99999,100.33,1.18,2.21,isocratic,19.9,0
api_powder,2,3.7,0.731,0.314,0.999448,98.81,1.19,1.51,isocratic,9.6,0
api_powder,0,2.8,1.84,0.489,0.998534,100.24,1.45,3.22,isocratic,13.9,0
coated_tablet,2,7.5,2.3,0.412,0.99999,100.98,1.94,2.37,gradient,13.9,1
coated_tablet,1,4.4,2.033,0.936,0.997988,100.12,0.89,3.17,isocratic,20.3,0
cream,1,4.3,1.356,2.141,0.999675,101.88,1.01,2.48,isocratic,8.8,1
suspension,3,9.9,0.404,0.352,0.999947,100.29,0.82,2.16,isocratic,14.6,0
suspension,2,1.9,1.021,2.511,0.999545,98.12,0.95,2.71,isocratic,9.3,1
coated_tablet,2,9.5,0.65,0.491,0.999909,99.94,0.92,2.08,isocratic,11.8,0
cream,3,1.2,0.75,1.274,0.992557,99.12,1.0,2.44,isocratic,20.7,1
cream,2,3.7,0.699,0.448,0.999128,99.71,1.12,1.89,gradient,14.0,0
api_powder,4,1.6,1.463,0.484,0.999981,100.05,0.93,1.99,isocratic,9.9,0
coated_tablet,2,8.3,0.799,0.377,0.99999,100.45,1.53,2.77,isocratic,7.0,0
api_powder,2,2.1,0.24,0.353,0.99999,100.82,1.07,3.07,gradient,12.8,0
api_powder,3,2.4,0.989,0.265,0.999965,99.59,0.94,1.88,isocratic,15.1,0
coated_tablet,1,9.9,1.298,1.832,0.999917,99.08,1.17,1.7,gradient,16.4,1
coated_tablet,2,3.8,1.75,0.497,0.999694,99.86,1.08,2.3,isocratic,5.1,0
api_powder,4,3.9,0.997,0.678,0.999704,99.75,1.13,2.73,gradient,6.8,0
coated_tablet,0,4.9,1.43,0.367,1.0,99.81,1.35,2.89,isocratic,7.0,0
coated_tablet,0,8.0,1.299,0.752,0.999804,101.58,1.61,1.94,isocratic,7.5,1
cream,1,5.4,0.507,1.703,0.997921,100.77,1.17,2.23,gradient,20.0,1
coated_tablet,3,4.9,0.751,0.631,0.999726,99.37,1.1,2.29,isocratic,13.6,0
coated_tablet,2,4.5,1.32,1.012,0.998506,100.75,1.4,2.47,isocratic,9.4,0
coated_tablet,1,4.6,1.632,1.89,0.99997,98.59,1.09,1.88,gradient,18.5,1
coated_tablet,2,2.3,1.41,0.94,0.999686,100.09,1.22,1.33,isocratic,11.1,0
suspension,3,3.2,0.945,1.231,0.998811,98.21,0.8,2.19,gradient,14.9,1
cream,3,4.7,1.37,1.205,0.992401,100.06,1.22,2.41,isocratic,18.6,1
api_powder,1,2.2,3.454,0.522,0.99982,98.52,0.89,2.75,gradient,8.4,0
suspension,1,3.8,0.918,0.844,0.99999,100.7,1.36,1.99,isocratic,10.6,0
coated_tablet,1,1.9,1.81,0.708,0.997417,99.73,1.22,2.65,isocratic,13.9,0
coated_tablet,3,9.7,2.596,0.263,0.999795,101.69,1.59,2.04,isocratic,11.5,1
cream,2,4.4,0.697,0.386,0.99999,99.37,1.28,2.64,isocratic,15.6,0
suspension,2,9.1,0.663,0.321,0.99999,99.7,1.24,3.28,gradient,9.7,0
coated_tablet,1,3.8,1.671,1.365,0.999773,100.08,1.3,2.51,isocratic,13.8,0
coated_tablet,1,4.3,3.331,0.447,0.997579,99.06,1.55,1.65,isocratic,6.7,0
coated_tablet,2,2.7,0.252,1.101,0.99999,100.93,1.24,1.48,isocratic,8.4,0
cream,2,4.1,0.423,1.635,0.999689,98.91,0.8,1.69,gradient,13.0,1
coated_tablet,2,5.3,0.353,1.019,0.99999,100.72,1.2,2.98,isocratic,14.0,0
suspension,1,5.0,0.422,0.619,0.999877,99.18,1.73,2.97,isocratic,17.2,0
suspension,0,5.8,2.383,1.851,0.999976,100.86,1.01,1.81,gradient,11.5,1
api_powder,1,1.4,0.221,0.378,0.99999,100.02,0.8,2.52,isocratic,7.2,0
cream,3,2.5,1.89,1.213,0.995854,99.48,0.98,2.65,isocratic,12.1,0
cream,1,5.0,0.27,0.554,0.999957,100.4,1.03,2.08,isocratic,7.0,0
suspension,4,2.4,0.587,1.061,0.9994,99.45,0.8,2.29,gradient,9.6,0
cream,3,1.2,1.76,0.286,0.999969,99.17,1.1,2.14,isocratic,8.5,0
cream,2,8.3,0.825,0.634,0.99999,99.2,1.33,2.39,gradient,9.2,0
coated_tablet,0,5.4,0.541,0.148,0.99999,100.7,1.44,2.3,gradient,18.1,0
coated_tablet,0,5.6,2.475,0.59,0.999933,98.73,1.49,1.68,isocratic,18.7,0
coated_tablet,2,8.4,0.498,1.589,0.999984,100.84,1.33,2.04,isocratic,7.5,0
cream,2,7.3,0.327,0.437,0.999372,99.01,1.07,2.62,gradient,11.6,0
coated_tablet,1,3.4,1.552,0.69,0.99999,100.49,1.14,2.68,isocratic,17.3,0
api_powder,0,3.9,1.2,0.646,0.997705,99.97,1.64,2.54,isocratic,14.4,0
coated_tablet,1,9.6,2.474,0.457,0.999975,100.39,1.27,1.87,isocratic,25.4,0
coated_tablet,1,4.5,1.477,0.48,0.99998,98.82,1.55,1.71,gradient,25.0,1
cream,1,8.7,0.984,0.608,0.999981,100.54,1.74,2.5,isocratic,20.6,0
api_powder,2,6.6,0.698,0.373,0.999031,100.25,0.89,1.8,gradient,6.0,0
api_powder,3,2.5,3.129,1.085,0.999987,100.01,0.99,2.06,isocratic,10.9,0
suspension,4,9.8,2.014,1.345,0.99998,99.95,1.7,1.86,gradient,21.0,1
cream,1,5.4,1.4,0.406,0.999504,100.17,1.41,2.75,isocratic,8.2,0
api_powder,2,4.6,1.96,0.652,1.0,98.34,1.39,1.28,isocratic,8.2,1
cream,0,7.7,1.577,0.762,0.999601,101.24,1.43,2.21,isocratic,15.0,0
coated_tablet,1,8.4,2.863,0.548,0.99999,99.89,0.93,2.71,gradient,17.1,0
suspension,1,5.3,1.115,0.406,0.999492,100.56,1.19,3.26,isocratic,11.7,0
cream,1,7.9,1.029,0.456,0.99999,99.7,1.24,2.24,isocratic,28.4,0
coated_tablet,2,7.5,1.626,1.465,0.999675,99.62,1.29,2.6,gradient,14.0,1
suspension,4,5.5,2.771,1.395,0.999679,101.49,0.87,2.41,gradient,11.6,1
suspension,1,5.3,0.472,0.245,0.99999,97.21,0.99,1.37,isocratic,13.5,1
api_powder,4,1.1,0.677,0.238,0.9996,99.77,1.57,2.92,isocratic,29.5,0
cream,1,5.8,0.681,0.425,0.999956,102.01,0.85,2.3,isocratic,7.8,1
coated_tablet,2,1.6,0.8,0.79,1.0,100.33,1.22,2.81,isocratic,7.6,0
coated_tablet,4,9.7,0.568,0.275,0.999366,98.86,1.35,2.02,gradient,7.2,0
api_powder,1,8.9,2.837,0.875,0.998851,101.74,1.24,2.43,gradient,10.3,0
coated_tablet,3,2.9,1.514,0.506,0.99999,99.65,0.8,1.81,isocratic,8.8,0
coated_tablet,3,8.2,0.434,0.904,0.999195,101.03,1.13,1.84,isocratic,7.7,0
coated_tablet,1,9.1,2.489,0.863,0.999987,99.77,1.06,1.63,isocratic,14.7,0
api_powder,0,4.3,1.25,0.475,0.998584,100.18,1.31,2.29,isocratic,8.8,0
coated_tablet,1,2.1,1.83,0.197,1.0,100.27,0.85,2.78,isocratic,16.2,0
cream,3,7.2,0.926,0.795,0.99999,99.8,1.25,1.92,isocratic,4.8,1
cream,1,1.5,3.098,1.257,0.99968,99.76,1.28,1.84,isocratic,21.7,0
cream,2,4.7,0.51,1.138,0.990429,98.79,1.46,2.65,isocratic,11.0,1
cream,3,1.2,1.8,1.377,0.994803,99.71,0.8,3.04,isocratic,16.2,0
api_powder,2,1.1,0.321,1.384,0.999818,98.97,1.29,1.91,gradient,13.4,0
suspension,1,9.9,0.148,0.56,0.999944,100.4,1.11,2.53,isocratic,14.2,0
cream,1,8.1,1.703,0.368,0.999825,99.78,1.23,1.64,isocratic,14.5,0
coated_tablet,1,7.7,0.975,0.204,0.999975,100.94,1.31,2.99,isocratic,9.4,0
cream,2,5.0,2.851,0.255,0.999378,99.59,1.15,2.81,isocratic,9.3,0
api_powder,1,3.7,0.717,0.948,0.999652,101.29,1.12,2.82,isocratic,15.7,0
coated_tablet,2,7.9,0.27,1.087,0.99999,99.74,1.18,2.27,isocratic,12.4,0
coated_tablet,2,8.3,1.127,1.3,0.99999,99.27,0.8,2.02,gradient,17.6,0
cream,2,2.7,3.227,0.669,0.999969,99.97,1.47,1.82,gradient,9.5,0
suspension,1,1.9,1.79,0.74,0.999975,101.05,1.33,1.48,gradient,14.3,1
coated_tablet,2,8.9,0.516,0.63,0.99999,100.2,1.02,2.35,isocratic,8.4,0
suspension,2,2.1,1.779,2.547,0.999969,99.69,1.02,2.7,isocratic,11.7,1
cream,2,8.1,0.735,0.992,0.999444,98.37,0.99,2.39,isocratic,15.7,1
coated_tablet,1,5.9,0.216,1.467,0.99999,98.28,1.73,2.29,gradient,32.9,1
suspension,2,8.6,0.366,0.551,0.9999,99.5,1.09,2.34,gradient,19.8,0
cream,2,2.1,0.493,0.786,0.998647,100.7,0.94,1.97,isocratic,12.6,0
api_powder,1,4.5,0.467,2.462,0.999969,100.79,1.06,2.02,isocratic,4.2,1
coated_tablet,0,3.7,1.56,0.504,0.99894,99.61,1.26,2.67,isocratic,8.3,0
suspension,3,5.8,0.957,1.384,0.999978,101.21,0.8,2.09,isocratic,21.5,0
api_powder,3,8.3,1.444,0.62,0.998999,100.05,0.96,2.31,gradient,8.7,0
coated_tablet,0,4.3,1.54,0.303,0.99962,99.71,1.28,2.39,isocratic,7.1,0
suspension,2,3.9,1.78,0.609,0.999503,100.7,1.29,2.75,isocratic,7.3,0
coated_tablet,1,7.7,1.609,1.135,0.999852,99.23,0.99,1.98,gradient,17.5,0
coated_tablet,1,7.4,1.988,0.551,0.999555,99.72,1.44,1.98,isocratic,5.5,0
coated_tablet,1,7.0,1.923,0.451,0.999348,98.45,1.28,1.95,isocratic,15.6,1
cream,4,4.5,0.71,1.35,0.992266,99.17,0.99,2.0,isocratic,16.0,0
coated_tablet,4,6.5,1.082,0.801,0.999012,101.17,1.09,2.32,gradient,12.0,0
cream,1,4.7,0.594,0.315,0.99999,99.35,1.16,1.85,isocratic,15.8,0
api_powder,1,5.7,0.723,0.611,0.999761,100.74,1.36,2.64,isocratic,6.9,0
cream,0,4.7,0.348,0.498,0.99999,100.61,1.42,1.68,gradient,13.7,0
suspension,4,4.6,0.719,1.76,0.99999,100.63,1.12,2.38,isocratic,17.6,0
coated_tablet,1,3.9,1.03,0.777,0.997117,100.72,1.21,2.65,isocratic,7.2,0
api_powder,2,1.3,1.9,0.546,0.999415,99.38,1.14,2.19,isocratic,10.5,0
suspension,1,5.2,2.45,0.311,0.998919,99.66,0.87,1.1,gradient,13.5,1
cream,1,6.7,0.741,0.728,0.99999,100.88,1.34,3.05,isocratic,12.7,0
suspension,1,1.1,0.634,0.919,0.999988,100.45,1.26,1.77,isocratic,9.9,0
suspension,1,4.5,1.448,0.359,0.992297,100.23,0.98,1.83,gradient,7.3,1
coated_tablet,1,5.7,0.671,0.415,0.99999,100.03,1.5,2.11,isocratic,17.4,0
api_powder,3,3.9,0.379,1.334,0.999917,99.09,1.43,2.36,isocratic,10.2,0
coated_tablet,1,2.2,4.11,0.635,0.999986,99.48,1.22,2.02,gradient,20.1,0
api_powder,2,8.9,0.415,0.511,0.999875,100.55,0.8,3.36,isocratic,8.1,0
api_powder,2,9.5,0.393,1.646,0.999732,100.89,1.18,2.05,isocratic,6.9,0
suspension,4,6.2,0.469,0.521,0.999364,99.26,0.99,2.92,isocratic,5.6,0
api_powder,3,5.7,0.504,0.364,0.999484,99.81,1.18,2.19,gradient,12.5,0
suspension,1,9.9,0.378,0.292,0.999494,100.58,1.34,2.09,isocratic,26.1,0
cream,2,6.0,0.278,0.498,0.999714,99.45,0.8,2.61,isocratic,7.1,0
cream,4,7.7,2.013,1.397,0.99999,100.72,0.8,2.93,isocratic,15.1,1
coated_tablet,3,9.6,0.606,0.55,0.998486,101.25,0.8,1.94,gradient,18.5,1
suspension,2,1.5,0.259,0.46,0.999905,100.59,1.59,2.61,isocratic,20.7,0
coated_tablet,1,7.7,1.715,0.713,0.99994,100.82,1.28,2.2,gradient,5.8,0
coated_tablet,0,8.3,0.487,0.574,0.99999,99.74,1.15,2.3,isocratic,10.9,0
coated_tablet,2,1.7,0.493,0.617,0.999271,100.55,1.46,2.19,gradient,9.5,0
suspension,1,9.8,1.369,0.844,0.999868,99.88,0.89,2.25,isocratic,19.4,0
coated_tablet,2,3.7,1.371,0.236,0.999315,99.57,1.11,2.75,isocratic,12.5,0
coated_tablet,4,3.4,0.601,0.284,0.99999,100.35,1.54,2.61,isocratic,10.9,0
coated_tablet,1,4.7,1.06,3.162,0.999978,99.28,1.3,3.31,gradient,16.3,1
coated_tablet,1,4.4,0.51,0.886,1.0,100.53,1.08,2.14,isocratic,10.0,0
coated_tablet,1,9.5,0.656,0.699,0.999877,99.99,1.19,1.81,isocratic,9.6,0
suspension,3,5.7,2.963,0.923,0.99999,100.27,1.02,2.16,gradient,12.7,0
coated_tablet,1,2.3,1.66,0.618,1.0,100.48,1.46,2.57,isocratic,6.3,0
suspension,2,7.6,1.001,1.124,0.99999,100.32,1.47,2.52,isocratic,10.2,0
cream,3,3.0,0.384,0.428,0.99983,99.53,0.83,1.94,gradient,19.0,1
api_powder,2,9.8,4.543,0.676,0.999877,99.84,0.89,1.83,isocratic,4.1,0
coated_tablet,4,3.9,0.496,0.314,0.99999,100.06,1.02,1.15,isocratic,18.0,0
cream,1,3.2,0.317,0.161,0.999909,99.2,0.86,2.37,isocratic,9.9,0
cream,2,8.5,1.124,0.57,0.999967,101.13,1.85,2.39,gradient,11.6,1
coated_tablet,4,2.5,0.252,0.848,0.999768,99.77,1.26,1.95,gradient,23.5,0
cream,3,5.4,4.167,0.476,0.99964,101.01,1.25,2.38,isocratic,5.9,0
api_powder,2,8.9,0.995,1.402,0.999707,99.93,1.18,2.8,gradient,15.6,0
coated_tablet,1,6.0,2.075,0.483,0.999854,100.54,1.71,1.89,isocratic,10.4,0
coated_tablet,4,3.9,1.236,0.438,0.99999,98.81,0.92,2.27,gradient,18.1,0
suspension,0,6.3,0.421,0.418,0.999362,98.59,1.28,2.63,isocratic,10.5,0
cream,2,6.7,0.719,0.688,0.999833,99.04,1.01,1.4,gradient,18.5,1
cream,2,7.9,0.811,1.119,0.999971,99.92,1.51,2.93,isocratic,13.9,1
cream,3,1.8,0.388,0.313,0.99999,100.77,1.06,3.0,gradient,25.7,0
suspension,4,4.3,0.731,0.688,0.999409,100.63,1.43,2.62,gradient,6.4,0
suspension,3,6.6,0.235,0.862,0.999775,99.01,1.1,2.46,isocratic,7.4,0
cream,2,9.5,3.932,0.672,0.999916,99.0,0.8,2.62,gradient,11.1,1
cream,4,9.2,6.048,0.57,0.999961,100.57,0.95,3.05,isocratic,22.0,0
coated_tablet,1,2.5,1.272,0.875,0.99996,100.31,1.68,2.1,isocratic,33.2,0
coated_tablet,1,2.1,1.42,0.959,0.996827,100.05,1.17,3.3,isocratic,8.7,0
coated_tablet,0,8.1,1.273,1.333,0.999371,98.81,0.87,2.2,gradient,12.8,0
coated_tablet,1,3.1,1.18,0.331,0.999961,100.22,1.12,2.35,isocratic,12.5,0
cream,0,1.4,0.697,0.191,0.999632,99.84,1.62,2.53,isocratic,24.4,0
cream,3,8.1,0.854,0.988,0.99999,100.72,1.01,2.24,isocratic,27.3,0
suspension,2,5.2,0.44,0.216,0.999397,99.03,0.96,2.66,isocratic,18.9,0
api_powder,1,7.1,0.448,0.406,0.997535,99.25,0.97,2.74,gradient,20.6,0
api_powder,2,8.6,3.544,0.142,0.999928,100.01,1.17,3.58,isocratic,8.3,0
coated_tablet,4,7.4,0.405,0.17,0.999643,101.16,0.84,3.54,isocratic,7.2,0
coated_tablet,1,1.3,2.261,0.613,0.99999,100.18,1.4,2.46,isocratic,18.6,0
cream,2,3.6,0.275,0.568,0.99999,100.21,0.89,1.82,isocratic,21.3,0
suspension,2,5.5,0.319,0.361,0.999461,102.11,1.27,3.11,isocratic,20.1,1
cream,4,2.3,1.456,0.608,0.99999,100.47,1.24,2.12,isocratic,11.0,0
coated_tablet,3,1.9,1.291,0.669,0.997827,100.29,0.95,2.33,isocratic,3.8,0
cream,3,2.0,0.651,0.693,0.99999,101.43,1.08,2.04,isocratic,9.6,0
coated_tablet,2,2.0,0.96,0.445,0.999935,100.3,1.22,1.98,isocratic,13.3,0
api_powder,2,2.0,1.863,0.277,0.999925,99.61,1.03,1.99,isocratic,13.0,0
api_powder,1,1.9,2.244,0.492,0.999028,99.27,0.89,1.17,gradient,33.9,1
coated_tablet,1,9.3,0.437,1.038,0.999565,100.39,1.26,1.45,isocratic,4.4,1
coated_tablet,2,2.1,1.8,0.997,0.996097,100.0,1.23,2.47,isocratic,5.8,0
suspension,1,6.8,0.882,0.229,0.999383,100.82,0.9,2.81,gradient,5.6,0
cream,3,1.3,1.76,1.347,0.993559,98.72,0.8,2.45,isocratic,19.3,1
coated_tablet,1,3.0,1.87,1.214,1.0,99.69,1.21,1.99,isocratic,13.7,0
api_powder,2,6.6,1.233,1.314,0.997772,99.76,1.27,2.72,isocratic,9.8,0
coated_tablet,4,9.8,0.705,0.36,0.998347,102.18,0.8,1.88,gradient,8.7,1
api_powder,4,9.3,0.989,0.278,0.99999,99.44,1.13,1.76,gradient,11.2,0
suspension,3,5.2,1.33,0.318,0.998769,98.47,1.13,1.86,isocratic,6.8,1
coated_tablet,2,4.7,0.65,0.561,0.997715,100.71,1.4,2.74,isocratic,10.6,0
cream,2,1.5,1.75,1.164,0.992834,99.98,0.93,2.14,isocratic,16.9,1
suspension,0,6.9,1.594,0.634,0.99971,102.19,0.91,2.09,gradient,28.2,1
cream,4,8.0,0.743,2.254,0.998384,99.5,1.13,2.14,gradient,3.0,1
coated_tablet,1,3.0,0.163,0.546,0.999958,100.72,1.43,2.43,isocratic,9.5,0
cream,1,9.2,4.894,0.803,0.99999,100.45,0.92,2.24,gradient,19.0,0
suspension,1,5.0,1.135,0.474,0.998487,101.15,0.8,2.22,isocratic,9.7,0
api_powder,4,2.4,0.513,0.313,0.99999,99.54,1.14,2.33,isocratic,17.1,0
api_powder,1,2.9,1.272,0.4,0.999746,100.48,1.15,3.04,gradient,11.5,0
suspension,2,4.6,0.734,0.441,0.999979,100.88,1.26,1.53,isocratic,15.9,0
cream,1,8.3,3.628,0.404,0.999938,100.74,1.55,2.66,gradient,17.3,1
coated_tablet,3,4.3,5.005,0.663,0.998771,99.9,1.24,1.95,gradient,12.2,0
api_powder,1,1.9,1.39,0.57,0.996509,99.86,0.96,2.32,isocratic,13.1,0
cream,1,8.2,1.278,0.697,0.999916,100.02,0.96,2.3,isocratic,9.1,0
coated_tablet,4,6.7,1.341,0.21,0.999632,100.8,1.07,3.06,gradient,7.1,0
coated_tablet,1,3.3,0.223,0.3,0.99999,99.92,1.15,2.25,gradient,10.3,0
api_powder,0,4.8,1.38,0.593,0.999428,99.75,1.13,2.54,isocratic,12.5,0
suspension,2,2.8,1.516,1.141,0.999687,98.16,1.08,2.2,isocratic,12.1,0
suspension,1,8.3,0.513,1.08,0.99999,100.84,0.8,2.34,isocratic,20.5,0
api_powder,3,8.1,0.258,0.549,0.997971,101.2,1.24,2.21,isocratic,13.8,0
coated_tablet,3,8.6,0.831,0.171,0.99999,100.74,0.96,1.84,isocratic,20.3,0
cream,4,4.7,1.11,1.162,0.99313,99.26,1.31,3.16,isocratic,16.8,1
suspension,2,3.9,1.745,0.691,0.999898,99.95,0.96,3.45,isocratic,13.7,0
coated_tablet,2,7.1,0.746,2.339,0.99986,100.42,0.9,2.7,isocratic,6.2,1
coated_tablet,4,8.3,1.185,0.527,0.99999,100.09,0.85,3.06,isocratic,11.7,0
cream,2,4.7,3.294,0.374,0.99999,99.96,1.0,2.71,gradient,6.2,0
api_powder,1,4.3,1.47,0.373,1.0,99.43,1.11,2.84,isocratic,7.9,0
coated_tablet,4,8.3,0.624,0.648,0.999625,100.08,1.18,2.26,isocratic,5.1,0
coated_tablet,1,2.7,0.492,0.495,0.99999,99.59,1.76,2.58,isocratic,16.8,0
api_powder,2,3.1,1.009,0.386,0.99999,99.02,1.37,2.95,isocratic,11.9,0
api_powder,3,5.7,1.709,0.366,0.99999,101.25,1.22,2.28,isocratic,18.5,0
coated_tablet,2,4.9,1.14,0.718,0.997819,100.7,0.8,2.64,isocratic,14.9,0
suspension,1,7.5,3.291,0.593,0.99999,100.47,1.13,1.94,isocratic,10.4,0
suspension,1,7.0,0.702,1.088,0.999888,98.04,1.06,3.15,gradient,26.6,0
coated_tablet,0,1.7,0.65,0.651,0.997808,99.64,1.2,2.86,isocratic,10.8,0
api_powder,2,7.6,1.443,0.976,0.999844,101.21,1.14,2.75,isocratic,16.8,0
api_powder,0,8.4,1.366,0.753,0.99999,100.2,1.26,2.64,isocratic,15.1,0
suspension,1,3.6,3.525,0.425,0.999579,100.58,1.16,2.91,isocratic,16.3,0
cream,3,3.5,1.13,0.995,0.995634,99.48,0.89,2.98,isocratic,21.7,0
suspension,3,9.4,3.779,0.928,0.999982,101.64,0.95,2.23,gradient,12.4,1
coated_tablet,3,5.3,0.788,1.034,0.999151,98.7,0.8,1.07,isocratic,8.2,1
suspension,4,7.0,0.962,0.319,0.99999,99.27,0.8,3.19,gradient,10.8,0
suspension,1,4.7,0.854,0.835,0.999415,101.4,1.29,1.31,isocratic,14.0,1
suspension,3,2.9,0.857,0.919,0.99999,100.76,2.37,2.1,isocratic,9.4,0
cream,4,9.6,0.494,0.315,0.99997,99.77,1.69,1.53,isocratic,14.1,1
coated_tablet,2,6.0,2.342,2.144,0.997785,99.27,1.42,1.63,gradient,14.2,1
api_powder,3,5.3,0.798,0.317,0.999186,100.44,0.96,3.06,isocratic,22.9,0
api_powder,2,2.0,1.27,0.353,0.999389,99.8,1.38,2.98,isocratic,9.0,0
api_powder,2,9.7,2.038,0.415,0.99999,101.07,1.06,2.08,gradient,8.1,0
coated_tablet,1,5.1,1.252,0.908,0.999334,100.53,1.54,2.39,gradient,10.3,0
api_powder,0,1.8,1.18,0.656,0.997531,99.75,0.85,1.7,isocratic,12.2,0
coated_tablet,1,3.4,0.385,0.518,0.999817,99.89,1.37,2.04,gradient,10.9,0
suspension,2,4.1,1.827,0.846,0.999465,99.69,1.47,1.37,gradient,29.6,1
cream,2,2.7,1.376,1.575,0.999983,100.44,1.41,1.85,isocratic,15.7,0
api_powder,1,3.5,3.993,0.556,0.99999,97.44,1.38,2.05,gradient,9.2,0
suspension,2,9.4,1.939,0.181,0.999158,100.76,1.71,1.66,isocratic,12.3,1
cream,1,2.8,0.717,1.148,0.99941,100.02,1.43,1.92,isocratic,18.9,0
coated_tablet,2,4.7,0.88,0.636,0.99761,100.16,1.21,2.89,isocratic,3.0,0
coated_tablet,3,7.3,0.699,0.318,0.999338,100.87,1.24,2.16,gradient,10.1,0
suspension,2,6.8,0.462,0.881,0.999631,99.86,0.86,3.22,isocratic,12.2,0
coated_tablet,2,9.2,1.236,1.173,0.999886,101.12,1.27,2.13,isocratic,9.7,0
suspension,1,3.0,0.47,0.974,0.999792,101.28,1.08,2.35,gradient,15.6,0
coated_tablet,2,3.2,1.53,0.73,1.0,100.83,1.01,2.73,isocratic,10.6,0
coated_tablet,3,3.2,0.523,1.81,0.99999,99.17,1.48,1.92,gradient,14.4,0
suspension,2,9.1,0.902,1.034,0.999785,100.36,0.8,3.1,isocratic,7.2,0
suspension,1,4.8,0.73,0.973,0.999855,100.57,1.48,2.3,isocratic,20.9,0
suspension,0,2.9,0.265,0.274,0.999921,100.59,1.3,2.61,gradient,19.6,0
api_powder,1,2.3,0.213,0.388,0.99989,98.8,1.55,2.23,gradient,10.7,0
coated_tablet,1,4.9,1.33,0.455,1.0,100.2,0.95,1.9,isocratic,7.9,0
cream,1,5.2,1.46,1.218,0.999933,100.33,0.99,2.09,isocratic,15.9,0
suspension,3,8.1,0.261,1.191,0.999588,100.15,1.9,2.7,isocratic,30.2,1
suspension,1,9.5,0.757,1.04,0.993599,100.96,1.4,3.42,isocratic,6.3,1
coated_tablet,3,4.1,1.952,0.505,0.999818,100.96,1.43,2.11,gradient,10.7,0
coated_tablet,2,1.4,0.905,0.423,0.999744,100.85,0.89,3.13,gradient,14.1,0
api_powder,4,7.5,0.305,0.762,0.99999,98.98,0.9,1.49,isocratic,9.9,1
suspension,2,2.8,0.094,0.465,0.999333,99.56,0.9,2.24,isocratic,42.6,0
coated_tablet,4,1.7,0.691,0.139,0.99999,100.51,1.04,2.76,gradient,5.0,0
api_powder,0,5.2,1.406,0.582,0.99719,99.64,1.27,2.1,gradient,10.9,0
cream,1,6.7,0.341,0.38,0.99996,98.99,0.92,2.18,gradient,17.5,0
coated_tablet,2,6.2,3.528,1.056,0.999729,100.81,1.1,2.47,gradient,21.3,0
api_powder,2,5.4,1.319,0.796,0.999867,99.75,2.02,2.84,gradient,11.0,0
coated_tablet,3,4.9,0.472,1.375,0.999803,100.82,1.18,1.38,gradient,8.9,1
coated_tablet,2,3.0,1.362,0.133,0.99999,99.41,1.22,2.58,isocratic,13.6,0
coated_tablet,3,5.2,1.447,0.69,0.999869,99.14,0.83,1.39,isocratic,23.2,0
suspension,1,9.3,3.414,0.647,0.999611,99.36,1.05,2.12,isocratic,15.3,0
suspension,1,4.4,0.925,0.754,0.99999,101.62,0.8,2.81,isocratic,11.5,0
coated_tablet,4,8.6,1.425,1.011,0.999834,102.15,0.8,2.23,isocratic,6.5,1
cream,0,3.4,1.905,3.007,0.999986,100.52,0.8,2.07,gradient,13.2,1
suspension,1,4.5,4.785,1.636,0.999505,98.63,0.81,2.24,isocratic,20.6,1
api_powder,3,9.0,1.038,0.286,0.99999,100.13,0.86,2.52,isocratic,7.5,0
cream,0,9.3,3.197,0.787,0.999414,99.79,0.86,1.73,isocratic,8.4,0
cream,1,9.8,2.946,0.977,0.999897,100.17,1.05,2.04,gradient,10.1,0
api_powder,1,3.9,1.558,0.526,0.999546,99.56,1.81,2.68,isocratic,8.1,0
api_powder,2,2.2,4.596,0.392,0.99999,101.25,1.53,2.5,gradient,11.5,0
api_powder,2,4.4,2.552,0.267,0.999848,100.96,0.9,2.33,isocratic,13.5,0
coated_tablet,1,3.0,0.31,0.986,0.99999,100.19,0.8,2.38,isocratic,3.4,0
suspension,0,9.3,0.294,0.547,0.99999,100.89,0.99,2.55,isocratic,12.3,0
suspension,4,6.6,0.598,1.072,0.995515,101.17,0.89,2.71,gradient,8.2,1
suspension,1,6.0,1.868,0.769,0.999057,98.15,0.83,2.31,isocratic,51.7,0
cream,3,4.3,2.061,1.003,0.999921,99.6,0.88,3.78,isocratic,4.3,0
coated_tablet,3,6.5,1.853,0.524,0.99999,99.27,0.8,2.37,gradient,9.4,0
suspension,1,1.2,1.257,0.347,0.999936,99.85,1.44,2.75,gradient,5.0,0
suspension,1,9.0,0.32,3.815,0.99999,98.65,1.0,2.13,isocratic,9.7,1
coated_tablet,0,1.2,2.912,0.487,0.999807,101.97,1.69,1.79,isocratic,7.3,0
cream,4,7.5,0.948,0.253,0.999627,100.31,1.24,2.85,gradient,8.9,1
api_powder,1,6.5,1.637,0.544,0.999877,101.99,1.22,2.12,isocratic,15.3,0
suspension,1,1.1,0.706,1.947,0.999919,99.57,1.76,1.58,gradient,14.2,1
api_powder,0,3.9,0.63,0.236,0.999366,99.21,1.05,3.1,isocratic,11.9,0
cream,2,2.5,1.21,1.18,0.994398,98.98,1.26,2.65,isocratic,17.6,1
coated_tablet,0,4.4,1.086,0.232,0.999948,101.44,0.84,2.35,gradient,22.1,0
coated_tablet,1,1.6,0.796,0.343,0.99999,100.53,1.54,3.05,gradient,25.6,0
suspension,0,8.5,1.246,0.473,0.99999,100.65,2.01,1.44,gradient,10.7,1
suspension,1,5.0,0.279,0.345,0.999763,98.59,1.43,1.81,gradient,19.7,0
api_powder,1,7.6,1.135,0.325,0.998141,100.97,1.74,2.85,isocratic,13.8,0
cream,4,4.8,0.88,0.957,0.992258,99.41,1.38,2.74,isocratic,8.1,1
coated_tablet,1,2.5,0.266,0.851,0.99967,100.5,1.24,1.92,isocratic,13.1,0
api_powder,4,4.7,0.877,0.666,0.99999,100.12,1.09,2.53,isocratic,15.6,0
coated_tablet,1,7.3,2.66,0.599,0.99999,98.96,0.87,2.3,isocratic,19.2,0
api_powder,3,8.5,1.025,1.149,0.999766,100.16,0.99,2.59,gradient,7.5,0
api_powder,2,2.7,3.325,0.489,0.999929,100.01,1.04,2.43,isocratic,8.4,0
coated_tablet,1,5.4,0.631,1.281,0.99999,100.46,1.38,2.16,gradient,20.6,0
cream,0,3.7,0.85,0.236,0.998951,99.33,1.1,2.73,gradient,8.4,0
cream,3,3.8,0.924,0.413,0.99997,101.38,1.48,3.13,gradient,13.0,0
coated_tablet,1,2.7,1.66,0.583,1.0,100.13,1.2,2.61,isocratic,7.4,0
api_powder,2,8.0,1.279,0.441,0.99976,100.94,1.16,2.12,gradient,9.8,0
coated_tablet,2,1.6,1.349,0.806,0.999923,98.71,1.06,2.33,isocratic,15.2,0
cream,3,1.9,1.64,1.057,0.996224,99.09,0.8,1.99,isocratic,6.8,0
suspension,1,5.7,0.313,0.709,0.99999,101.73,0.89,2.16,isocratic,13.1,0
api_powder,3,5.5,6.796,0.879,0.998931,101.22,0.86,1.78,isocratic,10.2,0
suspension,1,2.6,0.89,0.324,0.99956,99.58,2.14,2.23,isocratic,5.9,0
coated_tablet,2,6.5,0.552,0.27,0.999919,100.99,1.5,2.35,isocratic,16.4,0
api_powder,3,3.7,1.443,0.236,0.999486,100.32,1.38,2.22,isocratic,9.1,0
coated_tablet,0,5.4,0.892,0.316,0.999794,99.95,1.03,2.24,isocratic,16.6,0
suspension,1,1.7,1.363,1.554,0.999701,99.31,1.22,2.61,isocratic,12.3,0
cream,1,5.9,3.514,0.596,0.999597,97.93,1.1,2.58,isocratic,11.5,1
api_powder,1,3.2,3.469,0.557,0.999271,97.84,1.14,1.54,gradient,30.9,1
coated_tablet,2,8.1,0.855,0.535,0.999932,98.75,1.04,3.11,isocratic,23.7,0
suspension,1,5.8,0.977,0.344,0.999974,101.11,0.8,2.32,isocratic,6.8,0
suspension,2,6.0,0.338,0.214,0.999986,98.6,1.49,2.33,isocratic,14.1,0
cream,4,2.3,0.52,1.188,0.999592,98.71,1.2,2.75,isocratic,15.0,0
coated_tablet,2,8.3,0.568,0.72,0.999968,99.27,1.08,2.66,isocratic,24.6,0
suspension,2,1.8,2.239,0.356,0.99906,99.47,1.04,3.3,isocratic,21.7,0
cream,1,4.9,1.846,1.219,0.99999,100.81,1.13,1.95,gradient,11.8,0
coated_tablet,1,5.8,0.682,0.456,0.999619,99.78,0.97,1.63,isocratic,21.9,0
api_powder,4,6.4,0.653,1.016,0.99999,99.62,1.09,2.92,isocratic,18.6,0
suspension,2,8.1,1.015,0.375,0.999895,99.23,1.15,2.2,isocratic,10.2,0
api_powder,0,3.6,1.51,0.715,1.0,100.13,1.3,2.39,isocratic,7.2,0
cream,4,3.5,1.64,1.064,0.996045,99.17,1.06,2.36,isocratic,16.6,0
cream,1,8.1,1.491,1.91,0.999975,100.16,1.87,2.43,gradient,15.1,1
cream,4,5.2,0.483,0.493,0.99999,99.08,1.85,2.05,isocratic,9.5,0
coated_tablet,1,5.4,0.504,0.588,0.999601,100.68,1.22,3.1,gradient,26.7,0
cream,2,4.1,2.712,0.44,0.999929,99.98,1.06,1.7,isocratic,11.9,0
api_powder,1,1.9,0.16,0.226,0.99999,100.36,1.24,1.53,isocratic,12.7,0
api_powder,2,6.6,0.319,0.613,0.99999,100.02,1.18,2.61,isocratic,6.4,0
coated_tablet,4,3.3,0.606,0.205,0.998184,100.31,0.87,2.57,gradient,11.6,0
suspension,2,10.0,1.121,0.402,0.99986,99.3,1.09,2.68,gradient,23.6,1
coated_tablet,1,3.1,0.602,1.421,0.998677,97.51,1.32,2.56,gradient,15.3,1
api_powder,1,3.0,0.271,0.599,0.99999,100.37,1.33,2.65,isocratic,15.7,0
api_powder,2,7.6,0.682,0.364,0.99999,101.34,0.84,1.84,isocratic,3.6,0
coated_tablet,0,9.6,0.565,0.673,0.99999,99.98,1.3,2.41,isocratic,8.1,0
cream,2,3.5,3.304,0.809,0.999969,100.34,0.84,2.09,isocratic,4.6,0
api_powder,1,9.4,0.491,0.758,0.999878,99.81,0.84,2.69,isocratic,18.7,0
suspension,4,6.9,4.064,0.51,0.999888,100.19,1.24,2.41,gradient,4.6,0
coated_tablet,1,5.5,0.915,0.569,0.999976,100.68,1.27,1.22,isocratic,12.1,0
api_powder,0,4.1,1.32,0.322,0.999513,101.1,1.19,3.07,isocratic,10.3,0
suspension,1,8.1,0.531,0.779,0.99999,98.62,1.31,2.11,isocratic,11.1,0
coated_tablet,0,4.7,0.23,0.36,0.999781,100.57,1.75,2.76,gradient,18.9,0
coated_tablet,4,6.3,0.324,0.387,0.998837,101.15,0.8,2.65,gradient,22.7,0
coated_tablet,4,8.9,2.193,0.589,0.99999,100.41,0.88,3.06,isocratic,8.4,0
api_powder,4,6.7,4.633,1.681,0.99992,99.56,0.8,2.41,isocratic,12.2,0
suspension,1,9.8,2.802,0.513,0.999592,102.02,0.8,2.35,isocratic,7.3,1
cream,1,3.9,1.723,1.01,0.99999,99.84,1.07,2.68,gradient,8.8,0
suspension,1,3.1,0.354,0.529,0.99999,100.85,0.82,1.96,isocratic,23.4,0
suspension,2,8.0,1.357,1.621,0.999569,99.42,1.06,2.22,isocratic,34.9,1
cream,3,7.9,1.043,0.708,0.999718,98.1,1.15,1.87,gradient,11.9,1
suspension,1,8.6,1.358,0.351,0.999614,99.66,1.28,2.3,gradient,18.1,0
coated_tablet,1,4.3,6.226,0.404,0.996759,101.23,1.12,2.53,gradient,23.0,0
coated_tablet,1,2.0,0.816,0.588,0.99999,100.7,1.47,1.55,isocratic,9.3,0
cream,1,3.8,0.976,0.236,0.998417,99.9,1.56,1.26,isocratic,10.8,1
coated_tablet,2,8.0,0.797,0.615,0.99999,100.54,1.22,2.71,gradient,11.8,0
cream,1,5.0,2.143,0.719,0.999938,99.5,1.02,1.9,isocratic,12.5,0
api_powder,1,9.6,1.509,0.332,0.999419,100.15,0.87,1.88,isocratic,29.2,0
suspension,1,5.0,0.712,0.45,0.999559,98.76,0.89,1.92,isocratic,7.0,0
api_powder,2,9.8,0.49,0.635,0.999732,100.47,0.92,2.2,isocratic,17.3,0
coated_tablet,1,8.7,0.406,0.898,0.999258,98.31,1.07,2.22,isocratic,11.6,0
api_powder,1,4.7,0.734,0.541,0.998534,99.64,1.09,3.02,gradient,11.4,0
cream,2,4.7,0.361,0.955,0.99999,100.71,1.47,1.77,isocratic,10.2,0
coated_tablet,2,5.9,0.541,0.612,0.996917,100.36,1.51,2.23,isocratic,7.8,0
cream,1,3.4,1.477,1.518,0.999681,98.64,0.89,2.65,isocratic,17.2,0
coated_tablet,1,2.5,0.95,0.404,0.996262,99.29,0.89,2.1,isocratic,11.2,0
api_powder,1,5.7,3.636,0.469,0.999829,97.66,1.29,2.11,gradient,16.7,1
coated_tablet,1,4.4,0.386,0.811,0.99999,99.6,1.33,2.39,isocratic,15.7,0
coated_tablet,2,8.1,1.0,0.47,0.99999,98.95,0.8,2.05,gradient,12.0,0
cream,2,2.1,6.532,0.315,0.999911,100.66,1.32,2.07,gradient,30.4,1
coated_tablet,2,5.1,0.805,0.2,0.998379,98.91,1.17,2.04,isocratic,19.5,0
suspension,2,4.2,0.122,0.973,0.99999,101.85,1.51,1.98,gradient,7.2,1
coated_tablet,2,9.9,1.537,1.658,0.999716,99.01,1.16,2.48,gradient,27.2,1
suspension,2,8.1,0.454,1.401,0.999982,100.83,1.06,2.09,isocratic,5.9,0
coated_tablet,0,8.1,1.05,0.618,0.999957,99.44,1.17,1.79,isocratic,21.6,0
coated_tablet,4,4.3,3.843,0.738,0.998384,100.17,0.88,2.65,isocratic,13.9,0
suspension,1,7.3,0.846,0.794,0.99999,99.46,0.92,2.66,isocratic,18.7,0
coated_tablet,1,7.0,1.881,0.399,0.999717,100.32,0.8,1.47,isocratic,7.3,0
coated_tablet,1,7.6,0.29,1.782,0.998412,98.9,0.8,1.7,isocratic,9.9,1
api_powder,0,7.1,3.082,0.585,0.99999,101.72,1.28,2.28,isocratic,13.9,0
coated_tablet,2,7.8,1.537,0.232,0.999306,100.32,1.56,2.1,gradient,19.3,1
suspension,2,6.3,0.669,0.316,0.999978,97.83,0.8,1.99,gradient,9.2,1
api_powder,1,2.1,0.55,0.666,0.997847,100.16,1.17,2.0,isocratic,9.5,0
api_powder,1,8.7,1.534,0.431,0.99999,99.42,1.87,2.02,isocratic,14.2,0
coated_tablet,2,2.1,0.37,0.845,0.999931,100.93,1.43,1.89,isocratic,11.8,0
api_powder,0,8.2,0.378,0.606,0.999882,99.48,1.07,2.52,gradient,12.2,0
coated_tablet,2,4.0,0.94,0.591,1.0,100.32,1.04,2.04,isocratic,4.4,0
cream,2,3.4,0.77,1.218,0.989856,98.68,1.15,2.34,isocratic,16.2,1
coated_tablet,1,3.5,1.17,0.342,0.995923,99.67,1.15,2.87,isocratic,7.7,0
cream,4,9.0,2.609,0.496,0.99999,100.8,1.14,2.7,isocratic,6.4,0
cream,3,4.5,1.06,0.691,0.994829,99.63,1.1,1.51,isocratic,12.0,1
suspension,1,2.5,3.843,0.297,0.999329,100.75,0.8,2.3,isocratic,7.1,0
suspension,1,4.5,1.92,0.303,0.998696,98.0,0.96,2.39,gradient,20.7,1
api_powder,1,9.9,0.308,0.523,0.999621,99.49,1.08,2.21,gradient,7.3,0
suspension,1,1.4,5.075,0.39,0.99999,99.32,1.36,2.86,isocratic,12.8,0
coated_tablet,3,2.5,0.939,0.267,0.998873,99.34,0.96,2.21,isocratic,16.2,0
coated_tablet,2,5.5,1.157,0.445,0.999901,98.9,1.07,2.58,isocratic,11.9,0
cream,1,3.6,1.937,0.406,0.99999,99.23,1.52,2.22,isocratic,13.0,0
cream,3,7.9,1.746,0.404,0.998095,100.44,0.9,2.11,gradient,9.2,1
coated_tablet,2,2.3,1.47,0.918,1.0,100.34,1.13,2.17,isocratic,9.8,0
coated_tablet,1,7.6,5.654,0.769,0.997682,100.22,1.28,1.95,gradient,7.2,1
cream,0,5.4,1.056,0.209,0.999917,101.02,1.41,2.9,isocratic,6.6,0
coated_tablet,0,5.8,0.418,0.697,0.999982,97.39,0.93,1.98,isocratic,15.7,1
cream,4,1.3,1.54,1.209,0.993427,99.11,1.31,1.89,isocratic,13.4,1
suspension,0,7.9,0.725,1.136,0.999699,99.66,1.11,2.75,gradient,57.7,1
coated_tablet,2,9.2,2.204,1.903,0.99999,100.11,1.12,3.6,isocratic,9.0,0
coated_tablet,2,4.7,1.561,0.234,0.99999,100.62,0.92,2.39,isocratic,7.4,0
api_powder,0,4.9,0.51,0.65,0.999925,100.09,1.38,1.71,isocratic,6.7,0
cream,4,3.0,0.85,0.896,0.995655,98.74,1.17,2.4,isocratic,12.1,0
coated_tablet,0,4.5,0.94,0.601,0.99825,100.75,1.09,2.51,isocratic,12.3,0
coated_tablet,1,4.9,1.84,0.803,0.99674,99.45,1.55,2.24,isocratic,9.6,0
coated_tablet,0,2.3,1.05,0.53,1.0,99.54,0.95,2.51,isocratic,10.5,0
api_powder,1,2.5,1.9,0.596,1.0,99.84,1.12,2.94,isocratic,11.7,0
api_powder,0,2.9,1.61,0.852,0.998761,99.95,1.37,2.31,isocratic,12.6,0
api_powder,2,7.1,1.074,2.29,0.998259,97.96,1.63,1.91,isocratic,10.8,1
coated_tablet,3,6.0,0.643,0.696,0.99999,98.62,1.17,2.33,isocratic,11.6,0
coated_tablet,1,7.4,1.851,0.77,0.998359,101.36,0.8,2.18,gradient,51.0,0
coated_tablet,1,3.0,0.989,0.471,0.999737,99.96,0.84,2.1,gradient,13.8,0
api_powder,2,6.2,1.358,2.604,0.99968,98.8,0.8,2.25,gradient,12.2,0
suspension,2,4.3,0.607,0.358,0.999777,100.34,1.1,2.56,isocratic,29.4,0
suspension,3,3.6,2.992,0.872,0.99999,98.06,1.58,2.95,isocratic,6.6,0
api_powder,4,4.9,1.125,0.664,0.999975,101.16,1.75,1.82,gradient,23.5,1
cream,3,3.0,2.613,0.62,0.99999,99.94,1.36,2.37,isocratic,21.4,0
suspension,0,3.7,1.823,0.243,0.999964,100.35,1.02,1.95,isocratic,11.6,0
api_powder,3,3.6,0.624,0.401,0.999264,101.0,1.38,1.07,gradient,8.5,0
suspension,4,1.5,1.036,0.625,0.999532,98.93,0.97,2.27,isocratic,9.0,0
coated_tablet,2,3.8,1.42,0.889,1.0,99.96,0.83,2.2,isocratic,9.8,0
suspension,1,1.6,2.25,0.512,0.999855,99.24,1.18,1.98,isocratic,12.5,0
coated_tablet,0,1.7,1.21,0.536,1.0,99.46,1.04,2.61,isocratic,8.1,0
api_powder,2,7.8,0.509,1.52,0.999617,100.38,1.4,2.04,isocratic,17.8,0
cream,2,4.2,1.83,1.277,0.997036,99.64,1.39,2.26,isocratic,13.4,0
coated_tablet,1,3.6,0.91,0.947,1.0,99.78,1.24,2.1,isocratic,14.5,0
api_powder,3,4.0,0.347,0.919,0.99999,100.23,1.08,2.29,gradient,3.0,0
coated_tablet,3,7.7,1.039,1.837,0.999964,102.56,1.56,2.76,isocratic,14.7,1
coated_tablet,1,6.6,3.082,0.797,0.998018,100.78,1.16,1.85,isocratic,10.1,0
suspension,1,4.5,1.243,3.421,0.999969,97.5,1.04,2.2,gradient,10.7,1
cream,2,4.2,0.738,0.371,0.999504,99.56,0.95,2.63,gradient,25.8,0
coated_tablet,1,4.1,0.62,0.819,1.0,100.22,0.95,1.65,isocratic,10.8,0
api_powder,1,7.4,3.304,0.486,0.999401,100.85,0.82,2.28,isocratic,7.1,0
api_powder,2,8.8,5.491,0.356,0.99999,99.69,1.35,1.97,isocratic,17.4,0
suspension,2,7.7,0.522,0.656,0.99999,99.25,1.36,3.08,gradient,3.8,0
api_powder,2,3.3,3.203,1.157,0.999937,99.55,1.24,1.92,gradient,8.1,0
api_powder,1,4.6,1.56,0.773,0.999868,101.93,1.32,1.73,isocratic,11.2,0
coated_tablet,1,7.3,0.374,0.692,0.995689,98.98,0.8,2.34,isocratic,7.5,0
api_powder,1,8.9,0.775,0.9,0.999658,100.58,1.45,1.87,gradient,8.9,0
coated_tablet,1,4.8,0.207,1.107,0.999219,99.41,0.92,3.46,isocratic,16.5,0
suspension,1,7.6,2.082,0.541,0.999967,99.8,1.06,1.16,gradient,16.7,1
api_powder,1,4.1,1.7,0.873,0.995374,99.5,1.27,1.87,isocratic,14.4,0
cream,3,3.8,1.7,0.93,0.995345,99.34,1.38,2.48,isocratic,10.8,0
cream,2,5.8,1.929,0.427,0.999932,98.72,1.28,2.34,isocratic,13.1,0
api_powder,0,3.5,1.64,0.547,1.0,100.34,0.8,2.89,isocratic,10.0,0
cream,1,2.1,0.527,0.594,0.999985,99.77,1.61,1.95,isocratic,6.1,0
coated_tablet,0,8.9,0.368,0.803,0.999559,99.39,1.06,2.25,isocratic,5.3,0
coated_tablet,1,9.0,0.546,0.729,0.99994,98.46,1.37,2.57,isocratic,5.5,0
coated_tablet,1,3.6,0.317,0.347,0.999967,99.33,1.25,1.89,gradient,22.5,0
suspension,1,2.8,0.526,0.286,0.999156,100.61,1.36,1.38,isocratic,13.6,0
suspension,3,7.5,1.171,0.212,0.999903,99.54,1.63,2.68,isocratic,31.2,1
cream,1,9.6,1.142,0.322,0.99997,102.09,1.09,2.53,isocratic,7.9,1
cream,2,7.8,1.143,0.338,0.99993,99.41,1.25,2.01,isocratic,19.6,0
coated_tablet,3,5.1,0.532,1.309,0.99999,99.56,0.88,2.15,isocratic,20.1,0
suspension,2,9.1,0.698,0.464,0.99999,100.49,1.12,3.16,isocratic,15.6,0
coated_tablet,3,1.3,1.312,0.805,0.99999,99.9,0.99,1.57,isocratic,55.3,0
coated_tablet,1,3.4,2.676,0.275,0.99999,99.04,1.5,2.28,isocratic,9.9,0
coated_tablet,3,7.5,1.722,0.707,0.999951,99.43,1.12,1.88,isocratic,6.8,0
cream,2,3.4,1.6,1.27,0.992399,99.54,1.29,2.19,isocratic,13.5,1
cream,3,7.4,0.995,1.277,0.99999,98.68,1.08,2.22,isocratic,5.6,1
cream,0,8.9,0.299,0.521,0.99999,100.65,1.23,1.86,isocratic,19.0,0
coated_tablet,0,1.5,1.07,0.482,1.0,99.5,1.19,2.18,isocratic,8.4,0
api_powder,1,7.4,0.554,0.696,0.99999,98.45,1.27,2.34,gradient,23.3,0
suspension,2,2.6,1.584,0.605,0.99972,101.05,1.07,1.83,isocratic,11.8,0
suspension,1,9.1,1.162,0.32,0.999905,100.25,1.15,3.1,gradient,9.6,0
cream,3,8.7,2.711,0.233,0.99999,102.16,0.96,2.0,isocratic,3.0,1
cream,1,6.2,1.07,0.871,0.99999,99.72,0.92,2.08,isocratic,7.7,0
api_powder,2,7.5,7.033,0.556,0.999911,99.95,0.97,0.92,isocratic,9.3,0
coated_tablet,2,5.9,2.388,0.419,0.999975,100.56,1.21,2.64,isocratic,19.7,0
coated_tablet,0,4.7,0.97,0.352,1.0,100.34,1.04,2.47,isocratic,9.9,0
coated_tablet,1,8.3,0.929,0.439,0.999977,99.76,0.84,3.58,isocratic,11.8,0
api_powder,0,9.9,4.388,0.651,0.998948,98.98,0.8,2.39,gradient,15.2,0
suspension,2,4.3,0.6,1.798,0.99999,98.84,1.23,3.01,isocratic,5.4,0
coated_tablet,1,4.9,0.752,0.154,0.999837,101.48,1.07,2.06,isocratic,8.4,0
coated_tablet,0,4.4,1.63,0.678,1.0,100.4,0.97,2.71,isocratic,12.2,0
suspension,1,1.9,1.908,0.372,0.999894,98.51,1.11,2.17,gradient,17.3,0
cream,3,4.0,1.63,1.295,0.99867,99.34,1.28,1.83,isocratic,13.5,0
coated_tablet,0,1.9,0.9,0.977,1.0,101.08,1.14,3.46,isocratic,8.5,0
coated_tablet,1,4.3,0.96,0.718,0.998632,99.66,0.96,2.39,isocratic,10.7,0
coated_tablet,1,8.0,0.882,0.616,0.999987,97.57,0.99,2.17,isocratic,12.0,0
cream,3,4.8,1.097,0.55,0.999863,99.48,0.8,2.67,gradient,5.2,0
cream,1,7.7,1.609,0.461,0.99894,101.27,1.1,2.02,isocratic,10.7,0
api_powder,4,7.8,2.396,1.164,0.999832,100.92,1.2,2.73,isocratic,29.1,0
cream,3,4.5,0.59,0.82,0.994279,99.34,1.26,1.96,isocratic,16.9,1
coated_tablet,1,4.5,1.66,0.251,1.0,99.61,0.95,2.98,isocratic,11.1,0
coated_tablet,4,5.4,3.308,0.748,0.999986,100.64,1.1,2.38,gradient,9.5,0
api_powder,3,9.0,0.447,0.468,0.999973,100.81,1.29,2.11,isocratic,14.9,0
suspension,4,7.4,2.252,0.984,0.99999,100.83,0.8,2.06,isocratic,11.7,0
coated_tablet,2,1.2,1.7,0.363,1.0,100.55,1.42,2.47,isocratic,14.1,0
cream,2,6.8,4.064,0.831,0.999929,99.84,1.27,2.65,isocratic,10.5,0
coated_tablet,2,3.2,3.569,0.686,0.999728,98.95,0.85,2.62,isocratic,14.5,0
suspension,0,8.7,1.345,0.741,0.9995,98.87,1.54,2.19,isocratic,17.0,0
api_powder,1,4.7,0.389,1.138,0.999286,100.3,1.35,1.6,isocratic,9.2,0
coated_tablet,1,8.2,0.682,0.484,0.998081,98.89,1.77,3.47,gradient,16.8,1
coated_tablet,4,2.4,0.295,0.704,0.999631,100.01,1.31,2.3,isocratic,10.0,0
suspension,3,5.9,2.562,0.867,0.999285,100.01,1.22,3.12,isocratic,16.4,0
coated_tablet,1,4.7,0.585,1.684,0.997876,100.93,1.33,1.86,gradient,5.2,0
coated_tablet,1,4.0,1.541,0.366,0.999682,101.48,1.5,1.34,isocratic,20.7,0
api_powder,1,7.8,0.967,0.366,0.999885,99.15,1.2,1.49,gradient,19.4,1
api_powder,1,8.9,0.173,0.858,0.99999,98.51,1.03,2.06,isocratic,28.1,0
suspension,3,1.3,2.391,0.729,0.999863,101.25,1.17,2.74,gradient,7.6,0
cream,1,4.9,0.228,0.613,0.999462,101.61,1.37,3.21,isocratic,15.4,0
cream,0,8.0,2.335,0.554,0.999979,99.36,1.2,1.86,isocratic,16.6,1
suspension,2,4.9,1.081,0.467,0.999971,98.61,1.12,2.5,isocratic,13.3,0
cream,2,6.3,0.328,0.26,0.999283,99.06,1.4,2.6,isocratic,14.7,0
coated_tablet,3,2.7,6.767,1.043,0.99999,99.75,1.4,2.54,isocratic,13.4,0
cream,2,1.3,1.09,1.203,0.995071,98.57,0.98,2.61,isocratic,14.7,0
cream,4,3.9,1.05,1.346,0.990162,99.05,0.98,3.02,isocratic,10.9,1
api_powder,2,5.7,0.18,1.809,0.99999,99.67,0.86,1.9,isocratic,9.2,0
coated_tablet,4,9.1,0.209,0.316,0.99994,99.61,0.91,1.3,isocratic,22.2,1
coated_tablet,2,2.1,1.95,0.349,1.0,99.54,1.11,2.12,isocratic,9.0,0
cream,2,7.2,6.519,0.505,0.99966,100.48,1.11,2.83,gradient,16.2,1
suspension,4,5.8,0.694,0.371,0.998982,99.71,1.42,2.3,isocratic,6.3,0
coated_tablet,2,8.0,5.297,0.84,0.99999,100.41,1.09,2.38,gradient,4.6,0
api_powder,1,9.1,2.354,1.34,0.999955,99.83,1.13,3.27,isocratic,49.0,0
api_powder,2,4.7,1.841,0.139,0.999889,102.0,0.87,2.15,gradient,13.7,0
coated_tablet,1,8.8,2.866,0.9,0.999299,99.64,0.91,1.34,isocratic,9.1,0
coated_tablet,3,8.2,0.599,1.147,0.999112,98.36,1.35,3.02,isocratic,11.9,0
cream,2,6.8,0.516,0.614,0.999958,100.5,1.05,3.02,gradient,10.4,0
cream,0,5.2,1.261,2.119,0.999075,100.83,1.23,2.88,gradient,11.2,1
cream,1,7.0,0.316,1.097,0.999955,98.29,1.03,1.58,isocratic,9.8,1
coated_tablet,1,4.7,3.314,0.291,0.999948,100.87,1.0,1.82,isocratic,8.0,0
api_powder,2,1.5,1.84,0.295,0.99964,99.26,1.0,2.66,isocratic,11.7,0
api_powder,3,1.8,0.45,0.471,0.999296,101.22,0.89,2.69,gradient,25.2,0
coated_tablet,2,7.7,3.567,0.929,0.998493,97.57,1.17,1.59,gradient,8.6,1
coated_tablet,1,3.2,1.75,0.822,0.997718,100.38,0.81,2.13,isocratic,14.5,0
coated_tablet,2,4.2,0.82,0.726,0.997102,100.22,1.14,1.95,isocratic,9.2,0
cream,2,2.4,0.986,1.831,0.999904,99.28,0.88,2.69,gradient,18.0,1
suspension,3,1.6,0.56,0.382,0.999779,96.51,1.27,2.02,gradient,9.0,1
coated_tablet,1,2.7,1.028,0.776,0.998695,98.74,1.39,2.61,gradient,15.6,0
cream,3,1.5,0.836,0.601,0.999793,100.57,1.62,2.48,isocratic,19.0,0
cream,2,2.7,1.168,1.684,0.999591,100.17,0.8,2.24,isocratic,11.0,0
api_powder,0,9.5,0.761,0.4,0.999961,100.07,1.17,1.2,isocratic,12.0,0
cream,1,5.9,0.301,0.762,0.99992,101.02,0.9,2.29,isocratic,12.2,0
suspension,1,1.2,1.358,0.713,0.999144,99.19,1.4,2.48,gradient,12.6,0
cream,3,3.0,0.63,0.863,0.991948,99.37,1.11,2.4,isocratic,14.5,0
suspension,1,7.4,0.729,0.569,0.999688,97.54,0.84,2.71,gradient,9.5,1
suspension,2,4.9,0.37,1.974,0.99998,99.04,1.03,2.46,isocratic,7.4,0
cream,4,7.6,0.726,0.228,0.999802,101.02,1.75,2.14,gradient,17.8,1
coated_tablet,4,1.2,1.863,0.593,0.998394,100.74,1.55,2.72,isocratic,18.7,0
coated_tablet,1,2.4,0.421,0.29,0.999663,100.79,1.01,2.1,gradient,21.8,0
suspension,1,3.4,0.558,0.581,0.999713,99.66,1.44,2.85,isocratic,17.0,0
coated_tablet,2,9.1,2.064,1.054,0.99999,100.18,1.31,2.51,gradient,10.4,0
coated_tablet,1,5.0,1.824,0.318,0.999498,100.21,1.17,2.57,isocratic,15.3,0
coated_tablet,2,4.3,1.96,0.781,0.995896,100.26,1.22,2.72,isocratic,10.5,0
suspension,3,7.0,0.931,0.299,0.99999,99.19,0.8,2.95,isocratic,12.6,0
api_powder,0,2.9,1.39,0.431,0.99952,99.8,1.2,3.34,isocratic,11.0,0
suspension,2,4.5,1.293,0.358,0.998056,99.48,1.19,2.25,isocratic,11.4,0
api_powder,1,7.5,0.492,0.618,0.99999,98.89,0.84,2.28,isocratic,9.6,0
coated_tablet,2,7.2,3.361,0.363,0.999087,100.4,1.26,2.16,isocratic,11.5,0
suspension,1,6.4,0.394,0.831,0.998935,99.15,1.2,2.49,gradient,22.6,0
cream,2,3.1,4.168,0.926,0.999898,97.38,1.34,2.48,isocratic,9.9,1
api_powder,1,8.2,1.955,0.459,0.999869,99.45,1.16,3.3,isocratic,4.5,0
suspension,1,3.1,0.235,0.459,0.999759,100.68,1.67,2.88,isocratic,10.8,0
coated_tablet,1,7.1,0.215,0.407,0.999982,99.59,1.54,3.39,isocratic,8.0,0
suspension,1,4.1,0.252,0.23,0.999974,100.18,0.81,2.22,isocratic,11.7,0
coated_tablet,2,4.2,0.443,1.718,0.999774,98.67,1.1,2.05,isocratic,18.2,0
coated_tablet,0,4.2,0.261,0.418,0.99999,100.68,0.99,2.03,gradient,25.3,0
cream,0,1.1,3.854,0.987,0.999908,100.4,1.33,2.09,gradient,18.1,0
cream,2,8.1,1.405,0.259,0.999773,100.03,0.98,1.41,isocratic,8.3,1
cream,2,9.7,2.142,0.583,0.999892,100.34,0.82,3.08,gradient,16.1,1
cream,1,1.3,2.18,0.955,0.999262,100.85,1.24,2.1,gradient,23.2,0
api_powder,0,1.6,1.0,0.616,0.998245,99.36,1.36,2.47,isocratic,16.1,0
suspension,2,9.6,2.317,0.237,0.999767,101.52,1.07,2.61,isocratic,9.7,1
coated_tablet,1,1.2,2.92,0.687,0.999682,98.33,1.31,1.99,gradient,6.5,0
suspension,0,7.4,1.218,0.89,0.998913,104.09,1.25,2.54,gradient,17.8,1
coated_tablet,1,6.5,0.853,0.983,0.99999,100.69,1.45,2.12,isocratic,7.2,0
coated_tablet,1,2.0,0.57,0.498,1.0,100.3,0.8,1.72,isocratic,10.0,0
cream,3,7.5,2.893,0.461,0.998363,100.28,1.69,2.18,gradient,22.0,1
suspension,3,3.8,2.576,0.456,0.999978,100.16,1.17,2.41,gradient,3.1,0
suspension,0,5.3,3.213,0.198,0.999894,99.6,1.14,1.56,gradient,12.7,0
coated_tablet,1,9.4,1.774,0.644,0.999852,101.1,0.92,2.09,isocratic,19.0,0
api_powder,1,4.5,0.93,0.41,0.999321,99.0,1.18,2.68,isocratic,9.3,0
api_powder,2,9.8,1.739,0.781,0.99999,99.97,1.53,3.08,isocratic,10.7,0
coated_tablet,4,2.7,0.63,0.294,0.99999,100.07,1.31,2.54,gradient,10.3,0
api_powder,1,2.1,2.427,1.311,0.999928,100.19,1.05,3.1,isocratic,14.3,0
api_powder,4,8.2,1.406,0.521,0.999743,99.92,0.88,2.69,gradient,10.4,0
suspension,0,2.3,0.816,1.018,0.999934,100.86,1.0,2.51,isocratic,11.6,0
api_powder,1,3.1,0.82,0.525,1.0,98.86,0.94,2.85,isocratic,10.8,0
coated_tablet,0,4.3,0.97,0.371,1.0,100.23,1.07,2.45,isocratic,5.9,0
suspension,3,1.0,1.35,0.327,0.99999,100.16,1.12,1.97,gradient,13.6,0
coated_tablet,2,9.8,2.047,1.09,0.999539,100.19,1.17,3.19,isocratic,20.7,0
cream,1,6.6,1.119,0.864,0.998121,100.2,0.87,2.64,gradient,15.8,0
coated_tablet,1,2.3,0.73,0.622,0.996734,100.12,1.16,3.19,isocratic,9.3,0
suspension,1,8.5,1.863,0.427,0.999989,100.5,1.13,2.73,isocratic,11.2,0
coated_tablet,2,4.7,0.55,0.438,0.999723,97.56,1.1,2.72,isocratic,11.9,0
suspension,1,2.7,0.38,0.923,0.999593,99.96,1.52,1.8,gradient,15.0,0
api_powder,2,2.7,0.827,0.51,0.999623,99.88,0.95,2.15,isocratic,11.9,0
suspension,2,5.4,0.869,3.068,0.999895,99.74,1.45,2.66,isocratic,17.8,1
cream,3,4.5,1.96,0.71,0.990765,98.66,1.08,2.4,isocratic,10.5,1
coated_tablet,1,3.7,0.589,0.359,0.999926,99.34,0.9,1.72,isocratic,22.2,0
suspension,0,4.2,2.741,0.382,0.999979,99.91,0.94,2.22,gradient,15.7,0
coated_tablet,4,3.1,0.155,1.352,0.999813,100.07,1.1,1.74,isocratic,8.8,0
api_powder,1,3.7,1.67,0.42,0.999603,99.23,1.24,2.95,isocratic,9.8,0
suspension,1,7.4,0.546,0.591,0.999663,99.76,0.87,2.0,isocratic,10.2,0
coated_tablet,2,1.8,5.646,0.749,0.999987,99.67,1.33,2.77,gradient,21.4,0
api_powder,1,1.0,0.489,1.603,0.99999,98.0,1.24,2.65,isocratic,9.4,0
coated_tablet,1,6.1,1.019,0.902,0.999971,98.3,1.04,1.1,gradient,13.6,1
coated_tablet,2,5.3,1.338,1.247,0.998012,99.47,1.05,2.7,isocratic,13.5,0
suspension,3,1.4,1.005,0.431,0.999872,99.49,0.82,2.48,isocratic,23.7,0
coated_tablet,1,3.3,0.51,0.469,1.0,99.68,1.02,2.57,isocratic,11.2,0
suspension,1,2.5,0.875,0.311,0.999597,100.16,0.98,1.67,gradient,13.2,0
api_powder,0,8.9,0.657,0.999,0.999243,99.61,1.58,2.42,gradient,10.2,0
api_powder,3,5.8,0.819,0.372,0.99999,100.14,1.18,1.63,isocratic,25.0,0
suspension,0,8.4,0.279,1.286,0.999895,99.62,1.3,2.41,isocratic,9.1,0
api_powder,2,3.8,1.08,0.51,0.997759,100.68,0.94,2.21,isocratic,11.7,0
coated_tablet,1,4.1,1.62,0.562,0.997274,99.73,1.03,3.03,isocratic,11.0,0
coated_tablet,2,1.9,1.03,0.783,0.999545,100.8,1.3,2.93,isocratic,11.8,0
coated_tablet,2,5.9,0.215,1.553,0.996144,98.9,1.03,1.71,gradient,5.6,1
suspension,1,9.2,1.346,0.314,0.99999,100.12,0.8,2.1,isocratic,17.3,0
cream,2,7.9,0.918,0.577,0.999892,101.65,1.27,2.32,isocratic,10.8,1
suspension,2,9.3,0.922,0.309,0.997034,100.43,1.24,2.6,isocratic,12.4,0
cream,4,9.1,0.631,0.538,0.99802,101.35,1.08,2.34,isocratic,9.8,1
api_powder,2,7.6,0.485,0.374,0.997712,100.73,0.95,2.25,isocratic,11.0,0
api_powder,2,1.9,1.74,0.707,0.996989,100.04,0.9,1.91,isocratic,10.7,0
coated_tablet,2,2.1,1.167,0.859,0.998954,99.56,0.85,1.9,isocratic,5.6,0
suspension,2,3.9,1.198,0.793,0.99999,100.15,0.8,2.41,gradient,26.3,0
coated_tablet,1,3.8,0.631,1.116,0.99999,98.98,0.95,1.84,isocratic,17.4,0
api_powder,2,9.9,1.481,3.602,0.99999,99.43,0.92,1.9,isocratic,15.6,1
coated_tablet,3,3.4,0.28,0.146,0.999964,99.62,0.89,1.59,isocratic,8.0,0
coated_tablet,3,9.1,0.432,1.188,0.99999,99.94,0.9,1.69,isocratic,8.2,0
coated_tablet,1,5.9,0.947,0.769,0.99999,100.35,0.8,2.1,isocratic,19.9,0
api_powder,0,1.6,0.72,0.75,0.997383,99.74,1.45,2.2,isocratic,7.5,0
suspension,1,3.5,4.476,0.989,0.999907,99.56,0.8,2.94,isocratic,17.9,0
coated_tablet,3,3.1,1.68,1.407,0.99999,100.55,0.99,2.55,gradient,7.9,0
suspension,1,10.0,0.456,0.221,0.99999,99.61,1.12,2.92,isocratic,18.1,0
cream,0,8.7,1.128,0.349,0.999969,100.07,0.91,2.49,gradient,7.0,0
coated_tablet,2,7.8,1.27,1.103,0.99999,101.44,1.1,2.35,isocratic,5.0,0
cream,4,3.2,0.93,1.184,0.990189,98.44,1.25,2.29,isocratic,7.3,1
coated_tablet,2,6.2,1.049,1.679,0.999703,101.45,1.05,2.11,gradient,15.4,1
suspension,0,8.0,1.008,0.507,0.99982,100.02,1.18,2.26,gradient,18.4,0
suspension,3,6.4,0.372,0.321,0.999988,99.86,0.99,2.8,isocratic,14.3,0
cream,3,9.2,0.787,0.467,0.99999,99.36,1.52,2.53,gradient,6.9,1
suspension,1,5.2,0.614,2.302,0.999805,98.72,1.37,2.15,isocratic,16.4,1
coated_tablet,1,1.5,1.09,0.841,1.0,100.24,1.41,1.71,isocratic,9.8,0
coated_tablet,1,9.6,2.41,1.013,0.99999,102.01,1.18,2.11,gradient,9.1,1
suspension,3,7.0,1.842,0.718,0.999974,100.32,1.26,1.94,gradient,8.8,0
suspension,2,7.7,2.619,1.038,0.999918,100.37,0.8,2.64,isocratic,13.8,0
coated_tablet,2,9.3,0.595,0.979,0.999747,100.06,1.55,2.53,isocratic,19.0,0
api_powder,2,4.4,0.763,0.918,0.999851,98.94,1.7,2.39,gradient,16.1,0
cream,1,6.1,0.356,0.446,0.999938,102.05,0.8,2.12,isocratic,9.1,1
cream,1,6.1,0.605,1.392,0.999913,98.73,0.96,2.22,isocratic,19.1,0
coated_tablet,3,3.6,1.389,0.819,0.99992,98.59,1.4,2.15,isocratic,10.5,0
coated_tablet,2,5.0,0.952,0.481,0.999957,100.02,0.91,2.01,isocratic,8.5,0
cream,3,2.7,1.82,1.222,0.99403,99.64,1.26,2.52,isocratic,12.6,0
cream,3,4.9,1.789,1.895,0.99999,101.56,0.99,2.66,isocratic,11.0,1
api_powder,1,3.3,0.82,0.635,0.998604,99.87,1.13,2.15,isocratic,10.2,0
api_powder,1,3.8,2.463,0.776,0.99999,99.59,1.06,2.22,isocratic,9.9,0
suspension,4,10.0,1.285,0.53,0.99994,98.83,1.19,1.92,isocratic,6.9,1
api_powder,0,5.3,0.994,1.108,0.99999,96.84,1.06,2.31,isocratic,22.2,1
api_powder,1,4.3,3.345,0.439,0.99999,100.96,1.05,1.57,gradient,10.7,0
coated_tablet,2,3.3,1.71,0.61,1.0,100.57,1.38,2.1,isocratic,8.9,0
api_powder,1,7.8,1.775,0.655,0.999883,99.81,1.36,1.3,gradient,14.0,1
coated_tablet,4,5.5,0.277,0.558,0.999383,100.86,1.25,2.53,gradient,13.3,0
api_powder,1,7.1,0.375,1.815,0.99999,99.67,0.8,1.94,gradient,9.4,1
api_powder,1,8.9,1.242,0.478,0.99999,98.46,0.98,1.89,isocratic,39.9,1
suspension,1,1.6,1.441,1.693,0.999896,99.22,1.0,2.23,gradient,14.6,0
coated_tablet,2,4.6,1.818,0.364,0.999949,101.22,0.98,1.96,isocratic,14.0,0
cream,4,1.0,1.9,1.279,0.992067,98.85,1.35,2.98,isocratic,19.5,1
api_powder,1,7.2,0.71,0.175,0.99999,101.59,0.87,1.52,gradient,7.7,1
cream,1,5.4,0.824,1.941,0.9999,99.21,1.51,1.22,isocratic,7.7,1
coated_tablet,2,9.6,0.363,0.376,0.99999,100.01,1.14,1.44,isocratic,11.3,1
coated_tablet,3,5.0,0.842,0.628,0.999965,100.31,1.48,2.69,isocratic,26.1,0
coated_tablet,2,8.9,1.808,0.228,0.999759,99.84,1.32,2.39,gradient,16.8,0
api_powder,1,4.4,1.663,0.334,0.99999,100.13,0.94,1.96,gradient,24.5,0
coated_tablet,3,3.3,1.04,0.095,0.999965,101.15,1.41,2.12,gradient,10.2,0
coated_tablet,2,3.4,0.361,1.115,0.999985,101.6,1.07,1.85,isocratic,13.4,0
suspension,2,2.6,1.581,0.925,0.99999,101.03,1.13,2.67,isocratic,4.5,0
cream,2,1.2,0.438,0.197,0.999877,100.55,1.18,1.63,isocratic,8.2,0
coated_tablet,3,6.6,1.285,0.222,0.999987,99.85,1.38,2.06,isocratic,42.8,0
api_powder,3,3.2,0.458,0.668,0.997456,98.19,1.19,0.69,gradient,4.7,1
coated_tablet,4,9.8,0.241,0.283,0.99999,98.65,1.57,2.38,gradient,7.3,1
coated_tablet,0,9.3,0.64,0.573,0.999525,102.09,1.14,2.5,isocratic,11.9,1
api_powder,2,9.0,0.587,1.202,0.999987,100.6,1.45,2.22,gradient,20.3,0
suspension,1,6.1,0.761,0.261,0.999169,98.92,1.19,2.24,isocratic,10.5,0
api_powder,2,8.8,0.295,0.321,0.99999,101.24,1.29,1.47,gradient,24.2,1
coated_tablet,3,1.5,1.032,0.377,0.99999,101.62,1.69,2.36,isocratic,21.8,0
cream,2,6.2,0.976,0.423,0.99999,101.37,0.8,1.91,isocratic,9.2,0
coated_tablet,0,3.9,1.93,0.068,0.998945,100.64,0.86,2.73,isocratic,13.7,0
api_powder,4,1.6,0.315,0.631,0.999752,101.99,1.87,2.45,gradient,36.0,1
api_powder,2,6.1,1.372,0.179,0.997403,100.71,0.8,2.38,isocratic,13.2,0
coated_tablet,2,3.6,1.9,0.481,0.999953,100.96,1.07,2.41,isocratic,13.2,0
coated_tablet,2,9.2,0.597,0.482,0.999958,99.3,1.23,1.67,gradient,9.0,0
coated_tablet,1,5.2,1.891,1.775,0.99999,99.33,1.08,2.97,isocratic,15.8,0
cream,2,9.4,0.408,0.244,0.999276,99.59,1.26,3.12,isocratic,28.6,0
coated_tablet,2,6.6,2.799,0.892,0.998415,100.15,1.17,2.14,isocratic,4.4,0
coated_tablet,1,6.6,3.065,0.716,0.99999,99.91,1.12,2.29,isocratic,3.0,0
coated_tablet,2,2.8,1.01,0.328,1.0,100.78,1.2,2.38,isocratic,12.3,0
cream,4,1.9,1.0,1.353,0.99132,98.69,1.24,2.52,isocratic,16.6,1
suspension,4,1.6,0.395,0.541,0.999957,100.74,0.8,2.29,isocratic,14.0,0
coated_tablet,3,7.0,0.489,1.232,0.999192,100.63,1.38,3.0,isocratic,15.0,0
api_powder,1,5.6,1.872,2.068,0.99999,100.41,1.22,2.39,gradient,9.0,0
cream,3,8.4,3.273,0.327,0.999961,99.63,1.05,2.1,isocratic,8.9,0
suspension,1,3.4,0.506,0.508,0.99999,103.08,0.8,2.92,gradient,18.4,1
coated_tablet,4,8.8,1.167,0.56,0.999755,100.39,1.14,3.04,isocratic,13.4,0
cream,1,8.2,0.373,0.403,0.99998,100.54,0.91,2.08,gradient,15.4,0
coated_tablet,2,4.2,1.005,0.48,0.999983,101.19,1.27,2.79,isocratic,7.9,0
suspension,1,2.4,0.32,0.609,0.999988,101.9,1.6,2.66,isocratic,25.6,0
coated_tablet,2,8.0,0.921,0.889,0.99999,99.74,0.8,1.68,isocratic,7.0,0
api_powder,2,2.2,1.58,2.036,0.99999,99.57,1.33,2.44,isocratic,15.8,0
cream,4,2.2,1.83,1.245,0.9968,99.46,1.3,2.97,isocratic,11.5,0
suspension,3,1.3,0.84,1.053,0.99999,101.42,0.9,2.63,gradient,4.6,0
api_powder,1,8.5,0.648,0.358,0.999811,100.42,1.13,2.44,gradient,13.1,0
api_powder,2,1.9,0.393,0.499,0.999982,99.77,1.83,1.92,isocratic,6.8,0
suspension,4,4.3,0.352,1.188,0.99999,99.89,1.15,2.57,gradient,10.4,0
suspension,2,9.3,3.667,1.17,0.99999,100.33,1.03,2.27,isocratic,7.0,0
coated_tablet,2,5.2,0.498,0.581,0.999972,101.12,1.71,1.19,isocratic,9.9,0
suspension,3,9.0,1.668,0.286,0.999905,99.18,0.9,2.6,isocratic,6.1,0
cream,3,4.1,0.82,1.238,0.995864,98.08,1.47,2.65,isocratic,18.2,1
api_powder,0,4.0,0.7,0.775,0.999473,98.67,1.11,2.43,isocratic,16.3,0
api_powder,2,3.5,2.398,1.335,0.999857,100.57,2.06,2.17,isocratic,12.2,0
coated_tablet,2,1.6,1.28,0.539,0.998188,100.09,1.59,2.49,isocratic,7.9,0
suspension,2,3.8,0.675,1.242,0.999941,100.3,0.84,1.19,isocratic,11.0,1
suspension,1,4.1,0.725,0.739,0.999685,99.08,1.29,2.67,isocratic,7.5,0
coated_tablet,2,2.7,2.037,0.601,0.999894,99.0,1.24,2.04,gradient,10.4,0
coated_tablet,1,4.2,0.8,1.107,0.996023,100.33,1.42,1.75,gradient,16.5,0
suspension,0,1.7,0.258,1.06,0.998596,100.86,1.17,2.04,isocratic,13.3,0
coated_tablet,1,1.4,0.68,0.427,0.999487,98.3,0.8,2.69,gradient,12.0,0
cream,1,6.8,1.417,0.273,0.999732,99.61,0.96,1.08,gradient,21.3,1
coated_tablet,2,3.8,0.208,0.334,0.999069,98.99,1.41,2.41,gradient,18.2,0
suspension,1,4.1,0.788,0.671,0.999819,98.87,1.37,2.34,isocratic,36.8,0
api_powder,1,4.7,1.365,0.284,0.999175,98.54,1.44,2.16,gradient,3.8,0
coated_tablet,2,8.2,2.045,0.762,0.999416,99.67,1.76,1.37,gradient,9.3,1
suspension,2,1.3,0.306,0.78,0.99999,100.75,1.21,2.99,isocratic,4.8,0
cream,1,6.7,1.283,0.514,0.999461,99.36,0.93,3.03,gradient,15.6,0
cream,1,2.2,0.328,0.255,0.999657,100.2,1.58,2.72,gradient,13.9,0
coated_tablet,2,6.3,1.567,0.464,0.999863,99.22,0.91,2.83,gradient,13.5,0
suspension,2,8.6,0.936,0.438,0.999983,99.06,0.8,2.9,isocratic,6.3,0
coated_tablet,1,5.4,1.056,0.302,0.99999,100.8,1.0,2.68,gradient,7.4,0
suspension,1,4.0,0.869,0.489,0.999802,101.71,0.82,1.45,gradient,14.6,1
suspension,2,8.5,1.16,0.777,0.999189,98.93,0.96,2.1,isocratic,20.0,1
cream,4,2.2,1.32,1.255,0.990899,99.09,1.0,2.85,isocratic,18.5,0
cream,1,9.3,1.974,0.766,0.99999,101.63,0.9,2.31,isocratic,12.2,1
api_powder,1,7.7,0.601,2.086,0.99999,100.46,1.73,2.31,isocratic,16.8,1
suspension,2,3.9,1.776,0.945,0.999601,100.29,0.93,3.76,gradient,9.3,0
api_powder,3,1.0,1.046,1.977,0.999668,100.8,1.02,2.2,isocratic,26.2,0
coated_tablet,0,1.9,1.025,0.308,0.99999,101.66,1.13,2.85,isocratic,21.8,0
cream,2,2.6,2.129,0.758,0.999701,98.27,0.8,2.61,gradient,4.0,1
coated_tablet,0,4.0,1.91,0.317,1.0,100.35,1.26,2.4,isocratic,11.7,0
coated_tablet,3,7.2,1.148,0.22,0.99999,99.61,1.11,2.18,gradient,7.0,0
suspension,2,5.3,0.558,1.105,0.999962,99.71,0.99,2.14,isocratic,7.7,0
api_powder,1,2.5,2.284,0.687,0.998361,99.5,0.94,2.01,isocratic,6.3,0
coated_tablet,3,5.6,2.115,0.655,0.999519,99.87,1.08,1.38,gradient,14.9,1
coated_tablet,1,9.4,0.848,0.758,0.99999,99.13,0.98,1.9,gradient,31.0,1
coated_tablet,2,5.1,1.024,0.687,0.999645,100.57,0.86,2.22,isocratic,5.4,0
cream,2,2.2,0.577,0.575,0.997464,100.99,0.8,2.44,isocratic,19.9,0
suspension,1,4.4,0.449,0.647,0.99999,98.13,1.11,2.78,isocratic,25.9,0
cream,1,9.4,0.285,0.385,0.999965,101.33,0.85,2.73,isocratic,8.3,0
suspension,0,4.8,0.526,0.533,0.99943,101.8,1.02,2.69,isocratic,22.0,0
suspension,3,6.8,1.741,3.062,0.99999,99.52,0.88,2.72,gradient,14.7,1
coated_tablet,2,1.0,3.158,0.912,0.999644,99.11,1.15,1.76,isocratic,29.4,0
api_powder,1,6.1,1.092,0.383,0.99999,100.47,1.42,2.2,gradient,14.7,0
cream,2,1.5,1.955,0.576,0.999373,99.31,1.09,1.78,isocratic,18.5,0
suspension,4,2.4,2.067,0.271,0.99999,100.01,0.91,2.31,isocratic,26.4,0
suspension,3,8.1,5.615,0.491,0.99999,100.24,1.19,1.67,gradient,7.1,1
suspension,1,8.2,0.044,0.872,0.999934,99.74,0.8,2.15,isocratic,15.0,0
coated_tablet,2,3.0,1.28,0.544,0.999968,99.84,1.28,2.93,isocratic,11.1,0
suspension,3,1.9,2.489,0.29,0.99999,99.26,1.43,2.94,gradient,23.9,0
suspension,3,7.4,1.533,0.741,0.998868,100.33,1.21,2.28,isocratic,19.7,0
api_powder,1,10.0,1.699,0.729,0.999951,100.98,0.92,2.13,gradient,14.3,0
suspension,2,8.1,0.66,0.461,0.99999,99.29,1.35,2.02,isocratic,11.5,0
coated_tablet,2,3.8,5.203,0.659,0.99999,102.06,0.94,2.48,isocratic,10.6,0
coated_tablet,2,8.8,4.352,0.655,0.999976,101.74,1.05,1.6,isocratic,5.3,1
coated_tablet,2,3.3,0.671,0.308,0.998728,100.64,1.44,1.57,gradient,13.6,0
coated_tablet,3,3.1,1.598,0.448,0.99999,99.5,1.17,1.72,isocratic,11.0,0
coated_tablet,2,5.3,1.829,1.971,0.999884,100.85,1.22,1.82,isocratic,15.2,0
api_powder,2,9.8,2.308,0.334,0.999901,100.77,1.09,1.17,isocratic,9.9,0
api_powder,1,7.3,0.274,0.844,0.999865,102.09,0.85,1.95,isocratic,12.8,1
suspension,1,5.2,0.931,0.758,0.99999,99.65,0.8,2.04,gradient,15.2,0
coated_tablet,2,3.5,1.82,0.694,0.998678,99.55,1.05,2.87,isocratic,5.9,0
suspension,1,6.5,0.537,1.103,0.999421,99.22,0.95,2.68,gradient,16.2,0
coated_tablet,2,1.9,2.156,0.868,0.99999,99.92,0.84,2.3,gradient,6.2,0
api_powder,2,1.6,2.429,1.399,0.997579,100.52,0.86,2.52,gradient,9.8,0
api_powder,0,7.2,0.65,1.673,0.998479,101.4,0.93,2.09,isocratic,12.2,1
cream,1,4.8,1.644,0.536,0.999983,99.96,0.92,2.2,isocratic,28.8,0
coated_tablet,1,5.4,1.029,0.242,0.99999,100.59,1.28,1.7,isocratic,27.4,0
cream,4,2.5,0.804,1.593,0.999986,98.75,1.07,1.54,gradient,9.9,1
coated_tablet,2,1.2,1.131,0.729,0.999989,100.7,0.95,2.5,isocratic,14.2,0
coated_tablet,3,6.1,1.176,0.463,0.99999,98.74,1.12,2.62,isocratic,6.8,0
coated_tablet,1,1.9,1.5,0.084,0.999421,99.79,0.8,2.66,isocratic,8.9,0
coated_tablet,2,6.0,1.14,0.87,0.99989,99.66,0.85,2.74,isocratic,7.5,0
coated_tablet,0,3.1,1.32,0.746,0.999578,99.71,0.96,3.36,isocratic,9.5,0
coated_tablet,2,6.2,1.339,0.333,0.999923,101.45,0.98,1.84,isocratic,9.4,0
coated_tablet,0,3.2,1.886,0.998,0.999848,100.3,1.09,1.83,isocratic,8.6,0
api_powder,1,4.7,1.956,1.075,0.99926,99.4,1.22,2.29,isocratic,9.3,0
suspension,0,5.1,0.341,0.455,0.999401,98.01,1.18,2.77,isocratic,5.4,0
coated_tablet,3,2.4,0.449,0.897,0.999987,98.97,1.53,1.52,isocratic,14.4,0
coated_tablet,0,3.0,0.67,0.744,0.999621,99.78,1.44,2.82,isocratic,10.9,0
cream,1,3.2,0.911,0.532,0.999918,99.82,1.3,3.48,isocratic,8.3,0
coated_tablet,2,1.3,2.84,0.913,0.99999,99.66,0.8,3.67,isocratic,11.0,0
cream,1,5.7,0.34,0.323,0.998029,98.47,1.53,3.2,gradient,9.7,1
api_powder,1,2.8,0.843,0.284,0.999899,99.98,1.01,2.42,isocratic,10.7,0
coated_tablet,3,9.9,1.399,0.745,0.99999,99.2,0.88,2.64,gradient,7.4,0
cream,4,4.6,4.965,0.673,0.998729,100.12,1.05,2.37,gradient,8.9,0
api_powder,2,8.0,1.168,0.503,0.999475,98.68,1.09,2.61,gradient,5.2,0
suspension,4,5.9,1.347,0.386,0.99999,99.71,1.48,2.44,isocratic,17.1,0
api_powder,0,3.4,0.6,0.346,1.0,99.44,1.19,1.99,isocratic,8.1,0
coated_tablet,0,9.0,2.003,0.841,0.999643,98.38,1.59,2.66,isocratic,7.2,1
suspension,1,7.2,2.011,0.696,0.99999,100.05,1.6,1.7,gradient,31.2,1
cream,4,8.2,2.696,1.119,0.99999,100.17,0.8,2.19,gradient,16.5,1
cream,1,6.9,0.16,0.973,0.999911,100.79,0.86,2.99,isocratic,18.9,0
api_powder,0,6.7,0.946,0.299,0.99999,99.95,1.01,3.13,gradient,11.6,0
cream,3,1.8,0.79,1.019,0.993448,99.02,0.92,2.32,isocratic,13.6,1
api_powder,1,5.2,3.176,0.418,0.99999,101.1,1.58,2.4,isocratic,9.9,0
coated_tablet,0,3.1,1.2,0.938,0.997586,99.99,1.15,1.87,isocratic,10.7,0
cream,2,3.0,1.28,1.072,0.991997,98.66,1.11,3.21,isocratic,21.3,1
suspension,0,4.0,0.929,0.565,0.997165,99.63,1.04,2.06,isocratic,10.3,0
cream,3,1.5,7.231,0.425,0.99999,99.92,1.33,2.84,isocratic,13.8,0
suspension,4,2.5,1.441,0.583,0.999691,101.04,1.0,2.91,isocratic,20.4,0
api_powder,1,4.0,1.187,1.801,0.999914,101.13,0.8,2.75,gradient,8.2,0
coated_tablet,3,1.3,0.699,0.271,0.99999,101.0,1.66,1.35,isocratic,25.2,1
suspension,2,9.8,1.382,0.446,0.99999,101.17,1.17,1.97,gradient,20.8,0
coated_tablet,0,3.5,0.68,0.369,0.99999,100.36,1.15,2.26,isocratic,8.2,0
cream,2,6.7,0.094,0.892,0.999126,101.3,0.99,3.08,isocratic,4.7,0
coated_tablet,4,9.3,0.716,0.46,0.99999,102.03,1.4,2.28,isocratic,9.0,1
api_powder,1,3.2,1.77,0.875,0.999907,100.09,1.12,2.71,isocratic,10.9,0
api_powder,3,6.7,0.938,1.222,0.999666,97.65,0.8,2.64,isocratic,10.2,1
coated_tablet,2,3.3,1.78,0.171,0.997859,99.97,1.22,2.52,isocratic,7.7,0
coated_tablet,1,4.8,1.93,0.502,0.998996,100.4,1.14,2.31,isocratic,9.1,0
suspension,0,5.9,0.511,2.902,0.999814,100.25,0.87,1.89,isocratic,7.0,1
coated_tablet,3,9.9,2.635,0.437,0.99999,99.57,0.96,2.16,isocratic,9.3,0
coated_tablet,1,3.1,0.325,1.047,0.99999,100.6,1.21,2.23,isocratic,20.9,0
coated_tablet,1,2.1,0.837,0.286,0.999265,99.95,1.49,2.55,isocratic,12.1,0
cream,4,6.8,0.434,0.378,0.99999,100.2,0.92,2.29,isocratic,18.4,0
api_powder,4,1.7,0.276,0.227,0.999722,99.2,1.28,2.56,isocratic,20.5,0
coated_tablet,1,8.1,1.851,0.474,0.999909,99.94,0.8,2.0,gradient,12.4,0
coated_tablet,1,3.7,1.93,0.669,0.997715,100.16,1.2,2.57,isocratic,6.7,0
api_powder,3,6.9,1.48,0.864,0.998911,99.51,1.32,2.16,gradient,15.7,0
suspension,4,3.1,0.75,0.57,0.999798,101.5,1.24,2.91,isocratic,12.9,0
cream,3,7.2,0.229,0.761,0.99999,101.57,1.22,2.78,isocratic,10.8,1
api_powder,0,3.6,0.379,1.216,0.99744,99.8,1.34,1.86,isocratic,12.2,0
api_powder,2,9.9,0.393,0.931,0.999722,100.61,1.11,2.58,gradient,9.4,0
coated_tablet,2,7.9,1.716,0.512,0.999877,99.22,0.98,3.16,isocratic,5.3,0
suspension,2,4.8,0.369,0.328,0.99999,99.56,1.22,2.05,isocratic,9.2,0
suspension,1,9.4,0.748,0.635,0.99999,99.34,1.17,2.42,isocratic,12.8,0
cream,1,5.9,0.562,0.565,0.999892,100.27,0.82,2.74,gradient,8.7,0
api_powder,2,1.8,4.843,0.418,0.998862,98.54,1.01,2.69,isocratic,10.4,0
coated_tablet,1,9.4,0.895,1.069,0.99999,98.05,0.94,2.88,isocratic,5.9,1
coated_tablet,1,8.6,0.609,0.32,0.99999,100.8,0.94,2.51,gradient,9.2,0
suspension,1,7.3,1.591,0.632,0.998791,98.44,1.22,1.93,isocratic,15.6,1
api_powder,2,5.0,0.385,0.664,0.99999,99.32,0.8,1.96,isocratic,11.0,0
cream,2,2.5,1.26,1.125,0.995812,99.09,1.07,2.89,isocratic,13.4,0
coated_tablet,1,3.3,1.529,1.304,0.999569,99.86,1.01,1.35,gradient,27.7,0
cream,3,3.5,0.615,0.268,0.999974,100.45,1.66,2.87,isocratic,4.9,0
suspension,2,6.5,0.693,0.692,0.99999,99.07,0.84,1.92,gradient,8.6,0
coated_tablet,1,4.8,0.99,0.77,1.0,100.05,1.06,2.51,isocratic,11.6,0
suspension,2,9.7,2.438,0.609,0.99999,102.76,1.83,2.44,gradient,10.9,1
coated_tablet,1,7.4,0.632,1.066,0.99999,99.35,0.96,3.3,isocratic,12.0,0
suspension,1,4.3,0.12,0.503,0.99999,101.33,1.71,1.53,isocratic,5.8,0
cream,1,5.0,1.33,2.23,0.999654,101.68,0.8,2.38,gradient,8.1,1
api_powder,3,1.4,0.806,0.507,0.99999,100.13,1.15,2.81,gradient,14.2,0
cream,1,6.7,0.769,0.612,0.999974,100.19,0.85,2.35,isocratic,8.1,0
suspension,2,2.1,0.455,0.403,0.999896,100.36,2.53,1.97,gradient,12.2,1
coated_tablet,3,8.2,2.591,0.532,0.999707,101.04,1.22,2.28,isocratic,31.9,1
coated_tablet,1,2.3,1.46,0.338,0.999822,99.05,1.25,2.5,isocratic,10.1,0
suspension,1,6.0,0.713,0.594,0.99999,99.51,1.02,2.83,gradient,10.5,0
api_powder,1,2.7,0.688,1.183,0.99999,99.91,1.71,1.61,gradient,19.6,0
coated_tablet,1,6.9,2.378,0.825,0.999985,100.96,1.11,3.06,isocratic,11.8,0
coated_tablet,1,1.1,0.592,0.924,0.998861,101.01,1.23,1.78,gradient,18.2,0
suspension,1,3.4,0.997,0.658,0.99999,100.02,0.8,2.08,gradient,24.8,0
cream,0,2.7,1.55,0.239,0.999989,101.52,1.31,2.28,isocratic,12.9,0
coated_tablet,4,3.6,1.709,0.639,0.999501,99.38,1.22,2.34,isocratic,6.8,0
cream,1,6.7,0.224,0.472,0.999986,100.45,0.95,2.7,gradient,6.9,0
coated_tablet,1,3.7,0.225,1.074,0.99999,99.02,1.14,2.27,isocratic,14.4,0
coated_tablet,2,1.1,0.958,0.513,0.99999,101.92,1.64,1.84,gradient,16.0,1
coated_tablet,1,4.1,2.26,0.24,0.99999,100.55,0.8,1.87,isocratic,15.8,0
api_powder,1,3.4,0.268,0.334,0.99999,100.88,1.55,2.46,gradient,20.2,0
api_powder,2,2.6,0.438,0.601,0.998625,98.32,0.8,2.56,isocratic,19.9,0
cream,1,9.0,0.997,0.636,0.999848,99.69,0.8,2.81,isocratic,9.0,0
suspension,3,6.0,1.804,0.67,0.99999,101.79,1.21,2.57,gradient,10.7,1
coated_tablet,1,1.2,0.623,0.377,0.999977,100.41,0.89,2.24,gradient,13.5,0
cream,2,1.6,0.493,0.513,0.999924,99.53,0.97,2.52,isocratic,6.8,0
coated_tablet,4,3.2,0.995,0.696,0.999958,102.35,1.63,2.88,gradient,20.7,1
cream,1,6.9,1.306,1.075,0.999957,98.78,1.09,1.69,isocratic,20.9,0
suspension,1,1.4,1.148,0.508,0.999923,101.08,1.07,1.42,isocratic,10.1,1
coated_tablet,0,4.6,3.402,0.695,0.998656,101.35,0.89,2.2,isocratic,7.9,0
coated_tablet,2,2.1,1.87,0.507,1.0,99.13,1.39,2.38,isocratic,12.2,0
coated_tablet,2,2.7,0.344,1.874,0.999976,99.76,0.82,3.14,gradient,6.8,0
coated_tablet,1,4.8,1.431,0.766,0.999809,99.63,0.8,2.02,isocratic,18.9,0
coated_tablet,0,4.4,1.73,0.647,0.997735,100.96,1.12,3.02,isocratic,10.2,0
coated_tablet,4,5.0,0.437,0.117,0.999122,99.58,0.94,2.04,gradient,10.2,0
suspension,2,4.1,0.162,0.625,0.99914,100.82,0.8,1.9,isocratic,15.2,0
suspension,2,5.1,3.059,0.227,0.999831,100.98,1.04,1.94,gradient,7.5,0
cream,2,5.3,0.523,0.804,0.99999,99.79,0.93,2.48,isocratic,16.8,0
api_powder,2,5.0,0.765,2.204,0.998542,99.78,1.01,2.07,gradient,11.2,1
coated_tablet,2,1.0,2.339,0.694,0.999843,98.97,1.6,1.73,gradient,12.6,1
cream,2,1.6,3.655,0.442,0.999588,100.7,1.09,2.34,isocratic,11.1,0
api_powder,2,3.2,1.432,0.216,0.99857,98.85,1.8,2.83,gradient,11.6,0
coated_tablet,2,7.5,4.136,0.105,0.998689,101.24,0.87,1.8,isocratic,14.0,1
api_powder,3,6.3,0.201,0.294,0.9998,102.04,0.85,2.05,isocratic,3.7,1
suspension,1,5.5,3.823,0.343,0.99999,100.87,0.99,2.19,gradient,8.9,0
coated_tablet,3,1.8,0.11,1.245,0.99999,100.95,1.1,2.75,gradient,13.5,0
api_powder,1,3.5,0.94,0.732,0.997197,100.36,0.98,2.6,isocratic,10.8,0
api_powder,3,3.2,0.89,1.568,0.999714,99.87,1.37,2.16,isocratic,9.0,0
coated_tablet,0,4.9,1.95,0.451,1.0,100.63,1.02,2.87,isocratic,7.6,0
coated_tablet,2,8.9,0.937,0.301,0.999929,101.85,1.0,2.89,gradient,5.6,0
suspension,1,4.6,0.121,1.348,0.998571,99.06,0.92,2.6,isocratic,20.0,0
coated_tablet,2,7.4,1.263,0.472,0.999325,99.33,1.22,2.69,isocratic,7.3,0
api_powder,2,6.8,2.905,0.567,0.999685,100.68,1.29,1.67,gradient,7.5,0
cream,4,6.1,0.91,0.127,0.99999,100.84,0.87,3.22,isocratic,9.4,0
coated_tablet,4,9.9,0.384,1.088,0.99999,98.76,0.84,2.47,gradient,7.5,1
coated_tablet,1,9.0,0.846,0.548,0.999104,100.08,1.01,2.24,gradient,6.9,0
suspension,3,9.8,1.081,0.5,0.999917,99.69,0.97,1.37,isocratic,10.1,1
cream,2,1.2,0.234,0.59,0.999379,99.56,0.92,2.16,gradient,27.5,0
suspension,3,1.4,0.557,1.141,0.999985,101.35,0.98,2.65,isocratic,28.0,0
suspension,1,6.0,1.41,0.819,0.99999,100.03,1.56,2.61,isocratic,27.4,0
cream,3,3.9,1.83,1.226,0.994331,100.84,1.32,2.22,isocratic,17.9,0
coated_tablet,4,6.5,1.313,0.311,0.999795,100.71,1.19,1.87,gradient,11.6,0
coated_tablet,3,4.8,0.626,0.694,0.999506,102.06,0.85,2.89,gradient,9.7,1
suspension,0,5.3,0.433,0.655,0.99999,98.9,1.39,2.51,isocratic,16.0,0
coated_tablet,2,4.6,1.923,0.376,0.99992,99.42,0.93,1.46,gradient,9.8,0
cream,0,2.7,0.531,1.582,0.99999,100.48,1.38,2.27,isocratic,7.7,0
api_powder,1,2.3,0.322,0.264,0.999903,100.03,1.11,2.57,gradient,21.0,0
suspension,4,9.7,2.267,0.795,0.999964,102.07,1.21,1.46,isocratic,11.3,1
coated_tablet,3,1.1,0.182,0.492,0.999904,100.05,1.52,2.64,gradient,20.1,0
suspension,4,3.4,0.52,0.243,0.99999,99.8,1.07,2.26,isocratic,22.6,0
suspension,4,2.4,0.278,1.099,0.999103,98.39,0.85,2.95,gradient,21.7,1
api_powder,2,5.3,1.089,0.661,0.999465,100.14,1.2,2.98,isocratic,15.6,0
api_powder,2,2.5,1.242,0.607,0.999776,97.93,1.4,2.0,gradient,14.3,0
api_powder,4,6.3,0.938,1.235,0.99999,100.73,1.09,3.31,gradient,17.4,0
suspension,0,8.1,1.667,0.43,0.999937,99.63,1.04,2.77,isocratic,9.5,0
cream,2,8.1,4.242,0.635,0.998891,100.66,0.8,2.24,isocratic,4.4,0
coated_tablet,2,6.7,0.875,0.353,0.999465,100.27,2.02,2.23,gradient,9.9,0
coated_tablet,1,7.7,0.347,0.738,0.999606,99.09,1.11,2.07,isocratic,11.5,0
coated_tablet,0,7.8,0.394,0.365,0.999794,100.52,1.1,1.93,isocratic,19.0,0
api_powder,1,3.5,1.12,0.217,1.0,99.44,1.41,2.39,isocratic,8.1,0
coated_tablet,2,1.5,0.974,0.327,0.999932,100.41,1.28,2.78,gradient,8.1,0
cream,2,5.6,1.756,0.604,0.99987,100.5,1.03,1.95,isocratic,11.0,1
cream,3,1.6,1.15,1.269,0.995916,99.16,0.9,2.07,isocratic,16.2,0
coated_tablet,2,7.3,3.97,0.354,0.999978,100.39,0.8,3.52,isocratic,19.2,0
coated_tablet,2,5.5,0.432,1.308,0.999734,99.41,1.03,3.0,gradient,37.9,0
coated_tablet,1,1.7,3.816,0.714,0.999892,99.89,1.33,1.91,gradient,6.1,0
cream,4,6.3,0.554,0.149,0.99952,100.76,1.09,1.64,gradient,7.0,1
coated_tablet,2,5.7,0.375,3.23,0.99999,100.89,0.8,2.32,gradient,10.7,1
coated_tablet,1,4.6,0.788,0.522,0.999358,99.95,1.29,1.93,gradient,5.5,0
suspension,2,6.3,0.826,0.689,0.999983,98.58,1.32,1.94,gradient,8.3,0
suspension,4,4.1,0.616,0.238,0.997738,99.44,1.13,2.68,gradient,16.0,0
suspension,4,6.4,1.209,0.267,0.999569,100.88,0.87,2.16,isocratic,11.9,0
cream,1,6.6,1.329,0.715,0.999542,99.58,0.85,2.54,gradient,13.3,0
coated_tablet,1,1.7,0.621,0.492,0.99999,99.75,1.23,2.32,isocratic,20.6,0
coated_tablet,3,4.9,0.69,0.609,0.99999,99.4,1.11,1.35,isocratic,32.2,1
cream,4,4.6,2.745,0.365,0.999971,99.47,1.04,2.29,isocratic,30.9,0
api_powder,3,5.2,1.105,0.207,0.999595,99.51,1.2,2.37,gradient,5.8,0
api_powder,2,5.0,1.828,0.32,0.998649,99.5,1.13,2.33,isocratic,24.2,0
suspension,4,4.5,0.339,0.724,0.999259,98.09,1.0,2.6,isocratic,7.1,0
suspension,2,8.4,0.559,0.964,0.999937,100.42,0.99,1.91,gradient,10.6,1
api_powder,4,4.9,0.247,0.433,0.999902,99.93,0.8,1.65,gradient,12.7,0
coated_tablet,1,9.9,1.475,0.244,0.999968,99.38,0.94,2.1,gradient,8.2,0
coated_tablet,1,1.2,1.132,0.687,0.999182,99.08,0.96,2.3,isocratic,23.9,0
suspension,2,2.4,2.501,0.456,0.998562,100.51,0.94,2.29,isocratic,13.2,0
suspension,1,8.7,0.62,0.545,0.99999,99.38,1.36,2.93,isocratic,5.1,0
api_powder,3,4.9,1.602,0.627,0.999988,102.25,0.85,2.19,isocratic,8.9,1
coated_tablet,2,3.4,0.855,0.555,0.999966,98.78,1.44,2.3,gradient,10.8,0
coated_tablet,2,9.8,1.386,0.265,0.999588,99.72,1.01,2.22,isocratic,28.4,0
coated_tablet,1,6.1,0.346,1.067,0.99999,99.8,1.39,1.94,isocratic,23.1,0
coated_tablet,1,1.7,2.111,0.485,0.999872,101.46,0.8,1.67,isocratic,14.3,0
coated_tablet,1,4.8,1.27,0.371,1.0,98.88,0.98,2.19,isocratic,3.0,0
api_powder,0,1.7,8.688,0.595,0.999816,98.98,1.49,2.24,isocratic,9.4,0
coated_tablet,1,8.3,0.87,0.702,0.999924,100.51,0.91,2.2,isocratic,30.6,0
cream,3,6.0,4.964,0.891,0.999388,100.68,1.07,2.19,isocratic,10.6,0
cream,2,4.7,2.597,0.721,0.99997,99.63,1.09,2.57,isocratic,13.0,0
coated_tablet,3,2.1,1.637,1.501,0.998849,99.16,1.52,1.22,isocratic,12.4,1
api_powder,1,1.3,0.201,0.519,0.999443,100.9,1.59,2.2,gradient,12.9,0
cream,1,6.2,0.99,0.523,0.999218,100.03,0.93,1.92,gradient,11.2,0
coated_tablet,2,7.3,1.752,0.534,0.999274,101.44,0.8,2.35,isocratic,7.9,0
coated_tablet,0,2.2,0.487,0.832,0.999904,100.0,1.18,2.38,gradient,14.3,0
suspension,2,1.9,0.771,0.245,0.999939,100.15,2.01,2.38,isocratic,15.0,0
cream,1,1.8,0.617,0.655,0.99999,101.01,0.97,2.43,isocratic,12.2,0
api_powder,2,3.0,1.283,0.916,0.999887,100.47,1.08,1.8,isocratic,15.1,0
coated_tablet,2,3.3,1.34,0.05,0.998394,99.75,0.95,2.57,isocratic,9.8,0
coated_tablet,1,8.8,0.263,0.572,0.997675,99.29,1.18,2.28,isocratic,24.5,0
api_powder,4,7.9,0.655,1.977,0.998536,100.18,1.1,2.19,isocratic,27.9,1
coated_tablet,3,2.2,0.223,1.26,0.999647,99.59,0.89,2.84,isocratic,17.9,0
api_powder,3,8.6,1.504,0.805,0.999985,99.54,1.72,1.37,isocratic,10.5,1
coated_tablet,3,5.7,1.167,0.88,0.999353,99.23,1.54,2.7,isocratic,12.6,0
suspension,0,4.0,0.507,0.462,0.999842,101.11,1.04,2.05,isocratic,21.2,0
api_powder,0,8.2,0.366,0.455,0.999938,98.77,1.4,1.86,isocratic,13.1,0
coated_tablet,3,5.5,0.381,0.941,0.99999,101.16,1.14,3.11,isocratic,11.0,0
api_powder,1,9.0,1.096,1.28,0.99999,100.47,1.61,2.35,isocratic,15.4,0
coated_tablet,4,9.7,0.758,0.242,0.99999,100.16,1.0,1.66,isocratic,12.1,0
coated_tablet,1,9.3,0.52,0.397,0.999467,99.46,1.48,0.92,isocratic,21.6,1
cream,1,5.5,2.509,0.839,0.999516,100.93,1.34,1.9,isocratic,8.0,0
suspension,2,8.0,0.393,0.476,0.999664,101.72,0.8,2.69,isocratic,19.3,0
coated_tablet,2,9.8,0.718,0.681,0.99999,98.1,1.3,2.09,isocratic,10.8,0
suspension,3,1.1,1.376,0.267,0.99999,98.43,1.45,2.02,isocratic,13.2,0
coated_tablet,2,3.4,1.05,0.203,0.997122,100.27,1.46,2.53,isocratic,11.7,0
cream,1,8.4,1.922,0.418,0.999474,101.11,1.11,2.78,gradient,12.7,0
suspension,1,7.6,3.444,0.188,0.999798,100.06,1.25,1.89,isocratic,13.8,0
suspension,4,1.6,0.681,0.723,0.999702,97.92,1.05,2.9,gradient,8.1,1
coated_tablet,3,6.8,4.13,0.506,0.999894,99.73,0.83,1.68,isocratic,11.8,0
coated_tablet,2,5.8,0.485,0.509,0.999831,101.1,1.35,2.18,gradient,23.0,0
cream,4,2.0,0.73,1.193,0.992617,99.29,1.7,2.83,isocratic,18.1,1
cream,2,4.7,3.272,1.377,0.99999,101.19,1.22,2.85,isocratic,10.3,0
api_powder,1,6.1,0.175,0.569,0.99999,99.25,1.19,3.36,isocratic,12.2,0
coated_tablet,1,4.3,3.142,0.222,0.999957,99.88,0.83,1.47,isocratic,9.9,0
coated_tablet,0,10.0,5.484,0.355,0.99999,99.97,1.14,2.03,isocratic,6.6,0
coated_tablet,2,7.3,0.308,0.708,0.99999,99.46,0.95,1.76,gradient,22.7,1
coated_tablet,1,8.6,0.213,0.279,0.999973,101.36,1.19,2.44,gradient,9.1,0
coated_tablet,1,5.3,0.977,0.242,0.999682,99.97,1.55,2.63,isocratic,11.4,0
coated_tablet,0,4.7,2.92,0.444,0.99991,99.36,0.8,1.7,isocratic,24.6,0
coated_tablet,1,8.8,0.699,0.27,0.998835,99.22,1.31,2.5,gradient,7.9,0
cream,2,7.0,0.92,0.74,0.998053,98.63,0.85,3.02,isocratic,29.7,0
coated_tablet,1,4.4,0.99,0.447,1.0,100.6,1.15,3.14,isocratic,10.5,0
api_powder,2,2.1,0.5,0.417,0.999758,99.93,1.07,2.86,isocratic,13.9,0
coated_tablet,2,4.3,0.669,0.746,0.99995,100.22,1.04,2.77,gradient,12.5,0
cream,2,9.0,0.533,0.416,0.99999,99.01,0.98,2.07,isocratic,9.4,0
coated_tablet,0,10.0,0.895,1.115,0.999578,98.98,1.26,2.07,isocratic,30.6,0
api_powder,1,2.8,0.721,1.294,0.99999,101.52,0.87,2.94,isocratic,14.4,0
coated_tablet,1,7.0,0.205,0.31,0.99999,100.95,0.83,2.04,gradient,13.3,0
suspension,2,1.0,0.727,0.596,0.99999,99.87,0.85,2.32,gradient,10.7,0
coated_tablet,2,4.9,1.62,0.379,0.999856,101.23,0.87,3.09,isocratic,10.4,0
cream,3,4.5,1.45,1.441,0.99477,99.22,1.37,3.52,isocratic,16.0,1
coated_tablet,0,1.6,1.52,0.848,0.998824,99.75,0.99,2.75,isocratic,13.4,0
suspension,3,9.6,0.529,0.846,0.996811,100.64,1.28,2.37,isocratic,15.3,0
api_powder,2,1.8,0.56,0.617,0.9953,99.41,1.39,2.53,isocratic,5.7,0
cream,2,3.7,0.71,1.336,0.993735,99.39,1.28,1.92,isocratic,14.0,1
coated_tablet,0,6.9,0.63,1.867,0.99999,99.61,0.95,1.45,isocratic,6.7,1
suspension,1,7.5,1.312,0.711,0.999985,99.77,1.43,1.7,gradient,16.5,1
coated_tablet,2,4.9,0.975,0.973,0.999405,101.26,0.9,1.87,isocratic,13.9,0
suspension,1,9.3,0.583,0.802,0.999575,99.33,1.01,2.81,isocratic,16.9,0
api_powder,2,2.3,1.03,0.334,0.998901,99.19,1.22,2.52,isocratic,11.4,0
coated_tablet,2,1.5,1.866,0.447,0.999982,100.44,1.2,1.7,gradient,19.4,0
coated_tablet,1,3.1,0.361,0.31,0.99985,100.09,1.03,2.13,isocratic,13.9,0
suspension,1,5.9,0.398,0.83,0.999937,99.47,1.38,2.4,isocratic,14.0,0
suspension,1,4.6,0.609,0.374,0.995671,100.74,1.15,1.77,gradient,16.2,1
suspension,1,7.1,0.804,0.815,0.999971,100.93,1.11,2.46,isocratic,8.7,0
api_powder,1,3.2,0.789,1.042,0.999774,101.41,1.65,2.76,gradient,12.2,0
api_powder,3,4.5,0.723,0.707,0.999901,100.49,1.58,2.97,gradient,11.7,0
suspension,2,8.1,0.962,0.593,0.999899,99.79,1.27,2.51,gradient,12.8,1
suspension,2,1.3,3.02,1.336,0.999959,99.49,1.01,3.02,isocratic,27.4,0
api_powder,2,5.5,1.721,0.312,0.997294,101.09,0.82,2.39,gradient,4.4,0
coated_tablet,0,9.3,1.368,2.036,0.99999,99.33,0.8,2.29,isocratic,17.1,1
coated_tablet,1,8.2,0.874,0.844,0.999691,100.55,1.45,2.64,isocratic,18.6,0
cream,0,9.4,1.093,0.507,0.999041,99.12,1.41,2.0,gradient,4.7,0
coated_tablet,1,6.9,0.654,0.374,0.997534,100.22,1.57,3.4,isocratic,29.0,0
coated_tablet,3,6.1,0.761,1.893,0.99965,100.4,1.23,2.35,gradient,9.7,0
suspension,1,4.1,0.495,0.453,0.998908,101.53,1.09,1.96,isocratic,29.1,1
api_powder,4,6.1,3.262,0.278,0.999984,100.72,1.27,2.78,isocratic,36.3,0
api_powder,2,5.0,1.846,0.641,0.999381,99.55,1.65,3.13,isocratic,8.4,0
cream,2,9.1,0.297,0.15,0.997931,100.01,0.8,2.05,isocratic,24.2,0
suspension,4,8.0,1.097,0.618,0.99999,100.58,1.12,1.95,gradient,17.6,1
cream,2,3.5,1.921,0.701,0.999043,101.13,1.27,2.36,gradient,9.9,0
api_powder,2,6.8,0.859,0.3,0.999958,100.2,1.64,3.24,isocratic,15.1,0
coated_tablet,2,3.3,0.629,0.508,0.999948,99.55,1.12,2.94,isocratic,18.8,0
api_powder,0,6.7,3.01,0.272,0.99969,99.19,0.89,2.21,gradient,8.7,0
api_powder,2,4.1,1.605,0.877,0.99989,99.66,1.28,2.16,isocratic,9.8,0
cream,2,5.4,1.405,0.559,0.998939,99.42,1.31,1.44,isocratic,17.7,1
suspension,2,2.9,1.024,0.978,0.99893,99.32,1.02,1.54,isocratic,14.4,0
coated_tablet,2,3.8,1.148,0.716,0.99999,98.65,1.13,1.95,isocratic,11.6,0
coated_tablet,2,9.3,1.133,2.955,0.999965,99.8,1.38,2.29,isocratic,14.0,1
cream,3,2.3,0.63,1.277,0.991293,99.33,1.35,2.81,isocratic,14.7,1
coated_tablet,0,3.9,1.62,0.615,0.995803,99.63,1.07,2.29,isocratic,12.4,0
coated_tablet,3,2.3,1.047,1.416,0.999976,101.38,0.8,3.16,isocratic,17.7,0
coated_tablet,0,8.8,1.821,1.953,0.998936,99.59,1.04,3.32,isocratic,10.9,0
coated_tablet,2,4.9,0.633,0.829,0.99996,99.76,1.43,2.31,gradient,7.5,0
coated_tablet,0,1.2,0.5,0.27,0.999165,99.92,1.1,3.21,isocratic,9.7,0
suspension,2,9.6,1.115,0.867,0.997732,98.93,0.87,2.39,isocratic,11.8,1
suspension,2,3.9,1.867,0.073,0.999539,99.9,1.44,2.84,gradient,6.9,0
suspension,4,4.9,1.033,0.762,0.998634,99.38,0.8,2.08,gradient,11.1,0
cream,3,3.9,0.792,2.22,0.99996,100.17,1.02,1.97,isocratic,4.9,1
suspension,0,6.7,1.808,0.338,0.999979,99.96,1.35,1.53,isocratic,17.5,0
coated_tablet,0,3.6,0.961,0.39,0.99946,98.87,0.98,2.3,gradient,9.4,0
api_powder,1,3.9,2.13,1.232,0.99999,100.05,1.21,2.26,gradient,5.4,0
suspension,1,1.7,1.266,0.801,0.99999,98.99,0.88,2.55,isocratic,11.7,0
coated_tablet,2,6.9,1.144,0.637,0.999633,98.62,1.67,2.37,isocratic,6.9,0
suspension,3,5.0,0.478,0.28,0.999936,99.87,0.86,2.4,isocratic,12.1,0
suspension,0,5.3,1.932,1.503,0.999978,98.33,0.8,2.55,gradient,9.1,1
coated_tablet,1,2.7,0.426,0.69,0.99999,101.38,1.45,2.15,gradient,20.3,0
coated_tablet,2,2.1,0.54,0.571,1.0,99.83,1.08,2.54,isocratic,6.7,0
api_powder,1,1.9,1.486,0.514,0.999972,99.35,1.09,2.61,gradient,11.9,0
suspension,2,1.3,1.303,0.747,0.99999,99.14,0.99,1.57,isocratic,4.4,0
suspension,1,3.0,0.249,0.621,0.999985,99.32,0.92,2.89,isocratic,7.0,0
cream,3,4.8,1.14,1.181,0.995758,99.25,1.31,2.3,isocratic,9.6,0
coated_tablet,0,2.3,0.76,0.887,0.995444,100.1,0.8,1.9,isocratic,14.1,0
cream,2,2.1,1.35,1.286,0.993933,98.85,1.32,1.25,isocratic,16.1,1
api_powder,0,2.3,0.61,0.787,0.999922,99.71,1.23,1.36,isocratic,10.9,0
suspension,4,8.3,0.986,0.561,0.999521,98.35,1.11,2.22,gradient,42.4,1
suspension,2,3.0,1.375,0.337,0.99795,98.26,1.02,2.04,isocratic,16.4,0
coated_tablet,2,3.5,2.174,0.549,0.999968,99.94,1.0,2.1,gradient,20.9,0
cream,2,5.6,2.181,0.572,0.99774,99.38,0.93,1.22,isocratic,25.7,1
suspension,2,1.4,1.018,0.44,0.998473,100.99,1.02,2.46,isocratic,11.0,0
suspension,4,1.8,0.234,0.512,0.99999,98.37,1.17,1.98,isocratic,18.6,0
suspension,0,9.3,0.444,0.651,0.999956,100.37,1.16,1.79,isocratic,18.0,0
suspension,2,9.8,1.399,0.301,0.999288,99.68,0.8,2.37,isocratic,25.6,0
api_powder,2,1.7,1.017,1.224,0.999826,99.47,1.02,2.7,gradient,9.1,0
cream,1,1.3,1.555,0.445,0.999031,97.79,0.8,2.94,isocratic,13.4,0
cream,2,6.8,0.445,0.361,0.99999,99.77,0.8,1.79,isocratic,15.5,0
coated_tablet,0,6.0,1.29,1.191,0.999632,101.39,0.96,1.81,gradient,16.5,1
api_powder,1,2.1,4.073,1.135,0.99999,99.88,0.8,2.13,isocratic,8.6,0
coated_tablet,2,2.8,0.605,1.389,0.999136,100.29,1.25,1.54,isocratic,6.8,0
cream,1,5.1,0.631,0.528,0.999608,98.84,1.07,2.35,gradient,5.1,0
api_powder,0,1.7,0.78,0.331,1.0,99.85,1.03,2.25,isocratic,8.1,0
suspension,2,2.7,0.965,0.738,0.999002,99.15,0.84,2.68,isocratic,10.9,0
coated_tablet,2,7.4,3.042,0.688,0.99999,98.53,1.31,2.05,gradient,23.3,1
coated_tablet,1,1.1,1.802,0.317,0.999816,99.02,1.02,2.2,isocratic,7.7,0
coated_tablet,4,6.1,10.164,1.557,0.999981,98.89,1.4,1.93,isocratic,5.3,1
cream,2,1.4,1.46,0.923,0.99405,99.22,1.32,2.74,isocratic,6.0,0
coated_tablet,3,8.6,1.045,2.722,0.99999,99.81,1.36,1.86,isocratic,11.7,1
api_powder,1,1.3,1.31,0.509,0.99976,99.34,1.31,1.92,isocratic,13.7,0
coated_tablet,4,7.5,0.371,0.753,0.99999,100.47,1.56,2.06,isocratic,20.3,0
coated_tablet,1,6.2,0.99,0.167,0.999829,99.25,0.97,2.33,isocratic,16.6,0
api_powder,1,7.7,0.647,0.367,0.999721,98.96,0.89,2.92,isocratic,12.9,0
cream,3,3.7,1.62,1.272,0.995411,99.1,1.03,3.18,isocratic,15.6,0
coated_tablet,3,3.5,0.42,1.063,0.99999,99.82,0.8,1.92,isocratic,27.1,0
cream,2,3.5,7.988,0.414,0.999951,100.9,1.26,1.95,isocratic,10.8,0
api_powder,2,9.8,3.786,0.541,0.999916,99.65,0.92,2.17,gradient,15.5,0
coated_tablet,1,1.1,2.088,0.611,0.999887,99.45,0.89,3.0,isocratic,14.7,0
api_powder,0,6.0,0.119,0.498,0.996994,100.63,0.8,2.94,isocratic,31.3,0
api_powder,1,6.1,2.094,1.253,0.999986,99.97,0.87,1.52,isocratic,22.4,0
api_powder,0,9.1,6.143,0.645,0.999569,99.83,0.92,1.85,isocratic,6.4,0
cream,1,6.5,2.018,0.611,0.99977,100.03,1.22,0.97,isocratic,17.8,1
suspension,1,8.9,2.259,0.45,0.999967,99.2,0.9,2.14,isocratic,7.5,0
suspension,1,5.0,2.968,0.249,0.99999,101.0,0.93,2.4,isocratic,5.2,0
suspension,2,7.7,0.7,1.027,0.999759,98.17,1.65,2.53,gradient,7.1,1
suspension,3,1.4,0.653,1.579,0.999712,100.24,1.2,2.55,isocratic,10.0,0
suspension,4,2.0,1.153,0.435,0.999958,99.37,1.2,2.81,gradient,25.3,0
suspension,3,5.1,0.78,0.767,0.999811,100.65,1.46,2.22,isocratic,10.3,0
suspension,0,2.5,4.739,0.266,0.99999,98.92,1.06,2.11,isocratic,19.3,0
cream,3,3.5,0.833,1.268,0.999571,100.15,0.97,2.35,gradient,21.9,0
suspension,3,5.9,2.585,1.221,0.99999,100.44,1.14,2.46,isocratic,5.7,0
coated_tablet,2,3.3,1.71,0.31,0.997391,99.42,1.17,2.63,isocratic,7.6,0
coated_tablet,1,4.6,0.636,0.772,0.998319,100.21,1.03,1.46,isocratic,7.4,1
cream,1,6.5,1.721,0.745,0.99999,100.05,0.88,2.64,isocratic,10.7,0
suspension,4,8.8,1.032,0.81,0.999583,101.84,1.32,2.66,isocratic,9.0,1
coated_tablet,4,6.2,1.281,0.235,0.999935,98.87,0.8,2.58,isocratic,10.0,0
suspension,2,1.4,0.617,0.344,0.998825,101.64,2.08,2.48,isocratic,13.9,1
suspension,2,2.4,0.898,0.331,0.999138,100.18,1.05,2.75,isocratic,31.2,0
suspension,1,5.4,1.107,0.345,0.99999,100.37,0.99,2.18,isocratic,25.1,0
coated_tablet,2,4.8,1.876,0.803,0.999692,101.58,0.8,2.6,isocratic,6.3,0
api_powder,2,6.8,0.813,0.623,0.99999,98.96,1.17,2.66,isocratic,13.0,0
coated_tablet,1,2.5,0.392,0.78,0.99999,101.41,1.08,3.24,isocratic,16.9,0
suspension,2,6.9,0.916,0.626,0.999973,99.84,1.11,2.27,isocratic,17.9,0
coated_tablet,2,6.8,0.744,0.411,0.999964,98.99,1.13,2.14,isocratic,19.0,0
coated_tablet,2,7.7,1.207,0.289,0.999642,99.94,0.89,3.18,isocratic,13.4,0
cream,0,5.9,0.545,0.328,0.997989,99.58,0.83,2.42,gradient,30.8,0
cream,1,5.5,0.186,1.172,0.999942,99.37,1.3,1.95,gradient,13.8,1
api_powder,1,6.5,1.314,1.982,0.999829,99.03,1.12,1.94,gradient,9.4,0
suspension,3,1.2,0.616,2.104,0.99999,99.71,1.17,1.99,isocratic,41.5,1
api_powder,0,2.3,0.468,0.915,0.99714,99.19,1.01,2.13,gradient,19.0,0
api_powder,1,9.3,1.224,0.488,0.99999,100.17,1.49,1.7,isocratic,20.3,0
cream,3,6.8,1.851,1.127,0.999974,101.36,1.57,2.13,gradient,4.2,1
coated_tablet,2,4.5,1.33,0.391,0.998501,100.82,1.26,1.98,isocratic,11.8,0
api_powder,2,3.4,1.79,0.39,0.999923,100.0,1.25,2.86,isocratic,10.6,0
coated_tablet,2,4.0,2.134,0.486,0.999972,99.44,1.24,2.55,isocratic,13.3,0
api_powder,2,8.5,1.198,1.362,0.99956,98.5,1.18,2.44,isocratic,13.8,0
api_powder,1,8.2,1.22,0.74,0.99999,99.45,1.08,2.72,isocratic,11.2,0
coated_tablet,1,3.0,0.782,0.384,0.99999,99.84,1.21,2.06,isocratic,8.6,0
suspension,3,8.2,1.808,0.316,0.99999,100.4,0.94,1.69,isocratic,14.4,1
coated_tablet,1,7.8,0.333,0.451,0.999805,101.46,0.95,1.8,isocratic,17.9,0
coated_tablet,2,3.8,1.34,0.118,1.0,99.93,1.13,1.82,isocratic,9.6,0
coated_tablet,0,2.4,1.56,0.515,0.997019,100.25,1.13,2.14,isocratic,9.1,0
cream,0,5.7,1.125,0.569,0.99981,98.44,0.86,2.63,isocratic,9.4,0
coated_tablet,2,7.6,2.87,0.844,0.999456,99.73,1.69,2.33,isocratic,9.4,0
coated_tablet,2,1.6,0.423,0.312,0.99999,99.56,1.1,2.62,gradient,21.6,0
api_powder,2,3.3,1.938,0.27,0.999227,100.31,0.8,1.53,isocratic,10.0,0
api_powder,0,4.5,0.84,0.499,1.0,99.17,0.94,2.79,isocratic,13.3,0
suspension,1,8.0,3.098,0.928,0.99999,100.71,0.95,2.32,gradient,41.3,1
cream,2,1.0,1.904,0.401,0.999975,98.42,0.8,1.84,isocratic,14.6,1
suspension,4,6.3,0.484,0.466,0.99999,99.52,1.59,2.61,isocratic,8.0,0
cream,3,8.7,0.715,0.69,0.99999,99.09,1.19,2.51,gradient,11.8,1
api_powder,1,6.7,1.073,0.879,0.99999,98.92,1.51,2.72,gradient,9.8,0
cream,1,9.9,1.479,0.766,0.999488,101.61,1.31,3.03,gradient,12.8,1
coated_tablet,1,3.2,0.506,0.627,0.997823,101.66,1.2,1.53,isocratic,13.6,0
suspension,2,8.4,1.212,0.745,0.99999,100.65,1.1,1.8,isocratic,8.0,0
api_powder,4,8.0,0.18,0.91,0.998944,101.06,1.58,1.88,isocratic,13.3,1
cream,3,4.0,1.14,1.047,0.992441,99.02,0.8,2.84,isocratic,18.6,1
coated_tablet,2,4.7,1.63,0.444,1.0,99.94,1.17,2.39,isocratic,15.8,0
coated_tablet,2,9.8,2.484,0.442,0.999836,98.33,1.21,2.11,gradient,10.7,1
coated_tablet,2,7.4,2.364,0.571,0.999927,99.27,1.42,2.29,gradient,7.3,0
cream,2,2.4,0.692,1.792,0.997687,100.27,1.57,2.6,isocratic,13.3,1
cream,1,7.9,1.122,0.97,0.999987,100.37,1.28,2.33,gradient,4.2,0
api_powder,0,3.2,0.74,0.586,0.999354,100.33,1.36,2.36,gradient,10.2,0
suspension,3,5.5,5.921,0.931,0.99999,98.72,0.91,1.95,gradient,12.9,1
coated_tablet,2,4.9,0.56,0.287,1.0,100.14,0.87,2.95,isocratic,9.7,0
cream,1,4.5,1.313,0.783,0.999192,98.49,1.03,2.97,isocratic,34.9,1
cream,0,1.5,0.766,0.275,0.998729,99.22,1.75,1.83,gradient,17.9,1
suspension,0,2.4,0.452,0.701,0.999089,98.83,0.94,1.62,isocratic,20.7,0
api_powder,2,5.0,0.935,0.637,0.999836,100.27,1.32,1.82,gradient,16.1,0
coated_tablet,4,1.5,2.687,0.432,0.996243,99.59,1.09,2.34,gradient,15.4,0
suspension,2,4.9,1.04,0.538,0.998819,100.85,1.25,1.97,isocratic,24.4,0
coated_tablet,0,1.1,0.64,0.181,1.0,99.78,1.15,2.69,isocratic,11.3,0
cream,1,8.9,0.56,0.624,0.99999,99.82,0.8,2.45,isocratic,9.3,0
coated_tablet,0,6.0,0.855,0.67,0.999936,99.26,1.19,2.28,isocratic,12.5,0
coated_tablet,2,4.5,1.05,0.894,0.995946,100.49,1.38,2.98,isocratic,8.7,0
api_powder,4,5.3,0.819,0.202,0.99999,101.41,1.37,1.93,gradient,16.9,1
coated_tablet,2,3.2,2.021,0.34,0.999325,98.78,1.85,2.17,gradient,25.6,0
coated_tablet,2,2.4,0.555,2.318,0.999521,99.04,1.06,2.39,isocratic,20.3,0
coated_tablet,1,7.9,1.174,0.317,0.999455,100.42,1.14,3.14,gradient,23.1,0
coated_tablet,1,6.4,3.051,0.609,0.999815,99.29,0.96,2.85,gradient,25.3,0
coated_tablet,2,5.7,1.068,0.709,0.99999,100.58,0.93,2.63,isocratic,12.8,0
coated_tablet,4,9.1,1.161,0.365,0.999218,99.78,1.04,2.25,gradient,9.8,0
suspension,2,8.8,0.914,0.332,0.999967,99.8,0.9,2.56,gradient,7.9,0
cream,2,7.2,0.609,0.595,0.999971,99.46,0.84,2.47,gradient,7.5,0
coated_tablet,0,3.4,1.98,0.303,1.0,99.68,1.06,2.4,isocratic,13.9,0
cream,2,9.3,1.023,0.439,0.99999,97.93,0.96,2.88,isocratic,8.7,1
coated_tablet,1,5.8,4.555,0.463,0.99999,100.01,1.17,2.2,isocratic,10.9,0
coated_tablet,2,9.9,0.371,0.643,0.99999,101.01,0.81,2.81,isocratic,25.5,0
coated_tablet,2,3.3,0.833,0.352,0.999928,101.01,1.54,1.38,gradient,7.8,1
api_powder,1,4.9,1.97,0.537,1.0,100.41,0.99,2.47,isocratic,10.4,0
cream,1,9.6,0.317,1.57,0.99994,99.98,1.3,1.85,gradient,48.9,1
cream,4,4.8,0.71,1.412,0.990996,99.15,1.35,2.33,isocratic,13.3,1
coated_tablet,2,1.6,0.946,0.72,0.99991,100.28,1.56,2.18,isocratic,11.1,0
suspension,0,4.1,1.454,0.5,0.99999,99.28,1.86,2.67,isocratic,17.4,0
suspension,2,5.6,1.377,0.695,0.999981,100.02,1.29,1.94,isocratic,24.2,0
cream,3,3.9,2.0,1.478,0.993085,99.25,1.33,2.95,isocratic,14.0,1
coated_tablet,1,7.8,1.313,0.754,0.99999,100.06,1.31,3.13,gradient,13.0,0
suspension,2,7.7,1.449,0.755,0.999428,100.15,1.16,2.2,isocratic,3.0,0
coated_tablet,1,9.0,0.176,0.537,0.999663,98.55,0.93,2.69,gradient,17.0,0
suspension,2,6.0,1.399,0.355,0.999981,99.04,1.75,1.58,isocratic,7.8,0
suspension,0,1.5,7.734,0.307,0.999892,100.71,0.8,2.32,isocratic,8.6,0
coated_tablet,1,8.6,1.082,0.411,0.999735,98.06,1.61,3.01,isocratic,13.2,1
api_powder,3,8.1,1.513,1.57,0.998788,99.78,1.13,2.68,gradient,7.5,1
coated_tablet,2,5.9,0.843,0.341,0.99999,99.93,1.75,2.25,gradient,10.0,0
suspension,0,7.3,1.744,0.656,0.99997,100.85,1.17,2.47,isocratic,10.1,0
coated_tablet,1,7.4,1.261,0.763,0.999917,99.98,1.08,2.99,isocratic,22.2,0
cream,4,7.9,1.93,0.324,0.999671,100.31,0.97,1.54,gradient,25.1,1
coated_tablet,0,3.7,0.382,0.494,0.999913,100.58,1.06,1.73,isocratic,8.6,0
coated_tablet,1,2.0,1.207,0.4,0.999959,101.77,0.96,2.02,isocratic,29.8,0
suspension,3,1.2,0.592,0.331,0.998906,100.87,0.84,2.42,gradient,6.5,0
coated_tablet,2,7.5,0.89,0.237,0.99999,99.28,1.15,1.91,gradient,8.7,1
coated_tablet,0,4.2,0.722,0.254,0.99999,100.59,1.63,1.47,gradient,11.3,0
suspension,2,6.7,0.55,1.005,0.999955,98.32,0.99,2.23,isocratic,6.5,0
suspension,2,8.9,1.908,0.504,0.999845,99.69,1.39,2.5,gradient,14.4,1
cream,3,4.7,0.59,1.587,0.997521,98.64,0.96,3.09,isocratic,11.8,1
coated_tablet,4,2.2,0.589,0.086,0.999768,99.56,1.37,2.9,isocratic,34.7,0
cream,3,6.2,3.338,0.561,0.999944,99.05,0.87,2.84,isocratic,12.0,0
suspension,2,7.0,0.37,0.333,0.99999,100.15,1.23,2.02,isocratic,9.9,0
cream,1,9.6,2.315,0.563,0.999892,98.72,0.93,2.52,gradient,7.3,1
cream,1,8.1,1.011,0.493,0.999108,98.68,0.97,2.87,isocratic,9.7,0
coated_tablet,2,2.9,0.98,0.648,0.998768,100.91,1.0,2.54,isocratic,12.9,0
api_powder,2,9.7,0.245,1.062,0.99991,100.13,0.95,2.2,isocratic,5.1,0
coated_tablet,1,9.5,0.811,1.255,0.999934,99.97,0.9,2.33,isocratic,9.4,0
cream,3,2.4,1.58,0.506,0.999762,100.7,0.91,1.98,isocratic,17.9,0
suspension,1,1.7,3.818,1.349,0.99999,101.94,1.17,2.79,gradient,10.3,0
suspension,4,3.7,0.929,0.402,0.999807,98.68,1.87,2.61,isocratic,10.8,0
coated_tablet,0,8.1,0.499,0.718,0.99999,99.85,1.35,3.04,isocratic,16.1,0
api_powder,2,2.6,1.46,0.107,0.999061,99.72,1.12,3.07,isocratic,6.4,0
coated_tablet,2,3.5,0.377,0.6,0.998801,99.92,1.3,1.43,isocratic,28.4,0
coated_tablet,1,4.1,0.681,0.568,0.999626,100.94,0.91,3.05,isocratic,11.0,0
api_powder,2,6.1,3.541,0.627,0.99999,97.6,0.8,1.96,isocratic,18.3,1
cream,0,1.1,1.185,0.393,0.999972,99.13,1.13,1.64,isocratic,19.9,0
suspension,1,3.0,1.677,0.313,0.999274,99.59,0.95,2.02,gradient,17.0,0
suspension,0,9.0,0.467,0.715,0.999685,98.71,1.33,2.67,isocratic,7.3,0
cream,1,3.7,2.18,0.206,0.999943,99.53,1.0,2.07,gradient,26.6,0
coated_tablet,0,5.0,1.56,0.232,1.0,100.32,1.57,2.32,isocratic,10.4,0
suspension,4,2.0,2.512,0.927,0.999983,100.45,1.16,1.62,gradient,14.2,0
suspension,0,4.5,3.074,0.603,0.999983,100.56,1.02,2.15,gradient,10.4,0
coated_tablet,0,7.9,0.607,1.958,0.999806,99.8,1.03,2.38,isocratic,28.4,0
cream,1,9.2,2.901,0.241,0.997106,100.4,1.19,1.31,isocratic,8.7,1
api_powder,1,5.2,0.84,0.986,0.999965,101.2,1.51,2.3,gradient,25.1,0
cream,1,3.2,1.778,1.358,0.99999,101.35,0.94,1.75,gradient,29.3,1
cream,3,4.7,0.636,0.641,0.999983,98.99,1.08,2.49,gradient,9.4,0
suspension,3,8.5,0.252,0.327,0.999466,99.94,1.01,3.02,isocratic,13.3,0
coated_tablet,4,3.9,2.698,1.576,0.999323,99.77,1.09,2.23,isocratic,3.7,0
api_powder,2,7.9,1.082,0.332,0.999628,99.62,1.56,2.76,gradient,12.0,0
coated_tablet,0,1.1,0.92,0.52,0.999873,98.47,1.19,2.76,isocratic,11.3,0
cream,2,10.0,1.234,1.447,0.99999,100.92,0.95,2.92,isocratic,32.0,1
coated_tablet,0,3.2,1.36,0.808,0.999083,100.11,1.64,2.17,isocratic,10.9,0
cream,1,7.3,3.802,0.353,0.99999,102.4,1.38,2.53,gradient,6.6,1
coated_tablet,1,1.3,0.564,0.939,0.999971,98.59,0.92,3.23,gradient,10.9,0
suspension,2,3.6,0.999,0.64,0.999895,100.18,0.8,2.13,isocratic,8.7,0
cream,2,8.3,0.475,0.994,0.999572,98.2,0.8,3.46,gradient,19.4,1
coated_tablet,3,3.4,0.868,0.818,0.99999,99.86,0.9,1.84,isocratic,12.4,0
cream,2,3.7,3.288,0.327,0.999919,99.63,1.8,2.56,gradient,15.2,1
coated_tablet,2,2.3,1.179,0.367,0.99999,99.13,1.61,2.15,isocratic,25.0,0
coated_tablet,2,1.1,1.739,0.303,0.999941,100.44,1.13,2.78,gradient,18.4,0
suspension,1,7.1,0.5,0.581,0.999051,99.43,0.89,2.98,isocratic,14.8,0
suspension,1,3.5,0.632,0.573,0.999933,100.94,1.07,2.13,isocratic,11.7,0
suspension,2,6.7,0.515,0.481,0.999725,101.17,0.94,0.79,isocratic,20.7,1
cream,1,7.6,0.977,0.887,0.999989,101.53,0.9,2.3,gradient,10.0,1
cream,2,1.2,1.682,1.258,0.99999,101.29,1.05,1.86,isocratic,14.3,1
api_powder,0,4.1,0.405,0.972,0.999943,99.87,0.8,2.03,isocratic,8.5,0
coated_tablet,2,7.5,2.278,0.475,0.99999,100.52,1.14,2.39,gradient,5.8,0
cream,1,4.4,0.366,0.544,0.99999,101.27,1.04,1.25,isocratic,16.7,1
api_powder,3,8.6,0.455,0.999,0.999914,100.89,1.68,2.07,gradient,3.8,0
coated_tablet,1,4.9,0.68,0.186,0.997355,99.89,1.09,1.88,isocratic,11.9,0
coated_tablet,2,3.1,0.833,0.321,0.999985,100.33,0.89,2.21,gradient,6.6,0
api_powder,1,9.5,0.713,0.92,0.999963,99.59,1.28,1.61,isocratic,4.3,0
cream,2,7.5,0.24,0.265,0.999947,98.61,0.85,2.04,isocratic,9.8,0
api_powder,0,5.4,2.7,0.254,0.99999,99.95,0.8,2.34,isocratic,12.9,0
cream,0,9.3,2.525,0.439,0.99999,100.23,1.75,3.06,isocratic,11.3,1
api_powder,1,4.2,2.23,1.909,0.999973,100.01,0.98,1.97,gradient,6.3,0
cream,1,6.9,2.506,0.844,0.999951,100.88,1.49,2.99,isocratic,39.6,0
suspension,4,1.7,0.907,0.484,0.998226,101.44,0.8,2.45,gradient,15.9,1
coated_tablet,1,4.2,1.62,0.206,0.99999,99.51,0.88,2.21,gradient,5.6,0
suspension,0,9.1,1.79,0.335,0.999478,100.23,0.9,2.72,isocratic,18.5,0
cream,1,7.3,1.928,0.173,0.999692,98.85,1.23,2.86,isocratic,10.6,0
suspension,3,2.8,1.523,1.059,0.999954,101.4,0.95,0.99,gradient,18.1,1
coated_tablet,2,3.0,1.2,0.712,0.999608,99.61,1.15,3.3,isocratic,12.5,0
cream,0,3.2,0.699,0.521,0.99999,99.87,1.25,2.42,isocratic,11.4,0
cream,3,1.3,0.609,0.196,0.99999,99.44,1.01,2.42,isocratic,7.4,0
api_powder,1,3.0,1.42,0.514,1.0,99.58,1.1,2.05,isocratic,8.1,0
suspension,4,8.3,1.664,0.46,0.999143,97.65,1.08,2.09,gradient,24.2,1
coated_tablet,3,1.8,0.428,1.022,0.999644,101.77,1.0,2.45,isocratic,7.3,0
cream,3,3.1,1.056,0.379,0.999886,100.64,1.1,3.36,isocratic,4.4,0
cream,1,8.1,0.772,0.607,0.999745,99.18,1.33,1.86,isocratic,10.1,1
api_powder,1,4.6,1.4,0.513,1.0,99.98,1.24,1.97,isocratic,12.8,0
suspension,1,3.5,0.209,0.981,0.999895,99.18,1.32,1.47,gradient,11.9,0
coated_tablet,4,5.9,1.92,0.489,0.999833,99.55,0.91,2.62,gradient,10.7,0
coated_tablet,3,4.2,0.496,0.857,0.99999,99.61,1.36,2.67,isocratic,9.6,0
cream,1,6.6,1.279,0.273,0.998423,100.17,1.39,2.45,gradient,8.5,0
api_powder,1,1.0,1.36,0.955,0.997871,100.06,1.26,2.66,isocratic,11.2,0
api_powder,1,5.4,0.657,0.707,0.99999,98.94,1.28,2.2,gradient,25.1,0
suspension,1,9.1,2.394,0.486,0.998972,100.62,1.04,2.13,gradient,9.3,0
coated_tablet,0,8.3,1.291,1.098,0.999985,99.2,1.15,2.72,gradient,6.1,0
suspension,2,7.0,0.879,1.435,0.999581,101.09,1.23,1.91,isocratic,14.7,0
cream,4,7.5,0.886,0.576,0.99999,98.66,0.98,2.36,isocratic,11.1,1
api_powder,1,6.8,0.865,0.805,0.999027,100.18,1.04,1.8,isocratic,7.2,0
coated_tablet,2,1.9,0.453,0.563,0.999985,99.53,1.17,1.78,gradient,10.3,0
cream,0,7.5,0.165,0.325,0.999581,100.31,0.92,2.31,gradient,13.0,0
suspension,1,3.4,0.756,1.361,0.999752,100.48,1.27,2.23,isocratic,16.6,0
coated_tablet,2,2.6,1.553,0.616,0.999748,100.68,1.38,2.53,gradient,8.5,0
coated_tablet,2,5.5,0.674,0.382,0.99999,100.75,0.8,2.16,isocratic,12.4,0
api_powder,2,9.3,1.392,0.863,0.999865,99.18,1.05,2.58,gradient,13.2,0
suspension,1,7.8,0.844,0.742,0.99815,100.61,0.8,2.34,gradient,11.8,0
cream,1,8.0,0.145,0.541,0.99999,99.13,1.05,2.23,gradient,10.1,0
api_powder,4,6.1,1.094,0.252,0.999637,100.47,1.4,2.2,gradient,10.2,0
api_powder,2,8.8,2.399,0.481,0.99999,101.74,1.45,1.44,isocratic,11.7,1
cream,3,2.7,0.56,1.073,0.992994,99.52,0.99,2.8,isocratic,21.4,0
suspension,1,4.6,2.332,0.129,0.99994,99.69,1.67,2.34,gradient,12.9,0
suspension,3,9.3,1.664,0.561,0.998408,100.54,0.89,2.54,isocratic,10.5,0
api_powder,2,4.2,1.22,0.8,1.0,101.2,1.3,2.57,isocratic,12.9,0
coated_tablet,1,3.6,1.45,0.61,0.997007,100.4,0.91,2.67,isocratic,17.9,0
suspension,4,5.4,0.766,1.072,0.999837,100.06,1.09,2.14,isocratic,7.0,0
cream,4,4.7,0.58,0.837,0.999886,99.99,0.82,3.0,isocratic,7.2,0
coated_tablet,2,6.5,1.113,0.694,0.999928,99.46,0.87,2.01,gradient,24.7,0
coated_tablet,2,7.4,1.141,0.856,0.998734,99.4,0.94,2.04,isocratic,9.8,0
api_powder,2,6.2,0.48,0.88,0.99999,100.32,0.93,1.64,gradient,11.1,0
api_powder,2,2.5,1.43,0.811,0.996418,99.49,1.07,2.34,isocratic,10.2,0
cream,4,1.8,1.31,0.778,0.992871,98.16,1.16,2.5,isocratic,18.1,1
cream,3,1.2,1.15,1.256,0.994094,98.88,1.29,3.64,isocratic,13.9,1
api_powder,1,9.2,1.544,0.65,0.998866,100.61,0.99,2.82,gradient,11.7,0
suspension,2,9.7,3.562,0.748,0.999902,100.3,1.03,1.8,isocratic,12.5,0
cream,3,5.7,1.245,0.441,0.999942,96.62,0.84,2.37,gradient,6.7,1
coated_tablet,3,2.7,1.876,0.472,0.99999,98.22,1.07,1.64,gradient,28.5,1
suspension,1,7.0,2.154,1.335,0.99999,98.82,1.01,2.34,isocratic,12.6,0
coated_tablet,1,8.6,1.062,0.554,0.999664,99.65,1.33,1.94,gradient,17.0,0
cream,1,3.1,0.99,0.808,0.99999,101.94,1.14,2.51,gradient,30.6,1
cream,4,6.9,0.782,1.474,0.999674,100.53,1.3,2.29,gradient,17.3,0
coated_tablet,2,1.3,0.802,0.425,0.999829,99.92,1.02,2.6,gradient,6.9,0
coated_tablet,0,10.0,3.15,0.239,0.99972,99.32,1.4,2.65,isocratic,10.8,0
cream,2,8.2,3.418,1.441,0.999128,100.29,0.92,1.89,isocratic,16.6,1
coated_tablet,2,3.1,0.322,0.681,0.999494,98.73,0.94,2.32,gradient,21.4,0
suspension,1,5.5,1.669,0.478,0.999781,98.9,1.28,2.76,isocratic,11.8,0
coated_tablet,2,7.3,0.593,0.464,0.99999,98.77,0.96,2.33,isocratic,24.8,0
coated_tablet,2,6.0,1.374,0.352,0.99999,101.07,0.8,2.37,gradient,9.8,0
suspension,2,5.5,0.877,0.487,0.999914,98.44,0.89,1.28,isocratic,29.7,1
coated_tablet,1,9.2,0.689,0.694,0.999739,98.72,0.9,1.44,gradient,6.8,1
coated_tablet,2,6.2,2.856,0.503,0.999949,99.52,1.03,1.09,isocratic,9.8,0
api_powder,1,8.9,0.204,0.308,0.999606,101.03,0.8,2.82,isocratic,12.1,0
suspension,2,6.6,0.693,1.454,0.999984,100.12,0.97,2.42,gradient,8.7,0
coated_tablet,2,5.3,5.695,0.423,0.999978,99.5,1.2,1.87,isocratic,10.2,0
cream,1,3.3,0.643,0.622,0.999984,101.27,0.8,1.39,gradient,8.9,1
api_powder,3,1.9,1.181,1.788,0.999946,100.57,1.51,1.8,gradient,7.9,1
coated_tablet,2,9.8,4.356,1.153,0.99999,100.52,0.87,2.21,isocratic,16.1,0
coated_tablet,0,6.1,1.99,0.243,0.998301,101.25,0.93,1.89,gradient,6.4,1
suspension,1,4.2,2.246,0.862,0.99999,99.68,1.0,2.15,gradient,12.8,0
coated_tablet,2,1.0,0.173,1.412,0.999827,100.37,0.8,2.3,gradient,8.6,0
cream,1,7.5,0.441,0.593,0.999659,98.16,1.01,2.01,isocratic,12.2,1
cream,3,1.7,1.6,1.364,0.992932,99.87,1.29,3.29,isocratic,10.4,1
api_powder,1,8.3,0.901,0.577,0.998376,100.24,1.26,2.74,isocratic,8.2,0
suspension,2,9.7,0.616,0.853,0.999827,100.09,1.05,2.23,isocratic,33.0,0
suspension,1,2.6,1.391,0.405,0.999629,99.12,0.99,2.63,isocratic,21.1,0
suspension,1,4.9,0.233,0.607,0.999794,101.02,0.93,1.9,gradient,7.5,0
coated_tablet,3,8.7,1.629,0.266,0.999959,99.63,1.34,3.95,isocratic,4.1,0
cream,2,2.8,0.753,0.305,0.99999,99.57,1.01,1.54,isocratic,7.0,0
coated_tablet,2,6.5,2.653,0.784,0.99994,99.57,1.26,1.37,gradient,17.8,1
cream,2,4.2,0.443,0.63,0.99999,99.7,1.4,2.9,isocratic,21.3,0
coated_tablet,2,8.2,0.762,0.568,0.999798,98.53,1.29,1.95,gradient,17.8,1
cream,2,9.1,0.919,0.476,0.999725,99.72,1.17,1.74,isocratic,18.0,1
suspension,1,9.2,1.475,0.363,0.99999,99.45,1.16,1.88,gradient,32.1,1
suspension,2,8.4,2.007,0.421,0.99999,98.63,0.91,2.31,isocratic,13.2,0
coated_tablet,1,5.9,0.24,0.2,0.99999,101.02,1.26,1.83,isocratic,16.7,0
suspension,4,4.3,0.504,1.434,0.999544,101.21,1.09,1.79,isocratic,10.6,1
api_powder,1,1.7,0.652,0.797,0.99992,100.0,1.4,2.7,gradient,14.3,0
suspension,1,1.8,6.036,1.017,0.999173,99.89,2.01,2.2,gradient,9.6,0
coated_tablet,1,1.4,0.932,0.296,0.99994,100.93,1.79,2.62,isocratic,25.1,0
suspension,0,3.5,2.985,0.305,0.999951,101.54,0.96,2.13,gradient,18.7,0
coated_tablet,0,6.9,2.488,0.785,0.99999,99.4,1.3,2.21,isocratic,3.4,0
cream,1,1.4,1.227,0.683,0.999906,99.86,0.95,2.13,isocratic,5.2,0
coated_tablet,3,2.0,2.551,1.032,0.99999,99.8,1.26,1.22,isocratic,28.3,0
coated_tablet,1,6.2,2.618,0.958,0.99999,101.92,1.84,1.95,isocratic,25.2,0
cream,3,2.7,1.501,0.21,0.999532,99.91,1.07,2.74,gradient,6.4,0
api_powder,2,5.9,3.012,1.89,0.999951,99.14,1.16,1.86,gradient,24.4,1
coated_tablet,4,8.1,2.112,1.712,0.99999,101.78,1.23,1.75,isocratic,13.1,1
api_powder,2,8.4,0.791,0.957,0.999938,99.89,1.31,2.67,gradient,15.2,0
coated_tablet,1,6.7,2.601,0.355,0.99999,100.59,1.77,2.64,gradient,17.6,0
coated_tablet,1,1.1,3.016,0.388,0.999203,100.19,1.03,2.68,gradient,14.6,0
suspension,1,3.3,1.102,0.777,0.997739,100.46,1.13,2.56,gradient,7.4,0
suspension,2,2.0,1.503,0.278,0.999957,98.39,1.16,2.52,isocratic,15.1,0
coated_tablet,1,2.4,1.09,0.522,1.0,100.3,1.43,2.87,isocratic,10.2,0
coated_tablet,1,7.7,1.709,1.488,0.999813,98.5,1.08,2.52,gradient,11.0,0
api_powder,3,6.3,0.33,1.417,0.99999,97.85,1.17,1.82,gradient,6.1,1
api_powder,0,6.3,0.755,0.497,0.999716,100.95,0.95,1.62,gradient,18.3,0
suspension,3,7.6,0.4,0.823,0.99999,99.78,1.46,1.88,isocratic,12.6,0
cream,0,6.0,0.529,0.65,0.999909,100.24,0.95,2.23,isocratic,7.0,0
api_powder,0,2.7,1.33,0.636,0.999969,99.0,0.82,2.67,isocratic,7.6,0
coated_tablet,2,1.2,1.767,0.278,0.99999,100.73,1.11,2.53,isocratic,7.8,0
api_powder,0,3.9,1.78,0.479,1.0,99.87,1.41,2.38,isocratic,11.4,0
cream,1,5.6,0.67,0.527,0.999871,98.85,0.82,1.97,gradient,6.3,1
api_powder,3,6.6,0.343,0.467,0.99999,101.38,0.9,2.53,isocratic,4.3,0
suspension,1,9.0,1.56,0.974,0.999648,100.91,0.93,2.57,gradient,15.3,0
coated_tablet,2,2.0,3.024,1.195,0.999388,99.35,1.5,2.39,gradient,9.4,0
suspension,2,5.0,0.214,0.263,0.99949,100.8,1.39,2.38,gradient,9.8,0
coated_tablet,1,1.2,0.252,2.261,0.999161,98.44,0.97,3.42,gradient,19.9,1
cream,4,2.3,1.32,1.34,0.993804,98.87,0.98,2.28,isocratic,16.6,1
cream,4,3.1,1.08,1.325,0.992343,98.0,0.93,2.48,isocratic,15.2,1
api_powder,4,8.1,0.436,0.412,0.997811,100.9,1.19,2.99,isocratic,5.3,0
api_powder,0,6.0,0.197,0.897,0.99999,101.99,1.07,2.18,isocratic,4.5,0
coated_tablet,0,3.4,2.514,0.604,0.999666,100.67,0.99,3.33,isocratic,14.0,0
coated_tablet,1,4.2,1.76,0.685,0.998713,99.71,1.1,1.86,isocratic,7.3,0
suspension,3,5.8,0.902,0.314,0.999972,100.85,1.17,2.77,isocratic,11.9,0
coated_tablet,1,7.9,0.92,0.538,0.999565,99.38,1.35,1.94,isocratic,13.5,0
coated_tablet,1,4.2,0.95,0.314,1.0,99.82,0.97,2.1,isocratic,4.8,0
coated_tablet,1,2.4,0.347,1.467,0.999952,100.46,1.08,2.19,isocratic,4.5,0
suspension,1,6.2,1.229,0.827,0.999929,100.12,1.28,2.77,isocratic,7.8,0
coated_tablet,1,8.6,1.172,0.295,0.999879,99.75,0.8,2.65,gradient,13.0,0
cream,2,4.5,0.669,0.282,0.999987,99.87,1.34,2.34,isocratic,10.2,0
suspension,2,8.0,1.08,0.28,0.99943,100.03,1.16,2.87,isocratic,23.1,0
coated_tablet,0,2.9,0.84,0.55,1.0,100.28,1.02,2.59,isocratic,10.4,0
api_powder,2,2.1,1.674,0.516,0.99999,99.95,1.03,2.75,isocratic,13.9,0
cream,0,8.2,0.723,0.744,0.999331,99.37,1.5,3.16,gradient,12.6,0
coated_tablet,2,5.0,1.204,0.452,0.996617,100.35,1.08,1.96,isocratic,7.8,0
coated_tablet,3,5.8,1.38,1.1,0.999831,100.36,1.4,1.59,gradient,11.7,0
suspension,1,8.7,0.596,0.815,0.99999,99.95,1.28,2.73,isocratic,34.8,0
cream,2,7.1,0.605,0.944,0.999807,99.02,0.98,2.12,isocratic,8.6,0
suspension,4,2.4,0.518,0.761,0.999943,101.22,1.11,2.28,gradient,7.5,0
coated_tablet,1,1.2,0.403,1.056,0.999395,101.12,0.81,1.72,isocratic,12.8,0
coated_tablet,1,2.7,0.79,0.512,0.998474,100.24,1.11,1.35,isocratic,8.5,0
coated_tablet,1,7.2,1.13,0.843,0.99995,99.79,0.8,2.17,isocratic,14.5,0
coated_tablet,1,7.9,2.649,0.302,0.999019,101.62,1.43,2.78,gradient,6.7,0
suspension,3,1.1,0.241,1.404,0.999764,100.4,0.8,3.09,isocratic,27.1,0
api_powder,0,8.2,0.856,1.172,0.998966,100.35,0.8,2.32,isocratic,9.1,0
api_powder,1,9.6,1.139,0.278,0.99999,101.43,1.15,2.09,gradient,10.1,0
cream,4,5.1,2.108,0.175,0.99999,103.15,1.66,2.35,isocratic,24.0,1
api_powder,0,6.5,1.062,0.296,0.999774,99.7,1.18,2.16,isocratic,15.0,0
cream,2,6.7,1.566,0.246,0.99999,98.31,1.23,2.6,isocratic,10.6,0
suspension,3,7.9,0.921,0.522,0.999973,99.12,0.8,2.85,isocratic,6.0,0
coated_tablet,1,8.6,0.767,0.231,0.99999,98.81,1.02,2.28,isocratic,5.0,0
suspension,2,1.3,0.475,0.385,0.99999,100.14,1.62,2.86,isocratic,29.2,0
suspension,2,1.2,1.323,0.776,0.999774,98.38,1.47,1.82,gradient,16.9,1
cream,3,2.6,0.768,0.64,0.999792,98.55,1.12,2.32,gradient,12.0,0
cream,4,8.2,1.98,1.428,0.999833,99.03,0.84,2.64,isocratic,16.3,1
coated_tablet,1,7.5,2.835,1.083,0.99999,101.33,1.74,2.81,isocratic,26.2,0
coated_tablet,1,4.3,1.59,0.381,0.998451,100.56,1.21,2.61,isocratic,7.8,0
api_powder,1,9.8,0.564,1.502,0.998879,100.67,1.33,2.1,isocratic,30.8,1
coated_tablet,1,8.6,0.849,0.638,0.999962,98.95,0.95,1.72,isocratic,5.8,0
api_powder,2,2.9,1.01,0.284,1.0,99.5,1.04,2.47,isocratic,10.2,0
coated_tablet,3,5.8,2.237,0.836,0.999804,99.31,1.28,1.99,gradient,17.0,1
cream,1,4.1,1.515,0.751,0.999966,99.06,1.11,1.95,gradient,8.0,1
coated_tablet,1,8.4,0.139,0.254,0.99999,101.09,0.82,2.15,gradient,11.4,0
coated_tablet,2,8.4,0.609,0.706,0.999677,100.2,1.32,1.85,gradient,9.4,1
coated_tablet,1,5.4,1.46,1.036,0.998749,100.15,0.95,2.72,isocratic,10.2,0
coated_tablet,1,5.3,0.347,0.93,0.99976,99.66,1.56,2.13,isocratic,4.8,0
cream,0,6.8,2.201,1.061,0.999948,100.14,1.26,1.53,isocratic,7.4,0
cream,4,4.9,1.56,0.627,0.992965,99.17,0.8,2.54,isocratic,18.7,1
api_powder,1,5.9,0.188,1.443,0.99999,100.77,1.06,1.38,isocratic,16.8,1
suspension,1,2.2,0.706,1.387,0.999809,100.99,2.24,1.8,gradient,14.4,1
coated_tablet,1,2.3,0.672,0.706,0.99999,100.18,1.12,1.88,isocratic,6.3,0
coated_tablet,2,6.7,1.238,1.002,0.99999,99.84,0.8,3.61,gradient,30.1,0
coated_tablet,2,4.0,1.13,0.681,0.999545,99.32,1.11,2.58,gradient,9.1,0
api_powder,1,4.8,1.849,0.986,0.99999,100.81,0.82,2.09,isocratic,6.3,0
api_powder,2,1.9,1.363,0.712,0.999987,99.22,0.89,2.62,isocratic,10.8,0
coated_tablet,2,4.6,1.11,0.432,0.999105,100.52,1.1,2.93,isocratic,16.9,0
suspension,3,3.6,2.304,0.897,0.999451,101.42,0.99,2.15,isocratic,6.1,0
api_powder,2,4.9,0.331,0.304,0.999626,98.1,0.9,2.09,gradient,8.7,0
coated_tablet,2,3.0,1.63,0.764,0.994998,99.01,1.04,2.51,isocratic,12.1,0
suspension,1,8.6,1.893,0.675,0.999707,99.61,0.8,2.16,isocratic,7.5,0
api_powder,1,2.8,0.91,0.251,0.999859,99.91,0.8,1.54,gradient,16.1,0
api_powder,0,2.0,0.369,0.532,0.99999,100.62,1.97,3.24,isocratic,6.7,0
suspension,1,4.2,0.403,0.939,0.999632,100.16,0.91,2.07,isocratic,15.7,0
api_powder,4,9.0,0.312,0.59,0.998602,100.79,1.27,1.9,isocratic,7.3,1
suspension,2,5.4,0.258,0.506,0.99999,100.23,1.82,2.23,isocratic,8.6,0
coated_tablet,2,3.5,1.62,0.467,1.0,99.78,1.2,2.91,isocratic,9.5,0
api_powder,1,7.2,1.271,0.511,0.99999,101.5,0.86,2.55,isocratic,23.4,0
coated_tablet,1,1.8,1.59,0.951,0.997401,100.02,1.51,2.6,isocratic,9.2,0
coated_tablet,3,8.9,0.986,1.034,0.999262,99.01,1.72,2.61,isocratic,8.5,0
coated_tablet,1,1.7,1.49,0.412,1.0,99.7,1.01,2.54,isocratic,13.0,0
api_powder,1,9.7,0.359,0.922,0.997758,99.37,0.8,2.27,gradient,32.7,0
coated_tablet,0,4.5,1.7,0.98,1.0,100.52,1.18,2.66,isocratic,7.4,0
coated_tablet,3,9.9,0.309,0.424,0.999987,97.75,0.8,2.77,isocratic,10.5,1
cream,2,3.2,1.546,0.356,0.99999,100.24,1.39,2.77,isocratic,4.9,0
coated_tablet,2,9.7,2.348,0.445,0.999981,99.04,1.2,2.1,isocratic,26.3,0
api_powder,3,2.6,0.578,0.244,0.99999,99.87,1.35,2.26,gradient,11.8,0
suspension,1,8.2,2.59,0.952,0.999678,99.22,1.33,2.39,isocratic,13.7,0
suspension,2,1.5,0.639,0.304,0.999941,101.2,1.09,2.0,isocratic,12.8,0
coated_tablet,3,1.7,0.324,0.813,0.999915,100.83,0.95,2.59,isocratic,4.6,0
coated_tablet,3,5.0,1.22,0.452,0.99999,101.65,0.99,2.42,isocratic,8.2,0
coated_tablet,4,9.8,0.982,0.442,0.999628,100.92,0.85,1.36,gradient,10.1,1
cream,2,3.1,1.16,1.172,0.995732,99.33,1.12,2.09,isocratic,10.0,0
suspension,3,7.8,0.59,0.7,0.999908,98.82,1.11,2.67,isocratic,32.5,1
coated_tablet,1,6.2,5.919,0.652,0.99999,100.89,0.95,2.07,isocratic,17.6,0
coated_tablet,1,6.3,0.514,0.517,0.99997,99.83,1.11,2.45,isocratic,11.1,0
api_powder,1,4.4,1.014,0.47,0.998622,98.31,1.09,2.99,gradient,18.1,0
coated_tablet,3,5.8,0.807,0.188,0.99999,103.52,1.0,2.31,isocratic,25.7,1
coated_tablet,0,3.2,0.3,0.821,0.99805,100.78,0.8,2.78,gradient,16.0,0
cream,3,1.4,1.14,1.295,0.993629,98.86,1.18,2.47,isocratic,11.0,1
coated_tablet,4,5.2,0.551,0.419,0.99997,98.34,1.19,1.89,isocratic,6.9,1
suspension,2,2.0,0.847,0.68,0.99999,98.81,1.37,3.02,gradient,9.7,0
cream,2,3.6,0.63,1.432,0.995241,99.88,1.14,2.91,isocratic,10.6,0
api_powder,1,5.3,1.746,0.767,0.999695,100.23,1.19,2.14,gradient,10.6,0
coated_tablet,0,6.2,1.529,1.749,0.997686,99.19,1.48,1.47,gradient,11.8,1
suspension,2,6.9,1.684,0.278,0.999956,100.7,0.83,2.48,gradient,13.1,0
suspension,0,4.4,0.696,0.892,0.99905,99.92,1.03,1.85,isocratic,11.1,0
coated_tablet,1,5.3,0.53,1.695,0.99998,98.6,1.1,2.48,gradient,10.2,0
api_powder,1,6.5,0.745,0.908,0.999963,100.64,1.54,1.78,gradient,17.7,1
suspension,4,1.8,4.292,1.228,0.998544,101.22,1.01,3.45,gradient,6.4,1
api_powder,2,5.5,0.689,0.609,0.99999,99.7,2.19,2.67,gradient,22.0,0
suspension,4,8.1,0.678,0.588,0.99999,100.51,0.87,3.19,gradient,10.4,0
coated_tablet,2,4.5,1.22,1.181,0.99999,101.89,1.14,1.71,isocratic,19.5,1
coated_tablet,2,8.2,2.002,0.212,0.999049,99.78,1.15,1.17,isocratic,6.5,1
suspension,2,9.9,0.553,1.018,0.999535,99.45,1.87,2.67,isocratic,13.7,1
coated_tablet,4,3.0,1.252,0.828,0.99728,99.71,1.22,1.58,gradient,11.8,0
suspension,3,8.9,1.054,0.619,0.99999,99.06,0.95,2.09,isocratic,3.9,0
api_powder,2,6.2,1.114,0.565,0.99969,100.13,0.93,2.26,gradient,11.6,0
api_powder,1,1.9,0.728,0.461,0.998695,99.68,1.19,2.2,isocratic,13.9,0
cream,2,3.0,1.28,1.183,0.99272,97.77,0.9,2.95,isocratic,13.0,1
coated_tablet,4,9.7,0.789,1.253,0.999887,100.11,0.8,2.72,gradient,12.1,1
cream,2,3.0,2.436,0.647,0.99999,100.96,1.41,3.08,isocratic,6.3,0
coated_tablet,2,5.8,0.354,1.289,0.999868,98.71,1.17,2.82,gradient,16.9,0
suspension,1,8.4,1.332,0.532,0.999901,99.75,1.64,1.59,isocratic,9.9,1
suspension,2,1.3,0.309,0.342,0.999434,99.26,0.99,2.47,isocratic,13.6,0
coated_tablet,2,7.9,1.601,1.027,0.99991,99.23,1.92,2.5,isocratic,11.3,0
coated_tablet,1,4.9,0.172,1.272,0.999874,99.66,1.46,1.42,gradient,5.1,1
suspension,0,8.0,0.756,0.939,0.99999,101.13,0.8,1.69,gradient,21.8,1
coated_tablet,3,5.2,0.484,0.613,0.999722,100.01,1.46,2.05,gradient,18.4,0
coated_tablet,0,4.1,1.82,0.745,1.0,99.71,0.92,2.06,isocratic,10.9,0
coated_tablet,2,5.2,0.899,1.224,0.998605,99.55,1.14,2.08,gradient,69.3,0
coated_tablet,1,7.5,1.591,0.476,0.999797,100.87,1.05,2.32,gradient,18.4,0
coated_tablet,2,3.0,1.88,0.783,0.996926,100.59,1.33,2.55,isocratic,3.0,0
suspension,3,4.9,2.861,1.65,0.999533,100.96,1.29,2.86,isocratic,7.2,1
api_powder,2,9.1,0.821,0.584,0.999979,100.76,1.3,2.03,gradient,15.4,0
coated_tablet,3,5.2,4.441,1.55,0.999911,98.74,1.28,2.16,gradient,8.1,0
cream,4,2.7,1.129,0.34,0.998989,101.54,1.6,2.34,isocratic,7.4,1
suspension,3,1.8,1.241,0.247,0.99984,99.49,1.41,1.02,isocratic,4.2,1
coated_tablet,3,4.5,1.621,0.553,0.999959,101.34,0.92,2.62,gradient,18.1,0
suspension,4,3.0,0.676,0.376,0.998312,101.57,1.05,2.14,isocratic,13.3,0
coated_tablet,2,3.7,0.836,1.193,0.99999,98.77,1.53,2.86,isocratic,11.9,0
suspension,4,8.2,1.201,0.536,0.999886,100.11,1.22,2.4,gradient,11.5,1
suspension,1,3.1,0.505,0.407,0.9994,100.1,0.88,2.23,isocratic,4.0,0
api_powder,1,6.2,0.273,0.64,0.99997,101.24,1.29,2.36,gradient,18.2,0
cream,2,4.7,0.839,0.697,0.999724,101.38,0.84,2.9,isocratic,11.1,0
coated_tablet,1,2.0,1.675,0.87,0.999356,99.71,1.23,2.72,isocratic,5.2,0
api_powder,1,7.1,1.489,0.24,0.999301,98.68,1.51,2.53,isocratic,23.2,0
coated_tablet,2,3.2,0.67,1.946,0.99995,101.33,0.95,1.38,gradient,12.7,1
suspension,1,5.3,0.454,0.595,0.99999,100.7,1.72,1.87,isocratic,9.4,0
suspension,1,1.2,0.944,0.16,0.99999,98.7,1.0,2.6,isocratic,9.0,0
api_powder,3,4.1,0.365,0.3,0.999631,98.51,1.01,2.26,isocratic,9.7,0
cream,1,3.7,0.56,1.041,0.999845,101.91,1.11,2.24,isocratic,14.0,0
coated_tablet,3,7.5,0.979,0.554,0.99999,99.2,1.04,3.18,isocratic,10.1,0
api_powder,1,6.9,1.741,0.935,0.999928,100.43,0.8,1.76,isocratic,21.9,0
api_powder,1,5.6,1.14,0.744,0.99999,99.94,1.05,2.13,isocratic,42.2,0
cream,4,4.4,0.59,1.425,0.993435,99.45,1.06,2.16,isocratic,18.1,1
api_powder,0,3.2,1.39,0.674,0.999426,99.9,0.91,1.63,isocratic,10.5,0
suspension,1,5.0,0.257,0.497,0.998011,100.8,0.99,1.83,isocratic,22.0,0
suspension,2,5.6,1.583,0.406,0.99999,99.32,1.0,2.88,isocratic,9.2,0
suspension,1,8.9,0.709,0.221,0.99999,99.96,1.41,2.43,isocratic,21.1,0
cream,0,3.2,1.692,0.589,0.99999,98.5,2.39,2.11,isocratic,9.1,0
api_powder,3,1.6,0.986,0.849,0.99999,98.7,1.28,2.05,gradient,28.2,0
coated_tablet,1,8.5,0.826,0.177,0.999897,100.33,1.89,1.58,gradient,13.1,1
api_powder,2,9.0,0.581,0.707,0.997366,99.9,1.39,2.47,isocratic,34.0,0
suspension,1,2.5,1.519,0.303,0.999854,98.92,1.26,1.83,isocratic,14.1,0
coated_tablet,1,5.0,0.85,0.51,0.999279,99.94,1.3,1.88,isocratic,8.2,0
suspension,2,4.5,0.658,0.44,0.99999,100.43,0.84,2.61,isocratic,16.0,0
coated_tablet,1,3.3,2.694,1.421,0.998803,99.67,1.07,2.42,gradient,12.8,0
suspension,1,8.7,7.994,0.413,0.99999,99.29,1.14,1.7,gradient,12.2,1
suspension,2,9.5,1.725,0.877,0.999985,98.56,1.19,2.06,isocratic,11.9,0
cream,3,2.5,1.13,0.964,0.995209,98.91,1.23,2.73,isocratic,20.5,0
coated_tablet,1,8.4,0.361,0.6,0.999284,100.54,0.89,2.61,isocratic,6.1,0
cream,0,5.3,1.297,0.43,0.999962,100.35,1.03,2.66,gradient,15.8,0
coated_tablet,1,3.2,0.532,0.61,0.99999,101.19,0.8,2.15,isocratic,10.4,0
coated_tablet,0,1.1,1.99,0.425,0.999204,100.3,1.48,2.67,isocratic,11.4,0
coated_tablet,1,5.9,2.19,0.348,0.999972,99.19,0.8,2.44,gradient,9.3,0
suspension,3,1.5,2.973,0.553,0.999576,99.65,1.35,1.88,gradient,8.3,0
api_powder,3,4.8,0.291,0.878,0.99882,98.98,1.24,2.16,gradient,14.3,0
suspension,1,8.4,3.973,0.349,0.99999,99.96,0.97,2.47,isocratic,10.5,0
coated_tablet,1,7.9,1.112,1.045,0.999973,100.06,1.91,2.08,isocratic,13.0,0
cream,4,9.2,1.88,0.531,0.99999,99.54,0.88,2.86,isocratic,14.1,0
coated_tablet,0,1.1,1.25,0.434,1.0,100.24,1.38,2.22,isocratic,5.2,0
api_powder,2,3.3,0.573,0.225,0.999355,99.22,1.02,1.81,isocratic,15.4,0
cream,2,5.8,1.049,0.766,0.999806,101.09,1.27,2.52,isocratic,7.7,0
cream,3,2.6,0.63,1.368,0.991764,100.65,1.06,2.53,isocratic,11.1,1
coated_tablet,0,4.6,1.357,0.722,0.998949,99.59,0.8,2.67,isocratic,9.1,0
api_powder,3,8.6,3.051,1.27,0.99999,99.01,1.13,2.7,gradient,20.4,0
cream,1,9.5,0.663,0.472,0.999988,98.84,1.15,1.53,gradient,10.7,1
coated_tablet,1,1.4,1.178,0.27,0.999985,99.77,0.8,2.71,isocratic,13.4,0
cream,1,3.4,3.174,1.184,0.998859,99.33,0.93,3.83,isocratic,12.7,0
api_powder,2,4.5,0.842,0.346,0.999824,99.72,0.85,2.32,gradient,9.5,0
cream,2,7.6,0.476,0.533,0.99999,100.59,0.82,2.4,gradient,21.0,0
coated_tablet,2,5.0,0.84,0.475,0.999623,100.1,1.06,2.77,isocratic,12.8,0
cream,1,9.5,2.755,0.589,0.999322,99.51,1.07,2.13,isocratic,9.6,0
suspension,0,8.4,0.42,0.261,0.999686,98.33,1.18,1.4,isocratic,11.2,1
coated_tablet,1,8.8,1.154,0.53,0.999983,98.55,1.12,2.39,isocratic,12.8,0
cream,1,4.6,0.83,0.805,0.999965,101.26,1.37,2.75,gradient,14.7,0
suspension,2,1.1,1.226,0.709,0.99973,99.06,1.92,2.13,isocratic,11.5,0
coated_tablet,1,4.8,0.577,0.307,0.99999,98.64,0.92,2.14,gradient,15.5,0
suspension,3,7.7,1.459,0.487,0.999842,101.05,0.94,3.04,isocratic,10.3,0
coated_tablet,0,7.6,0.622,1.28,0.99999,100.18,1.15,2.34,isocratic,18.5,0
suspension,0,2.9,0.468,1.029,0.999694,99.58,1.0,2.15,gradient,13.0,0
coated_tablet,1,4.0,1.69,0.386,0.997004,99.49,1.04,2.95,isocratic,9.9,0
api_powder,1,6.6,0.219,0.324,0.999298,100.26,0.85,2.48,isocratic,8.3,0
suspension,1,6.0,1.218,0.486,0.99999,98.31,1.18,2.54,isocratic,25.7,1
coated_tablet,1,9.3,0.359,0.852,0.997153,99.11,1.04,2.79,gradient,11.7,0
api_powder,2,7.1,0.407,1.381,0.999929,100.06,1.05,2.86,isocratic,16.4,0
coated_tablet,1,3.0,3.033,0.584,0.999591,102.34,1.53,2.7,isocratic,13.0,0
api_powder,4,3.7,1.402,0.885,0.99999,99.45,0.99,2.91,isocratic,8.1,0
api_powder,1,6.2,0.571,0.991,0.99981,100.87,1.12,2.24,gradient,8.6,0
suspension,0,7.3,1.362,0.429,0.999982,101.15,0.8,1.94,gradient,16.3,1
coated_tablet,2,2.6,0.381,0.406,0.999711,99.89,1.34,3.15,isocratic,14.4,0
api_powder,4,5.7,1.171,0.569,0.99999,99.44,1.01,2.6,gradient,19.3,0
coated_tablet,2,2.2,3.035,1.576,0.999894,99.33,1.07,1.88,isocratic,10.5,0
cream,0,1.2,1.062,1.233,0.99999,100.97,0.88,2.2,gradient,7.5,0
coated_tablet,1,6.3,2.232,0.68,0.99999,99.79,0.92,1.92,isocratic,10.9,0
coated_tablet,3,2.6,0.274,0.558,0.99999,100.09,0.8,3.78,gradient,5.3,0
api_powder,0,1.5,2.303,0.648,0.999124,99.8,1.36,2.07,gradient,7.7,0
coated_tablet,0,1.5,1.88,0.818,0.999451,100.53,1.01,2.4,isocratic,9.9,0
api_powder,2,8.7,2.207,0.391,0.99999,99.6,0.9,2.69,isocratic,11.7,0
suspension,1,5.9,2.943,0.137,0.999709,99.25,1.22,3.04,gradient,9.1,0
suspension,0,8.2,1.108,0.43,0.999968,100.0,1.3,2.48,isocratic,22.2,0
api_powder,3,3.8,1.408,1.035,0.99999,98.98,1.06,2.98,gradient,12.2,0
api_powder,0,4.4,0.52,0.5,0.995933,98.99,0.8,2.65,isocratic,5.9,0
suspension,1,6.4,1.028,0.497,0.999946,101.26,1.31,2.71,isocratic,14.9,0
cream,2,3.3,2.057,0.467,0.999482,98.68,1.41,2.43,gradient,11.6,0
coated_tablet,3,3.6,0.905,0.81,0.99988,97.93,1.39,2.18,isocratic,6.8,0
suspension,3,2.0,1.563,0.929,0.99999,101.92,0.93,2.56,isocratic,15.5,1
cream,3,7.7,0.782,0.431,0.999988,99.85,1.12,2.63,isocratic,10.1,0
cream,2,4.4,1.063,1.274,0.999989,100.49,0.82,1.18,gradient,11.1,1
suspension,1,2.4,2.004,0.56,0.999865,101.26,1.0,1.16,isocratic,13.4,0
api_powder,1,3.1,0.54,0.894,0.999681,101.22,1.3,2.34,isocratic,6.1,0
coated_tablet,3,2.3,1.359,0.867,0.99999,98.44,1.11,2.01,gradient,8.8,0
coated_tablet,1,7.7,3.207,0.453,0.998989,99.91,1.18,2.27,gradient,10.1,0
suspension,2,4.0,2.16,1.468,0.99999,100.85,0.8,1.87,isocratic,26.7,0
coated_tablet,1,6.2,0.355,0.569,0.999926,99.48,1.28,2.42,gradient,9.2,0
api_powder,2,6.9,0.523,0.82,0.998281,98.91,1.25,2.08,gradient,16.3,0
coated_tablet,1,4.8,4.231,0.937,0.999892,99.02,0.84,2.0,gradient,9.2,0
coated_tablet,2,5.9,1.559,0.811,0.999985,98.0,1.51,3.01,isocratic,9.1,1
api_powder,2,6.9,1.0,0.524,0.998483,100.3,0.87,2.55,isocratic,8.3,0
cream,1,8.9,6.2,0.773,0.999705,99.0,1.64,2.38,isocratic,4.0,0
coated_tablet,2,1.6,2.171,0.46,0.999343,99.5,1.25,2.85,isocratic,4.9,0
coated_tablet,3,3.9,1.055,0.315,0.997969,101.16,0.98,2.58,isocratic,18.8,0
coated_tablet,0,5.2,1.414,0.584,0.999985,99.17,1.06,1.94,gradient,10.8,0
cream,0,3.0,4.136,0.67,0.999827,101.12,1.14,2.68,isocratic,15.1,0
coated_tablet,3,3.7,0.804,1.95,0.999915,99.41,1.09,2.63,isocratic,13.1,0
coated_tablet,4,6.6,0.406,0.256,0.999672,101.53,1.09,1.93,isocratic,10.6,0
coated_tablet,3,7.8,0.3,0.307,0.99999,101.18,1.11,1.8,gradient,12.2,1
suspension,2,9.9,2.381,0.397,0.99965,100.81,1.6,2.45,isocratic,27.4,0
cream,1,6.0,0.468,0.551,0.99983,101.87,0.94,2.38,isocratic,10.9,0
coated_tablet,1,2.2,1.99,0.195,0.999648,99.6,1.23,1.78,isocratic,3.6,0
cream,2,1.5,0.968,0.17,0.99999,100.31,1.17,1.94,gradient,8.4,0
coated_tablet,4,6.0,0.943,0.675,0.999776,100.61,1.03,2.04,isocratic,21.2,0
coated_tablet,4,9.6,0.474,0.725,0.999779,100.0,1.11,2.03,isocratic,32.4,0
coated_tablet,0,4.0,1.33,0.623,1.0,99.95,1.2,2.38,isocratic,12.0,0
cream,2,8.4,1.621,0.845,0.99999,99.09,0.8,2.92,isocratic,13.3,0
api_powder,3,4.7,0.734,0.53,0.999475,98.84,0.93,2.55,gradient,17.9,0
coated_tablet,3,7.0,3.962,0.309,0.999857,101.62,1.13,2.26,gradient,22.3,1
coated_tablet,0,4.9,1.15,0.273,0.997697,100.17,0.88,2.31,isocratic,3.5,0
coated_tablet,2,2.3,0.628,0.349,0.99999,101.55,1.07,2.84,isocratic,5.9,0
coated_tablet,2,2.7,0.327,0.6,0.999964,100.53,1.09,2.09,isocratic,9.9,0
api_powder,3,2.9,1.767,0.619,0.99943,100.74,1.44,2.29,gradient,12.3,0
coated_tablet,2,1.9,0.635,0.88,0.99966,100.32,0.95,2.82,gradient,10.8,0
coated_tablet,1,6.1,0.523,1.588,0.999854,100.58,0.93,2.59,gradient,13.2,0
coated_tablet,2,2.4,1.589,0.158,0.99999,100.1,0.85,2.3,isocratic,12.5,0
api_powder,1,2.9,1.127,0.792,0.999401,99.6,1.35,2.4,isocratic,8.9,0
cream,2,3.8,1.973,0.671,0.998386,99.82,0.8,1.59,isocratic,9.4,0
api_powder,2,7.9,0.603,0.749,0.999773,99.0,1.26,1.92,isocratic,23.6,0
cream,2,6.7,0.524,0.307,0.999663,99.6,0.9,2.74,isocratic,11.7,0
coated_tablet,2,8.6,0.786,0.544,0.998473,97.65,0.8,2.79,isocratic,17.1,1
coated_tablet,3,7.8,1.422,0.714,0.999876,100.72,0.8,2.39,gradient,6.5,0
api_powder,0,2.7,1.65,0.18,0.998849,99.64,1.12,2.27,isocratic,8.7,0
coated_tablet,4,2.3,1.439,0.835,0.999138,99.5,1.01,2.53,isocratic,32.0,0
cream,2,5.4,2.275,0.231,0.999898,100.8,1.47,2.61,isocratic,12.7,0
suspension,1,8.4,0.642,0.131,0.99999,100.66,1.16,3.14,isocratic,14.2,0
suspension,1,5.6,1.183,0.339,0.999576,101.19,0.8,2.47,gradient,4.2,0
coated_tablet,3,4.0,2.319,0.69,0.998212,99.54,1.21,2.49,gradient,10.8,0
coated_tablet,2,2.0,1.62,0.916,0.998644,100.57,1.1,3.03,isocratic,11.9,0
suspension,4,7.1,4.388,0.451,0.99999,101.1,1.69,2.45,gradient,7.5,1
coated_tablet,1,1.6,1.953,0.655,0.999917,99.66,1.46,2.4,isocratic,7.3,0
api_powder,2,9.1,2.789,0.308,0.99999,99.54,1.52,3.35,gradient,9.9,0
coated_tablet,3,4.9,0.932,0.455,0.9958,99.42,1.05,2.11,isocratic,19.0,0
coated_tablet,2,3.5,1.97,0.967,1.0,100.14,1.22,1.54,isocratic,6.5,0
coated_tablet,2,3.1,1.385,0.385,0.99999,100.69,0.92,2.53,gradient,10.0,0
suspension,2,4.7,0.425,0.395,0.999347,99.26,1.12,3.0,isocratic,6.7,0
cream,3,1.5,1.1,1.063,0.996694,99.21,1.4,2.29,isocratic,15.7,0
coated_tablet,1,2.2,0.97,0.355,0.997516,99.75,1.27,2.74,isocratic,7.3,0
coated_tablet,2,2.5,5.724,0.52,0.999988,101.47,1.35,2.23,isocratic,14.7,0
coated_tablet,2,6.1,3.063,1.721,0.99999,98.72,1.2,2.98,isocratic,9.4,0
suspension,3,3.2,1.761,0.316,0.999908,101.02,1.19,2.86,gradient,15.2,0
suspension,1,5.0,1.198,0.296,0.999684,99.38,1.04,1.9,isocratic,21.5,0
api_powder,0,2.8,0.744,0.593,0.999228,99.68,1.02,1.99,gradient,4.7,0
cream,4,2.3,0.81,1.074,0.995714,99.44,0.8,2.01,isocratic,19.5,0
coated_tablet,3,2.0,1.774,0.96,0.999905,99.8,1.4,2.29,gradient,13.9,0
cream,0,6.8,1.003,1.448,0.99961,97.85,1.24,1.44,isocratic,23.4,1
suspension,3,7.9,0.917,0.308,0.999845,99.13,0.86,0.91,isocratic,18.9,1
cream,1,4.6,1.71,0.662,0.998269,98.42,0.88,3.42,isocratic,4.9,0
coated_tablet,3,8.7,2.89,1.054,0.999852,99.67,1.12,1.82,gradient,4.3,1
cream,4,6.3,1.225,0.458,0.99948,99.26,1.23,2.3,gradient,9.4,0
suspension,2,2.3,1.434,0.539,0.999469,102.62,0.93,2.81,isocratic,17.9,0
suspension,1,2.8,0.291,0.974,0.999632,100.5,0.94,2.77,isocratic,5.4,0
coated_tablet,3,8.6,1.45,1.503,0.99936,101.14,0.99,1.94,isocratic,11.2,1
cream,2,3.4,0.84,1.171,0.99418,100.41,1.45,2.38,isocratic,13.2,1
cream,2,8.1,0.922,0.38,0.999412,101.29,1.15,2.64,isocratic,9.6,0
suspension,2,9.7,1.964,0.473,0.999433,99.8,1.03,1.78,isocratic,8.7,0
cream,1,5.9,1.529,0.7,0.99999,100.86,1.96,2.48,isocratic,10.5,0
suspension,1,7.7,1.437,0.253,0.99999,99.7,1.64,2.45,gradient,32.3,1
coated_tablet,0,4.9,1.258,0.969,0.999827,99.37,1.04,2.03,isocratic,12.7,0
cream,1,4.9,1.129,0.725,0.999026,98.82,1.55,2.49,isocratic,15.3,0
coated_tablet,1,9.8,0.483,0.315,0.999927,99.99,1.12,3.12,isocratic,11.4,0
api_powder,4,4.0,0.67,0.611,0.999546,101.01,0.8,2.13,gradient,18.8,0
api_powder,1,7.8,0.819,0.159,0.99999,99.15,0.8,2.81,isocratic,14.8,0
cream,1,3.9,0.758,1.025,0.999525,99.7,1.17,2.4,isocratic,8.4,0
coated_tablet,2,5.7,2.066,0.507,0.999677,99.47,0.8,2.85,gradient,10.0,0
coated_tablet,2,2.2,1.92,0.817,1.0,100.86,1.24,3.2,isocratic,11.3,0
cream,4,5.9,0.82,0.409,0.999557,100.94,1.33,1.99,isocratic,7.2,1
cream,1,6.6,2.337,0.43,0.999968,101.5,0.93,2.61,isocratic,26.8,0
suspension,3,7.5,0.675,0.316,0.999572,100.7,0.92,2.22,isocratic,13.2,0
coated_tablet,1,7.6,0.515,0.845,0.999891,100.62,1.29,2.93,gradient,8.4,0
coated_tablet,1,7.1,7.743,0.491,0.999963,97.55,1.01,1.59,gradient,7.8,1
coated_tablet,4,9.4,1.307,0.994,0.999983,100.96,1.12,3.15,isocratic,13.7,0
coated_tablet,2,7.3,5.455,1.206,0.99999,99.35,0.8,1.9,isocratic,9.7,0
coated_tablet,3,9.9,1.202,0.885,0.99995,100.0,1.33,3.01,gradient,9.9,0
coated_tablet,1,1.6,0.66,0.68,1.0,100.31,1.4,3.63,isocratic,4.9,0
coated_tablet,4,5.5,1.561,0.664,0.998833,99.64,1.24,2.39,isocratic,49.9,0
suspension,1,8.6,1.207,0.349,0.999925,101.31,1.16,2.79,isocratic,10.0,0
coated_tablet,0,4.9,0.96,0.481,0.999506,99.7,1.17,2.86,isocratic,10.0,0
suspension,4,7.6,1.717,0.444,0.999885,100.71,0.94,1.97,isocratic,8.0,1
coated_tablet,3,8.0,0.158,0.08,0.999915,99.92,1.23,1.97,gradient,23.8,1
api_powder,0,2.1,1.39,0.43,0.998943,99.03,0.91,2.29,isocratic,9.8,0
coated_tablet,1,4.1,0.7,0.516,0.999293,99.16,0.85,1.65,isocratic,21.5,0
coated_tablet,2,9.0,0.346,1.711,0.999917,99.42,1.55,2.15,isocratic,11.4,1
api_powder,2,1.3,1.106,0.882,0.9995,100.06,0.87,2.7,isocratic,6.8,0
coated_tablet,1,4.5,0.719,0.458,0.99999,100.19,0.99,2.33,isocratic,14.0,0
coated_tablet,2,2.6,2.783,0.564,0.999967,98.23,1.18,1.59,gradient,6.5,0
cream,0,7.6,2.906,0.841,0.99998,100.51,0.8,2.22,isocratic,14.6,0
suspension,3,5.6,0.683,1.315,0.999935,99.36,1.21,3.57,isocratic,11.2,0
cream,4,5.4,0.683,0.553,0.999949,100.4,1.12,1.37,isocratic,7.7,1
coated_tablet,0,2.5,0.83,0.801,0.99999,99.89,0.8,2.28,isocratic,5.9,0
coated_tablet,2,4.5,0.82,0.782,0.998175,101.46,0.8,2.58,isocratic,6.6,0
cream,2,1.7,1.633,0.915,0.99924,98.98,1.73,2.55,gradient,9.5,0
cream,2,9.4,0.532,1.305,0.99999,100.41,1.17,2.64,isocratic,18.4,0
suspension,2,1.9,0.861,1.031,0.99999,100.0,1.38,1.94,gradient,7.6,0
suspension,3,7.7,0.596,0.221,0.999189,100.48,1.48,1.21,gradient,14.3,1
coated_tablet,2,4.8,1.122,0.744,0.9995,99.73,0.83,1.09,isocratic,10.9,0
api_powder,1,8.5,2.292,1.49,0.99999,99.14,1.24,1.61,isocratic,21.9,0
cream,2,3.0,1.72,1.206,0.991903,98.73,1.0,2.59,isocratic,14.9,1
api_powder,4,3.6,0.495,0.667,0.999693,100.21,1.2,1.99,gradient,15.0,0
coated_tablet,1,3.4,1.003,0.65,0.999135,102.05,0.85,1.96,isocratic,19.0,1
cream,2,5.9,0.167,0.856,0.999319,101.43,1.29,2.35,gradient,22.4,0
cream,1,1.7,0.248,0.327,0.999558,98.1,1.0,1.75,isocratic,37.0,1
api_powder,0,5.6,2.169,0.477,0.99999,98.82,1.61,2.04,isocratic,15.5,0
api_powder,2,6.1,0.331,0.238,0.998134,99.89,1.18,2.69,isocratic,10.6,0
api_powder,1,1.5,1.133,0.71,0.99999,100.22,1.39,2.57,isocratic,27.7,0
suspension,2,6.0,1.22,0.17,0.999696,99.65,0.83,1.12,gradient,11.1,1
api_powder,1,7.9,3.127,2.556,0.99999,101.09,0.83,2.16,gradient,4.8,1
api_powder,1,9.7,1.384,0.367,0.999981,99.57,1.26,2.29,isocratic,25.6,0
coated_tablet,1,3.2,1.74,1.06,0.998284,100.09,0.92,1.74,isocratic,9.6,0
suspension,2,4.2,1.065,0.655,0.998927,100.11,0.94,2.95,isocratic,21.1,0
cream,1,9.1,0.698,0.517,0.999858,99.97,1.25,1.49,gradient,29.9,1
suspension,1,5.4,0.84,0.386,0.999725,99.47,1.29,2.08,gradient,23.1,0
api_powder,1,7.5,2.45,1.238,0.999688,100.08,0.9,2.17,gradient,22.5,0
coated_tablet,0,4.3,1.53,0.401,1.0,100.54,1.27,2.53,isocratic,7.8,0
api_powder,2,8.9,1.275,1.078,0.99999,99.18,1.03,2.66,isocratic,9.1,0
api_powder,1,2.5,0.93,0.444,0.999174,100.12,0.82,2.58,isocratic,7.4,0
coated_tablet,2,9.6,0.851,0.549,0.99999,99.47,1.15,2.59,gradient,13.4,0
